search URL:,https://patents.google.com/?q=TI%253d%28autonomous+vehicle%29+OR+AB%253d%28autonomous+vehicle%29&before=publication:20111231&after=publication:20110101&type=PATENT&dups=language
id,title,assignee,inventor/author,priority date,filing/creation date,publication date,grant date,result link,representative figure link
US-7894951-B2,Systems and methods for switching between autonomous and manual operation of a vehicle ,"Deere & Company, Irobot Corporation","William Robert Norris, James Allard, Mikhail O. Filippov, Robert Dale Haun, Christopher David Glenn Turner, Seth Gilbertson, Andrew Julian Norby",2005-10-21,2006-10-20,2011-02-22,2011-02-22,https://patents.google.com/patent/US7894951B2/en,https://patentimages.storage.googleapis.com/51/b0/ce/57bc09043cd1bd/US07894951-20110222-D00000.png
US-8078349-B1,Transitioning a mixed-mode vehicle to autonomous mode ,Google Inc.,"Luis Ricardo Prada Gomez, Nathaniel Fairfield, Andy Szybalski, Philip Nemec, Christopher Urmson",2011-05-11,2011-05-11,2011-12-13,2011-12-13,https://patents.google.com/patent/US8078349B1/en,https://patentimages.storage.googleapis.com/7a/a2/e8/8d5602f5aaa4c9/US08078349-20111213-D00000.png
US-7979174-B2,Automatic planning and regulation of the speed of autonomous vehicles ,Honeywell International Inc.,"Kingsley O. C. Fregene, Michael R. Elgersma, Samar Dajani-Brown, Stephen G. Pratt",2007-09-28,2008-06-04,2011-07-12,2011-07-12,https://patents.google.com/patent/US7979174B2/en,https://patentimages.storage.googleapis.com/1c/f5/2c/1502292602d35a/US07979174-20110712-D00000.png
US-2011071718-A1,Systems and Methods for Switching Between Autonomous and Manual Operation of a Vehicle ,"William Robert Norris, James Allard, Filippov Mikhail O, Robert Dale Haun, Christopher David Glenn Turner, Seth Gilbertson, Andrew Julian Norby","William Robert Norris, James Allard, Mikhail O. Filippov, Robert Dale Haun, Christopher David Glenn Turner, Seth Gilbertson, Andrew Julian Norby",2005-10-21,2010-12-03,2011-03-24,,https://patents.google.com/patent/US20110071718A1/en,https://patentimages.storage.googleapis.com/f9/61/57/017ec92b5836c1/US20110071718A1-20110324-D00000.png
CN-101561680-B,Embedded guidance device of autonomous vehicle and intelligent composite guidance method thereof ,"南京航空航天大学, 江苏天奇物流系统工程股份有限公司","楼佩煌, 武星, 钱晓明, 喻俊, 张炯, 胡武茹, 肖海宁",2009-05-11,2009-05-11,2011-06-15,2011-06-15,https://patents.google.com/patent/CN101561680B/en,https://patentimages.storage.googleapis.com/e6/93/f1/2ebf78bbc4d764/H2009100265247E00011.png
KR-101096592-B1,Apparatus and method for improving autonomous driving performance of unmanned vehicles using obstacle grid map ,국방과학연구소,"이영일, 이호주, 주상현, 박용운, 고정호",2010-09-29,2010-09-29,2011-12-20,2011-12-20,https://patents.google.com/patent/KR101096592B1/en,https://patentimages.storage.googleapis.com/bc/2a/23/7c12443deb0a23/112010062937619-pat00001.png
US-2011010023-A1,Method and apparatus for managing and controlling manned and automated utility vehicles ,"Kunzig Robert S, Taylor Robert M, Emanuel David C, Maxwell Leonard J","Robert S. Kunzig, Robert M. Taylor, David C. Emanuel, Leonard J. Maxwell",2005-12-03,2010-09-02,2011-01-13,,https://patents.google.com/patent/US20110010023A1/en,https://patentimages.storage.googleapis.com/a9/95/32/d2a8c2e212a84d/US20110010023A1-20110113-D00000.png
US-2011106362-A1,Control for an autonomous conveyer vehicle and method for operating an autonomous conveyer vehicle ,Siemens Aktiengesellschaft,Christian Seitz,2008-06-27,2009-06-09,2011-05-05,,https://patents.google.com/patent/US20110106362A1/en,https://patentimages.storage.googleapis.com/83/45/da/7d8aa4be3e703a/US20110106362A1-20110505-D00000.png
US-2011004367-A1,Autonomous water-borne vehicle ,"J3S, Inc.","Jimmy Dale Saunders, Timothy Daniel Raymund, Jason Christopher Splawn, Scott William White, Debbie Lee Campbell, Cynthia Gaye Huyser, Petre Rusu, Mark Leo Brucks",2006-02-28,2010-09-10,2011-01-06,,https://patents.google.com/patent/US20110004367A1/en,https://patentimages.storage.googleapis.com/5c/25/5d/60b77f5427f60d/US20110004367A1-20110106-D00000.png
WO-2011142508-A1,"Steering control device of autonomous vehicle, autonomous vehicle having the same and steering control method of autonomous vehicle ",Agency For Defense Development,"Tok Son Choe, Yong Woon Park, Jeong Sook Chae",2010-05-11,2010-09-28,2011-11-17,,https://patents.google.com/patent/WO2011142508A1/en,https://patentimages.storage.googleapis.com/c8/78/cb/3afe1388a6422a/PCTKR2010006593-appb-D000001.png
US-2011309967-A1,Apparatus and the method for distinguishing ground and obstacles for autonomous mobile vehicle ,"Tok Son Choe, Jeong Sook Chae, Park Yong Woon, Jun Kim","Tok Son Choe, Jeong Sook Chae, Yong Woon PARK, Jun Kim",2009-03-03,2010-03-03,2011-12-22,,https://patents.google.com/patent/US20110309967A1/en,https://patentimages.storage.googleapis.com/42/0d/13/45132a187330af/US20110309967A1-20111222-D00000.png
KR-20110074629-A,Control and system of autonomous driving vehicles ,"그레이 앤 컴퍼니, 인크.","폴 제라드 트레파그니어, 조지 에밀리오 나겔, 매튜 테일러 두너, 마이클 토마스 데웬터, 네일 마이클 트라프트, 세르게이 드라쿠노브, 포웰 키네이, 아론 리",2008-10-24,2009-10-26,2011-06-30,,https://patents.google.com/patent/KR20110074629A/en,https://patentimages.storage.googleapis.com/86/00/c2/d32f15c6d44b7f/pct00085.png
EP-2338029-A1,Control and systems for autonomously driven vehicles ,"Gray & Company, Inc.","Paul Gerald Trepagnier, Jorge Emilio Nagel, Matthew Taylor Dooner, Michael Thomas Dewenter, Neil Michael Traft, Sergey Drakunov, Powell Kinney, Aaron Lee",2008-10-24,2009-10-26,2011-06-29,,https://patents.google.com/patent/EP2338029A1/en,
CN-102227612-A,Controls and systems for autonomous vehicles ,格瑞股份公司,"P·G·特帕格尼尔, J·E·纳格尔, M·T·杜内尔, M·T·德温特, N·M·特拉夫特, S·达拉库诺夫, P·金内, A·李",2008-10-24,2009-10-26,2011-10-26,,https://patents.google.com/patent/CN102227612A/en,https://patentimages.storage.googleapis.com/9e/cf/07/bc245c17cb2b32/HDA0000063833140000011.png
JP-2011108084-A,Autonomous vehicle and autonomous traveling method ,"Mitsubishi Heavy Ind Ltd, 三菱重工業株式会社","Masahito Takuhara, 雅人 宅原, Tetsuya Tomonaka, 哲也 塘中, Keiichi Kenmochi, 圭一 見持, Yuichi Sasano, 祐一 佐々野, Naoto Kawauchi, 直人 川内, Shigetoshi Shiotani, 成敏 塩谷, Takushi Sato, 拓志 佐藤, Yoshinori Okawa, 賢紀 大川",2009-11-19,2009-11-19,2011-06-02,,https://patents.google.com/patent/JP2011108084A/en,https://patentimages.storage.googleapis.com/18/c5/13/2d7049b75ac9ef/2011108084-3.png
JP-2011227716-A,Automated guided vehicle travel method and automated guided vehicle travel system ,"Toyota Industries Corp, 株式会社豊田自動織機","Tatsuya Watabe, 達也 渡部",2010-04-20,2010-04-20,2011-11-10,,https://patents.google.com/patent/JP2011227716A/en,https://patentimages.storage.googleapis.com/c0/56/d4/9f87e6c0a65d20/2011227716-3.png
KR-20110097091-A,Intersection collision avoidance device and auto collision avoidance method of autonomous vehicle ,주식회사 만도,나혁민,2010-02-24,2010-02-24,2011-08-31,,https://patents.google.com/patent/KR20110097091A/en,https://patentimages.storage.googleapis.com/c4/dc/5f/a87f5cd0f0022a/pat00001.png
WO-2011003487-A1,Method for correctly carrying out autonomous emergency braking in a road vehicle ,Wabco Gmbh,"Karsten Breuer, Thomas Dieckmann, Guido Hoffmann",2009-07-09,2010-05-03,2011-01-13,,https://patents.google.com/patent/WO2011003487A1/en,
DE-112009001106-T5,Method and apparatus for driver control of an autonomous vehicle with limited ability ,"GM Global Technology Operations, Inc., Detroit",Jeremy A. Southfield Salinger,2008-05-16,2009-05-08,2011-04-14,,https://patents.google.com/patent/DE112009001106T5/en,https://patentimages.storage.googleapis.com/85/a6/cb/f544a841c3da2f/00190000.png
KR-20110041948-A,Method and apparatus for autonomous driving of electric vehicle ,한국과학기술원,"조동호, 최유준, 이순종, 김진규",2009-10-16,2009-10-16,2011-04-22,,https://patents.google.com/patent/KR20110041948A/en,https://patentimages.storage.googleapis.com/3e/43/a3/72dcf1b4416eb2/112009063639516-PAT00002.png
DE-102009032314-A1,Method for the correct execution of autonomous emergency braking in a road vehicle ,Wabco Gmbh,"Karsten Breuer, Thomas Dieckmann, Guido Hoffmann",2009-07-09,2009-07-09,2011-01-13,,https://patents.google.com/patent/DE102009032314A1/en,https://patentimages.storage.googleapis.com/0c/3a/32/0341874dc91bb6/00090000.png
CN-102004031-A,Gear shift detection device and detection method for automated mechanical transmission for electric vehicle ,上海中科深江电动车辆有限公司,"许国强, 袁一卿, 伍国强",2010-10-12,2010-10-12,2011-04-06,,https://patents.google.com/patent/CN102004031A/en,https://patentimages.storage.googleapis.com/53/a5/60/513814e1b4f678/HDA0000027985390000011.png
WO-2011042160-A2,Method and device for automatically operating a vehicle in an autonomous driving mode requiring no user action ,Daimler Ag,"Michael Böhringer, Stefanie Dubiella, Stefan Jansen, Julie Lockhart, Erik Sengewald, Fabian Stiebert",2009-10-10,2010-10-05,2011-04-14,,https://patents.google.com/patent/WO2011042160A2/en,
CN-102039894-A,Autonomous parking strategy of the vehicle with rear steer ,通用汽车环球科技运作公司,"N·K·莫什楚克, S-K·陈",2009-10-14,2010-10-14,2011-05-04,,https://patents.google.com/patent/CN102039894A/en,https://patentimages.storage.googleapis.com/58/fa/ce/4b0c9e0eb109f3/HSA00000307220500011.png
JP-2011042444-A,Elevator device coping with automated guided vehicle and failure detecting method of the elevator device ,"Toshiba Elevator Co Ltd, 東芝エレベータ株式会社","Keiichi Yonaha, 慶一 與那覇",2009-08-20,2009-08-20,2011-03-03,,https://patents.google.com/patent/JP2011042444A/en,https://patentimages.storage.googleapis.com/47/bc/38/3b7793f26320b9/2011042444-3.png
DE-102009048954-A1,Method and apparatus for automatically operating a vehicle in autonomous driving requiring no user action ,Daimler Ag,"Stefanie Dipl.-Psych. Dubiella, Fabian Dipl.-Ing. Stiebert, Stefan Dipl.-Ing. Jansen, Michael Dipl.-Ing. Böhringer, Erik Sengewald, Julie Lockhart",2009-10-10,2009-10-10,2011-04-14,,https://patents.google.com/patent/DE102009048954A1/en,https://patentimages.storage.googleapis.com/e5/31/6a/a6307bdd717a84/00170000.png
JP-2011048448-A,Remote control system of semi-autonomous type vehicle ,"Ihi Aerospace Co Ltd, 株式会社Ｉｈｉエアロスペース, Ihi Corp, 株式会社Ｉｈｉ","Munehiko Maeda, 宗彦 前田, Hiroki Murakami, 弘記 村上, Hajime Sakano, 肇 坂野",2009-08-25,2009-08-25,2011-03-10,,https://patents.google.com/patent/JP2011048448A/en,https://patentimages.storage.googleapis.com/b7/48/86/968bbe424e2bc1/2011048448-3.png
WO-2011154681-A1,An autonomous vehicle ,Capoco Design Limited,Alan Thomas Ponsford,2010-06-07,2011-05-06,2011-12-15,,https://patents.google.com/patent/WO2011154681A1/en,
KR-20110058384-A,"Vehicle control apparatus and autonomous driving method thereof, local server apparatus and autonomous driving service method thereof, global server apparatus and autonomous driving service method thereof ",한국전자통신연구원,"안경환, 손승원, 박종현, 김주완, 조성익, 최정단, 김도현, 성경복, 김정숙, 장병태",2009-11-26,2009-11-26,2011-06-01,,https://patents.google.com/patent/KR20110058384A/en,https://patentimages.storage.googleapis.com/f9/f4/67/f9aecd840c4f74/112009072839260-PAT00001.png
WO-2011062481-A1,Autonomously movable agricultural vehicle ,Lely Patent N.V.,Jacco Noordam,2009-11-17,2010-11-03,2011-05-26,,https://patents.google.com/patent/WO2011062481A1/en,
WO-2011160006-A1,Method and apparatus for managing and controlling manned and automated utility vehicles ,"Sky-Trax, Inc.","Robert S. Kunzig, Robert M. Taylor, David C. Emanuel, Leonard J. Maxwell",2010-06-18,2011-06-17,2011-12-22,,https://patents.google.com/patent/WO2011160006A1/en,
CA-2774136-A1,Autonomously movable agricultural vehicle ,"Lely Patent N.V., Jacco Noordam",Jacco Noordam,2009-11-17,2010-11-03,2011-05-26,,https://patents.google.com/patent/CA2774136A1/en,
KR-20110124646-A,"Steering control device of autonomous mobile vehicle, steering control method of autonomous mobile vehicle and autonomous mobile vehicle having same ",국방과학연구소,"최덕선, 박용운, 채정숙",2010-05-11,2010-05-11,2011-11-17,,https://patents.google.com/patent/KR20110124646A/en,https://patentimages.storage.googleapis.com/09/b3/10/e50f1715c70f1b/pat00006.png
JP-2011043884-A,Remote control system for semi-autonomous unmanned vehicle ,"Ihi Aerospace Co Ltd, 株式会社Ｉｈｉエアロスペース, Ihi Corp, 株式会社Ｉｈｉ","Hiroki Murakami, 弘記 村上, Hajime Sakano, 肇 坂野, Munehiko Maeda, 宗彦 前田, Takao Kunihiro, 孝生 國弘",2009-08-19,2009-08-19,2011-03-03,,https://patents.google.com/patent/JP2011043884A/en,https://patentimages.storage.googleapis.com/0b/87/0a/9bd28193d4f599/2011043884-3.png
BR-PI0706894-A2,autonomous vehicle transport process via variable routes ,Jervis B Internat Company,Brian G Stewart,2006-02-01,2007-02-01,2011-04-12,,https://patents.google.com/patent/BRPI0706894A2/en,
EP-2338092-A1,Control for an autonomous conveyer vehicle and method for operating an autonomous conveyer vehicle ,Siemens Aktiengesellschaft,Christian Seitz,2008-06-27,2009-06-09,2011-06-29,,https://patents.google.com/patent/EP2338092A1/en,
CN-102077150-A,Control for an autonomous conveyer vehicle and method for operating an autonomous conveyer vehicle ,西门子公司,C.塞茨,2008-06-27,2009-06-09,2011-05-25,,https://patents.google.com/patent/CN102077150A/en,https://patentimages.storage.googleapis.com/86/1f/16/46d44a80bc04a3/101221112840.png
KR-20110094954-A,Vehicle autonomous driving system based on driving history information ,자동차부품연구원,"이혁기, 황윤형, 양인범, 연규봉, 정기윤, 신민경, 기상렬",2010-02-18,2010-02-18,2011-08-24,,https://patents.google.com/patent/KR20110094954A/en,https://patentimages.storage.googleapis.com/9a/9b/57/71d2e1f2692091/pat00005.png
JP-2011076559-A,Method and device for creating operation program of autonomous vehicle ,"Hitachi Industrial Equipment Systems Co Ltd, 株式会社日立産機システム","Junichi Hamano, 順一 浜野",2009-10-02,2009-10-02,2011-04-14,,https://patents.google.com/patent/JP2011076559A/en,https://patentimages.storage.googleapis.com/fc/9a/a0/a51a90ab010d36/2011076559-3.png
CN-102030178-A,Automated guided vehicle for replacing electric automobile card type battery pack ,云南昆船设计研究院,"李元勇, 郑和平, 杨锦鹏, 张玮, 董海英, 向晓知, 苏运春, 俞沛齐, 杨丽娜",2010-11-22,2010-11-22,2011-04-27,,https://patents.google.com/patent/CN102030178A/en,
DE-102010046322-A1,"Automated shift-gearbox e.g. double clutch gearbox, starting method for motor vehicle, involves assigning two priorities to each error entry such that one of priorities is aligned to parameters of starting of shift-gearbox ",Schaeffler Technologies Gmbh & Co. Kg,Werner Schmitt,2009-10-15,2010-09-23,2011-04-21,,https://patents.google.com/patent/DE102010046322A1/en,
WO-2011154680-A1,An autonomous vehicle with control means for optimising the operation of the vehicle ,Capoco Design Limited,Alan Thomas Ponsford,2010-06-07,2011-05-06,2011-12-15,,https://patents.google.com/patent/WO2011154680A1/en,
US-2011066340-A1,Method and device for securing lubrication of an automated manual transmission in a vehicle ,Volvo Lastvagnar Ab,"Johan Bjernetun, Anders Eriksson, Johnny Yngwe",2008-05-09,2008-05-09,2011-03-17,,https://patents.google.com/patent/US20110066340A1/en,https://patentimages.storage.googleapis.com/1d/c8/ef/94ae41dd1403dc/US20110066340A1-20110317-D00000.png
KR-20110108953-A,Traffic Control Method of Autonomous Driving Device using Path Tracking ,부산대학교 산학협력단,"김성신, 김정민, 박정제, 김수대, 도주철",2010-03-30,2010-03-30,2011-10-06,,https://patents.google.com/patent/KR20110108953A/en,https://patentimages.storage.googleapis.com/e8/0c/c4/2773c432e05e8b/pat00001.png
KR-101079192-B1,Method for Controlling Traffic of Autonomous Guided Vehicle Using Path Tracking ,부산대학교 산학협력단,"김성신, 김정민, 박정제, 김수대, 도주철",2010-03-30,2010-03-30,2011-11-03,2011-11-03,https://patents.google.com/patent/KR101079192B1/en,https://patentimages.storage.googleapis.com/f8/c2/2b/117caaf685579d/112010020232408-pat00001.png
KR-20110107508-A,Path tracking method of autonomous vehicle ,부산대학교 산학협력단,"김성신, 김정민, 정경훈, 우승범, 정은국",2010-03-25,2010-03-25,2011-10-04,,https://patents.google.com/patent/KR20110107508A/en,https://patentimages.storage.googleapis.com/4a/f7/62/acd84ca17ae086/pat00013.png
KR-101040219-B1,"Device for determining speed of autonomous mobile vehicle, method for determining autonomous mobile vehicle and traveling speed of autonomous mobile vehicle ",국방과학연구소,"주상현, 박용운, 이영일, 김종희, 이정한, 유완석",2011-01-31,2011-01-31,2011-06-16,2011-06-16,https://patents.google.com/patent/KR101040219B1/en,https://patentimages.storage.googleapis.com/89/f4/55/3378bb8f9304a2/112011007914085-pat00014.png
KR-101053922-B1,Autonomous Navigation System and Method for Marine Vehicles ,한국과학기술원,"명현, 이태환, 김건엽, 신익수, 방유석",2010-02-10,2010-02-10,2011-08-04,2011-08-04,https://patents.google.com/patent/KR101053922B1/en,https://patentimages.storage.googleapis.com/53/2c/fc/645313747f0a66/112010008980628-pat00001.png
KR-101061066-B1,Terrain sensor assembly and autonomous mobile vehicle ,국방과학연구소,"박용운, 김준, 최지훈, 김민규, 권정훈",2011-03-24,2011-03-24,2011-08-31,2011-08-31,https://patents.google.com/patent/KR101061066B1/en,https://patentimages.storage.googleapis.com/40/76/1f/521faabba602ec/112011021760653-pat00001.png
JP-2011118585-A,Automated guided vehicle ,"Nippon Sharyo Seizo Kaisha Ltd, 日本車輌製造株式会社, Toyota Industries Corp, 株式会社豊田自動織機","Mamoru Terada, 守 寺田, Tatsuya Mita, 達也 三田, Makoto Hayakawa, 誠 早川",2009-12-02,2009-12-02,2011-06-16,,https://patents.google.com/patent/JP2011118585A/en,https://patentimages.storage.googleapis.com/14/05/5a/e10f2fecd3bdb5/2011118585-3.png
KR-101079197-B1,Line tracking method for autonomous guided vehicle ,부산대학교 산학협력단,"김성신, 김정민, 정경훈, 우승범, 정은국",2010-03-25,2010-03-25,2011-11-03,2011-11-03,https://patents.google.com/patent/KR101079197B1/en,https://patentimages.storage.googleapis.com/bc/be/cc/4cd05acf9295bd/112010018916583-pat00013.png
JP-2011131694-A,Loading space support device and loading space support method in automated guided vehicle ,"Toyota Industries Corp, 株式会社豊田自動織機","Yasushi Saito, 靖史 齋藤",2009-12-24,2009-12-24,2011-07-07,,https://patents.google.com/patent/JP2011131694A/en,https://patentimages.storage.googleapis.com/1a/d9/d0/76d8043fa19ac8/2011131694-3.png
EP-2286116-A1,Method and device for securing lubrication of an automated manual transmission in a vehicle ,Volvo Lastvagnar AB,"Johan Bjernetun, Anders Eriksson, Johnny Yngwe",2008-05-09,2008-05-09,2011-02-23,,https://patents.google.com/patent/EP2286116A1/en,
AU-2011213807-A1,Systems and methods for switching between autonomous and manual operation of a vehicle ,"Deere & Company, Irobot Corporation","James Allard, Mikhail O. Filippov, Seth Gilbertson, Robert Dale Haun, Andrew Julian Norby, Christopher David Glenn Turner",2005-10-21,2011-08-19,2011-09-08,,https://patents.google.com/patent/AU2011213807A1/en,
KR-20110125865-A,Autonomous driving method and autonomous driving device of mobile robot ,조선대학교산학협력단,고낙용,2010-05-14,2010-05-14,2011-11-22,,https://patents.google.com/patent/KR20110125865A/en,https://patentimages.storage.googleapis.com/54/99/0b/9cf731fa0f340d/pat00001.png
KR-101041929-B1,"Speed determining apparatus of autonomous moving vehicle, autonomous moving vehicle having same and speed determining method of autonomous moving vehicle ",국방과학연구소,"허진욱, 이상훈, 강신천, 박용운, 이종석, 정성용",2010-12-30,2010-12-30,2011-06-16,2011-06-16,https://patents.google.com/patent/KR101041929B1/en,https://patentimages.storage.googleapis.com/44/90/98/cc73b7c20c9eeb/112010087825038-pat00044.png
RU-103555-U1,AUTOMATED PARKING COMPLEX AND DEVICE FOR MOVING CARS ,"Ольга Валентиновна Кругликова, Юлия Борисовна Минеева","Ольга Валентиновна Кругликова, Юлия Борисовна Минеева",2010-05-21,2010-05-21,2011-04-20,2011-04-20,https://patents.google.com/patent/RU103555U1/en,
WO-2011154679-A1,A cellular route system for autonomous vehicles ,Capoco Design Limited,Alan Thomas Ponsford,2010-06-07,2011-05-06,2011-12-15,,https://patents.google.com/patent/WO2011154679A1/en,
GR-1007382-B,Energetically self-supplied electric car of continuous and infinite autonomy ,Ιωαννης Γεωργιου Καραμπινης,Ιωαννης Γεωργιου Καραμπινης,2010-05-05,2010-05-05,2011-09-02,,https://patents.google.com/patent/GR1007382B/en,
RU-2010119096-A,METHOD FOR AUTOMATED VEHICLE PARKING AND SYSTEM FOR ITS IMPLEMENTATION ,"Артем Вадимович Касаткин (RU), Артем Вадимович Касаткин","Артем Вадимович Касаткин (RU), Артем Вадимович Касаткин, Артур Тариэлевич Ересько (RU), Артур Тариэлевич Ересько, Анна Вадимовна Касаткина (RU), Анна Вадимовна Касаткина, Игорь Александрович Лебединский (RU), Игорь Александрович Лебединский",2010-05-11,2010-05-11,2011-11-20,,https://patents.google.com/patent/RU2010119096A/en,
WO-2011059366-A1,Automated system for a level or multi-storey car park ,"КОРЧАГИН, Иван Павлович, ТИРСКИЙ, Андрей Григорьевич",Павел Владимирович КОРЧАГИН,2009-11-11,2010-11-08,2011-05-19,,https://patents.google.com/patent/WO2011059366A1/en,
US-7979173-B2,Autonomous vehicle travel control systems and methods ,"Intelligent Technologies International, Inc.",David S. Breed,1997-10-22,2008-03-17,2011-07-12,2011-07-12,https://patents.google.com/patent/US7979173B2/en,https://patentimages.storage.googleapis.com/22/c8/57/d75e9da8e24fa5/US07979173-20110712-D00000.png
US-7979172-B2,Autonomous vehicle travel control systems and methods ,"Intelligent Technologies International, Inc.",David S. Breed,1997-10-22,2008-03-17,2011-07-12,2011-07-12,https://patents.google.com/patent/US7979172B2/en,https://patentimages.storage.googleapis.com/0a/1b/bb/1977ebc7710e0f/US07979172-20110712-D00000.png
US-7991521-B2,Variable path automated guided vehicle ,Jervis B. Webb Company,Brian G. Stewart,2006-02-01,2007-01-31,2011-08-02,2011-08-02,https://patents.google.com/patent/US7991521B2/en,https://patentimages.storage.googleapis.com/0d/66/7c/4d1e9cf54e52b2/US07991521-20110802-D00000.png
US-7974460-B2,Method and system for three-dimensional obstacle mapping for navigation of autonomous vehicles ,Honeywell International Inc.,Michael R. Elgersma,2007-02-06,2007-02-06,2011-07-05,2011-07-05,https://patents.google.com/patent/US7974460B2/en,https://patentimages.storage.googleapis.com/d6/55/81/c9cef075a788f0/US07974460-20110705-D00000.png
DE-102010028452-A1,"Method for autonomous movement of passenger motor car over roadway, involves controlling actuators of car to control movement of vehicle for movement of car based on information of roadway ",Bayerische Motoren Werke Aktiengesellschaft,Matthias Maron,2010-04-30,2010-04-30,2011-11-03,,https://patents.google.com/patent/DE102010028452A1/en,https://patentimages.storage.googleapis.com/7e/32/f2/14622ab8c4fae6/00180000.png
US-2011241862-A1,Method and system for ensuring operation of limited-ability autonomous driving vehicles ,GM Global Technology Operations LLC,"Rami I. Debouk, Barbara J. Czerny, Joseph G. D'Ambrosio, Jeffrey Joyce, Massimo Osella, Vijaya Vittal Ramachandra",2010-03-30,2011-03-08,2011-10-06,,https://patents.google.com/patent/US20110241862A1/en,https://patentimages.storage.googleapis.com/3f/eb/f1/99dad8e0319c04/US20110241862A1-20111006-D00000.png
US-2011125405-A1,Autonomous vehicle railroad crossing warning system ,"Ansaldo Sts Usa, Inc.","James L. Blesener, Gordon M. Melby",2001-05-07,2010-07-22,2011-05-26,,https://patents.google.com/patent/US20110125405A1/en,https://patentimages.storage.googleapis.com/03/aa/f9/9251f051421ed1/US20110125405A1-20110526-D00000.png
US-2011184596-A1,Method for Platooning of Vehicles in an Automated Vehicle System ,Posco,Ingmar Andreasson,2008-05-26,2009-05-26,2011-07-28,,https://patents.google.com/patent/US20110184596A1/en,https://patentimages.storage.googleapis.com/2d/6c/57/6cff823d8fd015/US20110184596A1-20110728-D00000.png
CN-101353078-B,Automated shift control device and saddle type vehicle equipped with the same ,雅马哈发动机株式会社,竹内善彦,2007-07-24,2008-07-24,2011-09-28,2011-09-28,https://patents.google.com/patent/CN101353078B/en,https://patentimages.storage.googleapis.com/65/44/1c/b569f082b4d719/S2008101320798E00011.png
US-2011118927-A1,Systems and methods for controlling positions and orientations of autonomous vehicles ,"Flanders Electric, Ltd.",Jarrid Cima,2009-11-16,2009-11-16,2011-05-19,,https://patents.google.com/patent/US20110118927A1/en,https://patentimages.storage.googleapis.com/ed/50/2b/f008db2787f82c/US20110118927A1-20110519-D00000.png
US-2011087405-A1,Autonomous Parking Strategy of the Vehicle with Rear Steer ,"Gm Global Technology Operations, Inc.","Nikolai K. Moshchuk, Shih-Ken Chen",2009-10-14,2009-10-14,2011-04-14,,https://patents.google.com/patent/US20110087405A1/en,https://patentimages.storage.googleapis.com/45/71/9e/cd912ceaae9b1f/US20110087405A1-20110414-D00000.png
JP-3169439-U,Automated electric vehicle station ,▲ショウ▼▲ゲン▼科技股▲ふん▼有限公司,侑達 杜,2010-08-16,2011-05-19,2011-07-29,2011-07-29,https://patents.google.com/patent/JP3169439U/en,https://patentimages.storage.googleapis.com/0a/b7/47/344b471879c98c/0003169439-3.png
CN-102295064-A,Unlocking-type ballast device for autonomous underwater vehicle ,"中海油田服务股份有限公司, 天津大学","王树新, 吴秋云, 王延辉, 刘海志, 孙秀军",2011-06-10,2011-06-10,2011-12-28,,https://patents.google.com/patent/CN102295064A/en,https://patentimages.storage.googleapis.com/ba/99/0f/d9b25626c0f611/HDA0000067355590000011.png
DE-102011015130-A1,METHOD AND SYSTEM FOR ENSURING OPERATION OF VEHICLES WITH AUTONOMOUS DRIVING WITH RESTRICTED ABILITIES ,"Gm Global Technology Operations, Inc.",wird später genannt werden Erfinder,2010-03-30,2011-03-25,2011-12-22,,https://patents.google.com/patent/DE102011015130A1/en,https://patentimages.storage.googleapis.com/fc/64/7b/70b8df506862f8/00600000.png
CN-102233877-A,Method and system for ensuring operation of limited-ability autonomous driving vehicles ,通用汽车环球科技运作有限责任公司,"R·I·德布克, B·J·切尔尼, J·G·德安布罗西奥, J·乔伊斯, M·奥塞拉, V·V·拉马钱德拉",2010-03-30,2011-03-30,2011-11-09,,https://patents.google.com/patent/CN102233877A/en,https://patentimages.storage.googleapis.com/e8/a3/bf/48241e7ff3a2fa/HSA00000493385200011.png
CN-102027458-A,Method and apparatus for driver control of a limited-ability autonomous vehicle ,通用汽车环球科技运作公司,J·A·萨林格尔,2008-05-16,2009-05-08,2011-04-20,,https://patents.google.com/patent/CN102027458A/en,https://patentimages.storage.googleapis.com/e9/28/e4/1dcb739cf937a0/HPA00001256060500011.png
FR-2952337-A1,METHOD FOR ESTIMATING THE AUTONOMY OF A MOTOR VEHICLE ,Porsche Ag,"Ebeling Joerg Meyer, Martin Roth",2009-11-11,2010-09-09,2011-05-13,,https://patents.google.com/patent/FR2952337A1/en,
BR-PI0616777-A2,Automated Automobile Vehicle Gearbox and Process for Exchanging Control of an Automated Automobile Vehicle Gearbox ,Zahnradfabrik Friedrichshafen,Karl-Fritz Heinzelmann,2005-09-30,2006-08-21,2011-06-28,,https://patents.google.com/patent/BRPI0616777A2/en,
WO-2011059914-A1,Systems and methods for controlling positions and orientations of autonomous vehicles ,"Flanders Electric, Ltd.",Jarrid Cima,2009-11-16,2010-11-08,2011-05-19,,https://patents.google.com/patent/WO2011059914A1/en,
BR-PI0617736-A2,Automated Automobile Vehicle Gearbox and Process for Exchanging Control of an Automated Automobile Vehicle Gearbox ,Zahnradfabrik Friedrichshafen,Karl-Fritz Heinzelmann,2005-10-19,2006-09-26,2011-08-02,,https://patents.google.com/patent/BRPI0617736A2/en,
DE-102011010205-A1,"Device for cleaning inner space of motor vehicle i.e. car, has locomotion element e.g. autonomous movable robot, through which device is autonomously moved to predetermined area which is to-be-cleaned at inner space of vehicle ",Daimler Ag,Dipl.-Des. Siegel Thomas,2011-02-03,2011-02-03,2011-10-06,,https://patents.google.com/patent/DE102011010205A1/en,https://patentimages.storage.googleapis.com/d0/14/7b/4e323a3986c3d6/00070000.png
DE-102010047958-A1,Strategy for autonomous parking in a vehicle with rear-wheel steering ,"GM Global Technology Operations LLC, ( n. d. Ges. d. Staates Delaware ), Mich.","Nikolai K. Mich. Moshchuk, Shih-Ken Mich. Chen",2009-10-14,2010-10-08,2011-08-04,,https://patents.google.com/patent/DE102010047958A1/en,https://patentimages.storage.googleapis.com/66/36/0d/d0cedad126b7f7/00180000.png
JP-2011169043-A,Automated warehouse for automobile and adapter for noncontact charging ,"Toyota Industries Corp, 株式会社豊田自動織機","Sunao Kondo, 直 近藤, Ikumitsu Obara, 生光 小原",2010-02-19,2010-02-19,2011-09-01,,https://patents.google.com/patent/JP2011169043A/en,https://patentimages.storage.googleapis.com/11/5b/29/bf8843fd18d4ab/2011169043-3.png
CN-102050119-A,Method for achieving automatic transmission (AT) low-speed mode on vehicle equipped with automated manual transmission ,"上海通用汽车有限公司, 泛亚汽车技术中心有限公司","吴铭淞, 谢宏伟, 康华平, 陈俊, 江贤军, 江卓, 肖毅, A·柯米, D·柯兰多, 李森",2009-10-29,2009-10-29,2011-05-11,,https://patents.google.com/patent/CN102050119A/en,https://patentimages.storage.googleapis.com/45/91/10/07045d9f3ea8be/H2009101978947E00011.png
JP-2011240781-A,Automated guided vehicle and truck conveyance method ,"Yaskawa Electric Corp, 株式会社安川電機","Makoto Umeno, 真 梅野, Masaru Kono, 大 河野",2010-05-17,2010-05-17,2011-12-01,,https://patents.google.com/patent/JP2011240781A/en,https://patentimages.storage.googleapis.com/30/34/7d/0db76dc06baeb9/2011240781-3.png
SG-173002-A1,Automated storage system and transport vehicle ,Boomerang Systems Inc,"Stanley J Checketts, Stott Barwick, Merin Swasey",2009-01-17,2010-01-15,2011-08-29,,https://patents.google.com/patent/SG173002A1/en,
US-2011155533-A1,Hydraulic system with a regulating circuit for controlling a motor vehicle transmission with automated actuation of clutches ,Luk Lamellen Und Kupplungsbau Beteiligungs Kg,"Holger Muller, Mario Schaufler",2007-12-06,2008-12-06,2011-06-30,,https://patents.google.com/patent/US20110155533A1/en,https://patentimages.storage.googleapis.com/31/3d/c2/f31e48ff10111b/US20110155533A1-20110630-D00000.png
EP-2387539-A2,Automated storage system and transport vehicle ,Boomerang Systems. Inc.,"Stanley J. Checketts, Stott Barwick, Merin Swasey",2009-01-17,2010-01-15,2011-11-23,,https://patents.google.com/patent/EP2387539A2/en,
DE-102009041587-A1,A driver assistance device for a motor vehicle and method for assisting a driver in monitoring an autonomous parking operation of a motor vehicle ,Valeo Schalter Und Sensoren Gmbh,Joachim Mathes,2009-09-15,2009-09-15,2011-03-17,,https://patents.google.com/patent/DE102009041587A1/en,https://patentimages.storage.googleapis.com/20/4b/ba/fbbc4af2e3f6d7/00220000.png
EP-2285639-A2,Method for platooning of vehicles in an automated vehicle system ,Posco,Ingmar Andreasson,2008-05-26,2009-05-26,2011-02-23,,https://patents.google.com/patent/EP2285639A2/en,
DE-102009060391-A1,"Method for identifying controlling responsibility for automated driving process of driver assistance system, involves distributing controlling responsibility as function of driving conditions between driver and driver assistance system ","Volkswagen AG, 38440","Christoph Dr. 38102 Wäller, Sangwoo 38120 Lee",2009-12-22,2009-12-22,2011-06-30,,https://patents.google.com/patent/DE102009060391A1/en,https://patentimages.storage.googleapis.com/f2/55/3f/6e088b2a791046/00100000.png
CN-101939203-A,Be used to measure the device of the displacement of automated guided vehicle ,西门子运输系统有限公司,"A·梅尔, S·埃尔法西",2007-12-10,2007-12-10,2011-01-05,,https://patents.google.com/patent/CN101939203A/en,https://patentimages.storage.googleapis.com/27/20/85/27a05c5cbc2af4/HPA00001194783000011.png
BR-PI0615299-A2,a method for adapting an automated transmission of a heavy vehicle to a speed sensitive point ,Volvo Lastvagnar Ab,"Anders Eriksson, Peter Templin, Lars Karlsson, Erika Jakobsson, Sixten Berglund",2005-09-08,2006-09-08,2011-05-17,,https://patents.google.com/patent/BRPI0615299A2/en,
CN-102183958-A,Autonomous guiding vehicle and control method thereof ,中国民航大学,"高庆吉, 胡丹丹, 罗其俊, 宇翠丽, 杨鑫",2011-04-12,2011-04-12,2011-09-14,,https://patents.google.com/patent/CN102183958A/en,https://patentimages.storage.googleapis.com/b3/b7/ac/d718e8cedf382b/HDA0000054820260000011.png
JP-2011145975-A,Automated guided vehicle ,"Nippon Sharyo Seizo Kaisha Ltd, 日本車輌製造株式会社, Toyota Industries Corp, 株式会社豊田自動織機","Tatsuya Kato, 龍也 加藤, Tatsuya Mita, 達也 三田, Makoto Hayakawa, 誠 早川",2010-01-18,2010-01-18,2011-07-28,,https://patents.google.com/patent/JP2011145975A/en,https://patentimages.storage.googleapis.com/0a/79/d3/f3be1cf5458297/2011145975-3.png
JP-2011168218-A,Tire for automated guideway transit vehicle ,"Bridgestone Corp, 株式会社ブリヂストン","Norihiro Shimada, 紀寛 島田",2010-02-19,2010-02-19,2011-09-01,,https://patents.google.com/patent/JP2011168218A/en,https://patentimages.storage.googleapis.com/3f/96/b3/e3fd59d7c2f14e/2011168218-4.png
JP-2011048565-A,Remote control system for half-autonomous type unmanned vehicle ,"Ihi Aerospace Co Ltd, 株式会社Ｉｈｉエアロスペース, Ihi Corp, 株式会社Ｉｈｉ","Hiroki Murakami, 弘記 村上, Hajime Sakano, 肇 坂野, Munehiko Maeda, 宗彦 前田, Takao Kunihiro, 孝生 國弘",2009-08-26,2009-08-26,2011-03-10,,https://patents.google.com/patent/JP2011048565A/en,https://patentimages.storage.googleapis.com/cf/fe/b0/cacd05c731a384/2011048565-3.png
RU-110354-U1,COMPLEX OF AUTOMATED ACCOUNTING OF CARS ,"Закрытое акционерное общество ""Фирма ""ТВЕМА""","Максим Владимирович Тарабрин, Владимир Федорович Тарабрин, Евгений Владимирович Юрченко",2011-05-30,2011-05-30,2011-11-20,2011-11-20,https://patents.google.com/patent/RU110354U1/en,
KR-101056285-B1,Method and system for setting autonomous correction and lane departure warning point of vehicle camera ,(주)베라시스,신성효,2010-11-01,2010-11-01,2011-08-11,2011-08-11,https://patents.google.com/patent/KR101056285B1/en,https://patentimages.storage.googleapis.com/82/63/e9/acccb7546109ce/112010071096389-pat00001.png
JP-2011218996-A,Automated guided vehicle ,"Toyota Industries Corp, 株式会社豊田自動織機","Hisashi Suzuki, 尚志 鈴木",2010-04-12,2010-04-12,2011-11-04,,https://patents.google.com/patent/JP2011218996A/en,https://patentimages.storage.googleapis.com/3d/7d/ae/b6156f672a55ed/2011218996-3.png
KR-101041930-B1,"Obstacle map generation device of autonomous mobile vehicle, autonomous mobile vehicle having same and obstacle map generation method of autonomous mobile vehicle ",국방과학연구소,"심성대, 김준, 이영일, 박형욱, 이용우",2010-12-30,2010-12-30,2011-06-16,2011-06-16,https://patents.google.com/patent/KR101041930B1/en,https://patentimages.storage.googleapis.com/c5/d0/06/a841429ff07b63/112010087826286-pat00011.png
BR-PI0700656-A2,"standalone, removable, multifunctional, and multi-application bundled for assisted autonomous airborne or radio controlled unmanned aerial vehicles ",Marco Antonio De Queiroz Vianna,Marco Antonio De Queiroz Vianna,2007-03-08,2007-03-08,2011-06-14,,https://patents.google.com/patent/BRPI0700656A2/en,
FR-2911885-B1,VEHICLE COMPRISING AUTONOMOUS RETENTION DEVICE FOR THE PUBLIC AND AUTONOMOUS RETENTION DEVICE FOR THE PUBLIC AND ASSOCIATED METHOD. ,Etat Francais Represente Par Le Delegue General Pour Larmement,Jean Bernard Renou,2007-01-29,2007-01-29,2011-06-03,2011-06-03,https://patents.google.com/patent/FR2911885B1/en,
US-7991505-B2,Materials-handling system using autonomous transfer and transport vehicles ,"Casepick Systems, Llc","John G. Lert, Jr., Foster D. Hinshaw",2003-08-29,2007-12-14,2011-08-02,2011-08-02,https://patents.google.com/patent/US7991505B2/en,https://patentimages.storage.googleapis.com/ef/c2/66/9070aa65f8ad5a/US07991505-20110802-D00000.png
US-7970507-B2,Method and system for autonomous tracking of a mobile target by an unmanned aerial vehicle ,Honeywell International Inc.,"Kingsley O C Fregene, Peter Lommel",2008-01-23,2008-01-23,2011-06-28,2011-06-28,https://patents.google.com/patent/US7970507B2/en,https://patentimages.storage.googleapis.com/26/86/31/4a3cc00fb0780d/US07970507-20110628-D00000.png
US-7945105-B1,Automated target shape detection for vehicle muon tomography ,Decision Sciences International Corporation,Holger M. Jaenisch,2008-04-07,2008-04-07,2011-05-17,2011-05-17,https://patents.google.com/patent/US7945105B1/en,https://patentimages.storage.googleapis.com/7d/1c/ff/1c1f37a5c6dfaf/US07945105-20110517-D00000.png
AU-2006306523-B2,Systems and methods for switching between autonomous and manual operation of a vehicle ,"Deere & Company, Irobot Corporation","James Allard, Mikhail O. Filippov, Seth Gilbertson, Robert Dale Haun, Andrew Julian Norby, William Robert Norris, Christopher David Glenn Turner",2005-10-21,2006-10-20,2011-05-19,2011-05-19,https://patents.google.com/patent/AU2006306523B2/en,
US-8050863-B2,Navigation and control system for autonomous vehicles ,"Gray & Company, Inc.","Paul Gerard Trepagnier, Jorge Emilio Nagel, Powell McVay Kinney, Matthew Taylor Dooner, Bruce Mackie Wilson, Carl Reimers Schneider, Jr., Keith Brian Goeller",2006-03-16,2006-03-16,2011-11-01,2011-11-01,https://patents.google.com/patent/US8050863B2/en,https://patentimages.storage.googleapis.com/68/4b/48/624a059b19c8fa/US08050863-20111101-D00000.png
US-7894962-B2,Automated control of boom and attachment for work vehicle ,Deere & Company,"Mark Peter Sahlin, Jason Meredith, Jerry Anthony Samuelson, David August Johnson, Eric Richard Anderson",2007-02-21,2007-07-26,2011-02-22,2011-02-22,https://patents.google.com/patent/US7894962B2/en,https://patentimages.storage.googleapis.com/ce/79/7b/2fbe7d1840f4f1/US07894962-20110222-D00000.png
US-7986126-B1,Automated system for determining whether vehicle charge station is publicly accessible ,"Toyota Motor Sales, U.S.A., Inc.","Jonathan P. Bucci, James T. Pisz, Brian H. INOUYE",2010-10-01,2011-02-18,2011-07-26,2011-07-26,https://patents.google.com/patent/US7986126B1/en,https://patentimages.storage.googleapis.com/7d/19/48/5aea0d70ef2737/US07986126-20110726-D00000.png
US-7931431-B2,Automated material handling system with load transfer vehicles ,"Bec Companies, Inc.","Charles E. Benedict, Brian G. Pfeifer, Christian A. Yates, Scott K. Bladen, James R. Dobbs",2003-05-06,2006-09-05,2011-04-26,2011-04-26,https://patents.google.com/patent/US7931431B2/en,https://patentimages.storage.googleapis.com/1b/ac/53/1ba5cf87ee950e/US07931431-20110426-D00000.png
EP-2032406-B1,Method and apparatus for using an automated lane keeping system to maintain lateral vehicle spacing ,Volvo Technology Corporation,"Agneta SJÖGREN, Achim Beutner",2006-06-11,2007-06-11,2011-08-10,2011-08-10,https://patents.google.com/patent/EP2032406B1/en,https://patentimages.storage.googleapis.com/2d/c7/42/53aaea2be29505/imgf0001.png
CA-2659111-C,Autonomous vehicle rapid development testbed systems and methods ,"The Boeing Company, Massachusetts Institute Of Technology, John L. Vian, Mario J. Valenti, Ronald C. Provine, James J. Troy, Paul Murray, Charles A. Erignac, Gregory J. Clark, Paul E. Pigg, Ali R. Mansouri, Khaled Abdel-Motagaly, Stefan R. Bieniawski, Emad W. Saad, Jonathan B. How, Brett M. Bethke","John L. Vian, Mario J. Valenti, Ronald C. Provine, James J. Troy, Paul Murray, Charles A. Erignac, Gregory J. Clark, Paul E. Pigg, Ali R. Mansouri, Khaled Abdel-Motagaly, Stefan R. Bieniawski, Emad W. Saad, Jonathan B. How, Brett M. Bethke",2006-07-24,2007-05-08,2011-07-12,2011-07-12,https://patents.google.com/patent/CA2659111C/en,
AU-2006306522-B9,Networked multi-role robotic vehicle ,"Deere & Company, Irobot Corporation","James Allard, William Robert Norris, Jeffery S. Puhalla, Kathleen A. Wienhold",2005-10-21,2006-10-20,2011-12-08,2011-12-08,https://patents.google.com/patent/AU2006306522B9/en,
KR-101063302-B1,Autonomous driving control device and method of unmanned vehicle ,국방과학연구소,"이영일, 이호주, 주상현, 박용운, 고정호, 윤승재",2010-10-05,2010-10-05,2011-09-07,2011-09-07,https://patents.google.com/patent/KR101063302B1/en,https://patentimages.storage.googleapis.com/69/9f/14/d7df98e2381a57/112010064379217-pat00001.png
KR-101018135-B1,Space scan device of autonomous vehicle ,삼성전기주식회사,"이백규, 박길한, 김홍기",2008-08-04,2008-08-04,2011-02-25,2011-02-25,https://patents.google.com/patent/KR101018135B1/en,https://patentimages.storage.googleapis.com/7a/fe/a0/b89751f79cb473/112008056033885-pat00001.png
US-7931560-B2,Method and arrangement for adapting shifting strategies in a heavy vehicle including an automated transmission and experiencing a PTO load ,Volvo Lastvagnar Ab,"Svante Karlsson, Erik Lauri",2005-09-08,2006-09-08,2011-04-26,2011-04-26,https://patents.google.com/patent/US7931560B2/en,https://patentimages.storage.googleapis.com/94/98/45/3a983735d20c9b/US07931560-20110426-D00000.png
US-8027773-B2,Methods and systems for automated control of vehicle braking ,"Toyota Motor Engineering & Manufacturing North America, Inc.",Samuel S. Ahn,2007-08-10,2007-08-10,2011-09-27,2011-09-27,https://patents.google.com/patent/US8027773B2/en,https://patentimages.storage.googleapis.com/8f/d4/53/fd8564b1c17a22/US08027773-20110927-D00000.png
KR-101046040-B1,Space scan device of autonomous vehicle ,삼성전기주식회사,"노정은, 신동익, 이백규, 김홍기",2008-09-23,2008-09-23,2011-07-01,2011-07-01,https://patents.google.com/patent/KR101046040B1/en,https://patentimages.storage.googleapis.com/71/52/17/bfaaf874dfaa4e/112008066901903-pat00001.png
EP-2064944-B1,Unmanned autonomous vehicle for displacing feed ,Lely Patent N.V.,Karel Van Den Berg,2007-11-29,2008-11-10,2011-02-23,2011-02-23,https://patents.google.com/patent/EP2064944B1/en,https://patentimages.storage.googleapis.com/3a/7f/60/3e099bdf1cee21/imgf0001.png
DE-102007040904-B4,Method for controlling the neutral position in an automatic or automated transmission of a motor vehicle ,"ZF Friedrichshafen AG, 88046","Klaus 88079 Steinhauser, Frank 88085 Worms, Bernd 88212 Zänglein, Walter 88214 Hecht, Stéphane Dr. 88079 Klein",2007-08-30,2007-08-30,2011-06-22,2011-06-22,https://patents.google.com/patent/DE102007040904B4/en,
EP-2181278-B1,"Method for actuating the neutral position in an automatic or automated transmission of a motor vehicle, and corresponding motor vehicle ",ZF Friedrichshafen AG,"Klaus Steinhauser, Frank Worms, Bernd Zänglein, Walter Hecht, Stéphane KLEIN",2007-08-30,2008-07-28,2011-03-16,2011-03-16,https://patents.google.com/patent/EP2181278B1/en,
CN-101651992-B,Data chain networking method used for autonomous formation of unmanned aerial vehicle ,北京航空航天大学,"吴森堂, 刘星, 穆晓敏, 彭琛, 孙健, 杜阳, 冀湘予, 张有光, 唐积强",2009-09-18,2009-09-18,2011-01-05,2011-01-05,https://patents.google.com/patent/CN101651992B/en,https://patentimages.storage.googleapis.com/cf/cf/94/a16d476cca531c/H2009100925815E00011.png
US-2011216945-A1,Automated target shape detection for vehicle muon tomography ,Jaenisch Holger M,Holger M. Jaenisch,2007-04-05,2011-05-16,2011-09-08,,https://patents.google.com/patent/US20110216945A1/en,https://patentimages.storage.googleapis.com/c5/48/b3/6153cde7d3de74/US20110216945A1-20110908-D00000.png
US-2011218670-A1,"Method and apparatus for sensing object load engagement, transportation and disengagement by automated vehicles ",INRO Technologies Limited,"Jamie Bell, Kashyap Chandrasekar, Andrew Evan Graham, David Charles Howse",2010-03-05,2010-03-05,2011-09-08,,https://patents.google.com/patent/US20110218670A1/en,https://patentimages.storage.googleapis.com/be/34/77/644eca662ccff1/US20110218670A1-20110908-D00000.png
US-2011066515-A1,Automated electric plug-in station for charging electric and hybrid vehicles ,"Horvath Ronald F, Jensen Barbara L, Elsmo Nancy T, Rusk Helen A, Andrewski Douglas L","Ronald F. Horvath, Barbara L. Jensen, Nancy T. Elsmo, Helen A. Rusk, Douglas L. Andrewski",2009-09-16,2009-09-16,2011-03-17,,https://patents.google.com/patent/US20110066515A1/en,https://patentimages.storage.googleapis.com/14/0b/cc/fc8be33b36bc0d/US20110066515A1-20110317-D00000.png
WO-2011046403-A2,Autonomous driving apparatus and method of on-line electric vehicle ,Korea Advanced Institute Of Science And Technology,"Dongho Cho, Youjun Choi, Sunjong Lee, Jin Kyu Kim",2009-10-16,2010-10-15,2011-04-21,,https://patents.google.com/patent/WO2011046403A2/en,https://patentimages.storage.googleapis.com/ff/a0/4b/c4967ea4332c92/PCTKR2010007106-appb-D000001.png
US-2011125350-A1,Method and System for Merge Control in an Automated Vehicle System ,Posco,"Jin Myung Won, Ingmar Andreasson",2008-05-26,2009-05-26,2011-05-26,,https://patents.google.com/patent/US20110125350A1/en,https://patentimages.storage.googleapis.com/1c/17/5b/a847ddde0cedd4/US20110125350A1-20110526-D00000.png
US-8046313-B2,Ergonomic man-machine interface incorporating adaptive pattern recognition based control system ,"Hoffberg Steven M, Linda Irene Hoffberg-Borghesani","Steven M. Hoffberg, Linda Irene Hoffberg-Borghesani",1991-12-23,2006-11-13,2011-10-25,2011-10-25,https://patents.google.com/patent/US8046313B2/en,https://patentimages.storage.googleapis.com/1d/d9/54/e00128a34a2249/US08046313-20111025-D00000.png
US-7979175-B2,Systems and methods for control of an unmanned ground vehicle ,Irobot Corporation,"James Allard, David S. Barrett, Misha Filippov, Robert Todd Pack, Selma Svendsen",2004-10-22,2009-01-21,2011-07-12,2011-07-12,https://patents.google.com/patent/US7979175B2/en,https://patentimages.storage.googleapis.com/55/ff/0e/4592d885d81a1f/US07979175-20110712-D00000.png
US-7972102-B2,Automated marine container terminal and system ,Marine Terminals Corporation,"Thomas A. Ward, Kai Stuart Martin",2008-07-24,2008-07-24,2011-07-05,2011-07-05,https://patents.google.com/patent/US7972102B2/en,https://patentimages.storage.googleapis.com/59/7c/a4/65ce510a6c442f/US07972102-20110705-D00000.png
US-8068949-B2,Vehicle control system including related methods and components ,"L-3 Unmanned Systems, Inc.","David S. Duggan, David A. Felio, Billy B. Pate, Vince R. Longhi, Jerry L. Petersen, Mark J. Bergee",2003-06-20,2010-02-25,2011-11-29,2011-11-29,https://patents.google.com/patent/US8068949B2/en,https://patentimages.storage.googleapis.com/8e/62/53/e1fb00dbe4caa8/US08068949-20111129-D00000.png
US-2011254504-A1,Automated electric vehicle charging system and method ,"Haddad Joseph C, Lysak Daniel B","Joseph C. Haddad, Daniel B. Lysak",2010-04-19,2011-04-19,2011-10-20,,https://patents.google.com/patent/US20110254504A1/en,https://patentimages.storage.googleapis.com/97/6e/17/50b9d47affdd7c/US20110254504A1-20111020-D00000.png
US-2011106339-A1,Autonomous Behaviors for a Remote Vehicle ,"Emilie Phillips, Aaron Powers, Andrew Shein, Jamieson Josef P, Tyson Sawyer","Emilie Phillips, Aaron Powers, Andrew Shein, Josef P. Jamieson, Tyson Sawyer",2006-07-14,2010-11-01,2011-05-05,,https://patents.google.com/patent/US20110106339A1/en,https://patentimages.storage.googleapis.com/e1/34/5d/3d68e497a3ae03/US20110106339A1-20110505-D00000.png
US-2011084162-A1,Autonomous Payload Parsing Management System and Structure for an Unmanned Aerial Vehicle ,Honeywell International Inc.,"Emray Goossen, Katherine Goossen",2009-10-09,2009-10-09,2011-04-14,,https://patents.google.com/patent/US20110084162A1/en,https://patentimages.storage.googleapis.com/bb/7f/90/c9b3e3bc63a570/US20110084162A1-20110414-D00000.png
US-2011191186-A1,Method of autonomously recommending charging event of electric vehicle based on multiple factors and displaying carbon footprint data and personalized advertising via the vehicle display ,"Levy Paul S, Edward Butler, Thomas John C","Paul S. Levy, Edward Butler, John C. Thomas",2010-02-03,2010-02-03,2011-08-04,,https://patents.google.com/patent/US20110191186A1/en,https://patentimages.storage.googleapis.com/bc/7b/47/5f5d5dd296ae26/US20110191186A1-20110804-D00000.png
US-2011140658-A1,Automated Parking Garage with Electric Vehicle Charging ,"Liberty Plugins, Inc.","Chris Outwater, William Gibbens Redmann",2009-12-15,2010-12-14,2011-06-16,,https://patents.google.com/patent/US20110140658A1/en,https://patentimages.storage.googleapis.com/23/39/c7/a2883c153dc0e6/US20110140658A1-20110616-D00000.png
US-2011297070-A1,Propulsion System for an Autonomous Underwater Vehicle ,"Riggs Neil P, Ralf Bachmayer, Williams Christopher D","Neil P. Riggs, Ralf Bachmayer, Christopher D. Williams",2008-11-04,2011-05-03,2011-12-08,,https://patents.google.com/patent/US20110297070A1/en,https://patentimages.storage.googleapis.com/89/14/ab/7e75f2398ff8f6/US20110297070A1-20111208-D00000.png
US-7934469-B2,Installation for supplying liquid feed to an animal and an autonomously displaceable vehicle for use in such an installation ,Maasland N.V.,Karel Van den Berg,2005-12-07,2008-06-09,2011-05-03,2011-05-03,https://patents.google.com/patent/US7934469B2/en,https://patentimages.storage.googleapis.com/b7/27/3a/100bac49f47149/US07934469-20110503-D00000.png
US-8082074-B2,Vehicle control system including related methods and components ,L-3 Unmanned Systems Inc.,"David S. Duggan, David A. Felio, Billy B. Pate, Vince R. Longhi, Jerry L. Petersen, Mark J. Bergee",2003-06-20,2010-02-25,2011-12-20,2011-12-20,https://patents.google.com/patent/US8082074B2/en,https://patentimages.storage.googleapis.com/ad/55/da/06ab11f9359451/US08082074-20111220-D00000.png
ES-2355540-T3,PROCEDURE FOR CHANGING THE RUN FOR AN AUTOMATED MANUAL TRANSMISSION AND AUTOMATED TRANSMISSION UNIT FOR VEHICLE. ,Yamaha Hatsudoki Kabushiki Kaisha,"Kengo Minami, Yoshihiko Takeuchi",2006-02-24,2006-12-13,2011-03-28,2011-03-28,https://patents.google.com/patent/ES2355540T3/en,
US-2011259147-A1,Automated multi-group transmission of a motor vehicle and method for operating an automated multi-group transmission ,Hoffmann Rayk,Rayk HOFFMANN,2008-12-10,2009-10-15,2011-10-27,,https://patents.google.com/patent/US20110259147A1/en,https://patentimages.storage.googleapis.com/79/88/5f/aae412f44ef31f/US20110259147A1-20111027-D00000.png
KR-101086384-B1,Winch and autonomous mobile device including the same ,삼성중공업 주식회사,"김상휘, 조승호, 김현구, 박영준, 조기수",2009-04-06,2009-04-06,2011-11-23,2011-11-23,https://patents.google.com/patent/KR101086384B1/en,https://patentimages.storage.googleapis.com/a2/36/e6/8541a33a657000/112009020702790-pat00001.png
WO-2011022528-A3,Fail operational steering system for autonomous driving ,Kelsey-Hayes Company,Joseph D. Miller,2009-08-19,2010-08-19,2011-06-23,,https://patents.google.com/patent/WO2011022528A3/en,
US-7926438-B2,Subsea operations support system ,Schlumberger Technology Corporation,"Julio C. Guerrero, Pascal Panetta, Hitoshi Tashiro",2007-11-05,2007-11-05,2011-04-19,2011-04-19,https://patents.google.com/patent/US7926438B2/en,https://patentimages.storage.googleapis.com/fd/c8/d2/9b41ededc43724/US07926438-20110419-D00000.png
US-8082009-B2,Combined rear view mirror and telephone ,Akihabara Limited Llc,"Ronald Baratono, Mossad Abbas",2000-03-22,2007-10-31,2011-12-20,2011-12-20,https://patents.google.com/patent/US8082009B2/en,https://patentimages.storage.googleapis.com/14/92/06/9bb2cfff3a433c/US08082009-20111220-D00000.png
US-8005759-B2,System and method for providing a score for a used vehicle ,"Experian Information Solutions, Inc.","Edith Hirtenstein, David Nemtuda",2006-08-17,2007-08-16,2011-08-23,2011-08-23,https://patents.google.com/patent/US8005759B2/en,https://patentimages.storage.googleapis.com/c3/11/e9/d093dbe9e6673b/US08005759-20110823-D00000.png
US-8044809-B2,Automated consumer to business electronic marketplace system ,"Telanon, Inc.",Bennie L. Farmer,2000-08-11,2010-04-27,2011-10-25,2011-10-25,https://patents.google.com/patent/US8044809B2/en,https://patentimages.storage.googleapis.com/52/8b/25/5abd3dd1a6c2da/US08044809-20111025-D00000.png
US-7898439-B2,Bicycle rental system and station ,"Isabelle Bettez, Jean-Sebastien Bettez","Isabelle Bettez, Jean-Sebastien Bettez",2008-03-20,2008-03-20,2011-03-01,2011-03-01,https://patents.google.com/patent/US7898439B2/en,https://patentimages.storage.googleapis.com/f0/97/aa/7e76d5072b2cc6/US07898439-20110301-D00000.png
US-RE42723-E,Combined rear view mirror and telephone ,Akihabara Limited Llc,"Ronald Baratono, Mosad Abbas",2000-03-22,2007-05-02,2011-09-20,2011-09-20,https://patents.google.com/patent/USRE42723E1/en,https://patentimages.storage.googleapis.com/9d/98/77/7cd867256bed58/USRE042723-20110920-D00000.png
US-7980341-B2,Telematic method and apparatus with integrated power source ,Dennis S. Fernandez,Dennis Sunga Fernandez,2003-07-23,2009-09-10,2011-07-19,2011-07-19,https://patents.google.com/patent/US7980341B2/en,https://patentimages.storage.googleapis.com/d6/b2/45/9f69980ae6b101/US07980341-20110719-D00000.png
US-8019629-B1,Systems and methods for automobile accident claims initiation ,United Services Automobile Association (Usaa),"Reynaldo Medina, III, Charles L. Oakes, III, Bradly Jay Billman, Michael Patrick Bueche, Jr.",2008-04-07,2008-04-07,2011-09-13,2011-09-13,https://patents.google.com/patent/US8019629B1/en,https://patentimages.storage.googleapis.com/44/61/b0/80c6586af79e6e/US08019629-20110913-D00000.png
US-7904209-B2,Open web services-based indoor climate control system ,Syracuse University,"Marek Podgorny, Luke Beca, Roman Markowski, Edward A. Bogucz, Suresh Santanam, Edward Lipson, Paul Roman, Greg Michalak, Gregg Lewandowski, Paul D. Gelling",2007-03-01,2008-03-03,2011-03-08,2011-03-08,https://patents.google.com/patent/US7904209B2/en,https://patentimages.storage.googleapis.com/90/e2/77/95634dd8ee01d5/US07904209-20110308-D00000.png
US-8060270-B2,System and method for inspection of structures and objects by swarm of remote unmanned vehicles ,The Boeing Company,"John Lyle Vian, Ali Reza Mansouri, Emad William Saad",2008-02-29,2008-05-21,2011-11-15,2011-11-15,https://patents.google.com/patent/US8060270B2/en,https://patentimages.storage.googleapis.com/b4/b6/24/2402c5fb6ce0c8/US08060270-20111115-D00000.png
US-7864071-B2,Emergency vehicle traffic signal preemption system ,California Institute Of Technology,"Aaron D. Bachelder, Conrad F. Foster",2002-08-15,2008-02-04,2011-01-04,2011-01-04,https://patents.google.com/patent/US7864071B2/en,https://patentimages.storage.googleapis.com/18/2a/c6/b4b06ec7cb5fc8/US07864071-20110104-D00000.png
US-7999506-B1,System to automatically recharge vehicles with batteries ,SeventhDigit Corporation,"Seth Edward-Austin Hollar, Elizabeth Anne Hollar",2008-04-09,2008-04-09,2011-08-16,2011-08-16,https://patents.google.com/patent/US7999506B1/en,https://patentimages.storage.googleapis.com/a9/91/30/5b99fe0a371184/US07999506-20110816-D00000.png
US-8005563-B2,System for assembling aircraft ,The Boeing Company,"James M. Cobb, John G. Barnes, Alan K. Jones, Brian K. Sollenberger, Patrick B. Stone",2007-10-26,2008-05-08,2011-08-23,2011-08-23,https://patents.google.com/patent/US8005563B2/en,https://patentimages.storage.googleapis.com/66/b8/42/ffb8fab3d0175a/US08005563-20110823-D00000.png
US-7961906-B2,Human detection with imaging sensors ,Science Applications International Corporation,Joshua C. Ruedin,2007-01-03,2007-01-03,2011-06-14,2011-06-14,https://patents.google.com/patent/US7961906B2/en,https://patentimages.storage.googleapis.com/ab/9e/d0/205ebe2032baaa/US07961906-20110614-D00000.png
US-8009870-B2,Autonomous wide-angle license plate recognition ,James Simon,James Simon,2003-07-10,2010-12-17,2011-08-30,2011-08-30,https://patents.google.com/patent/US8009870B2/en,https://patentimages.storage.googleapis.com/3c/48/d1/190d05c55561d3/US08009870-20110830-D00000.png
US-7881498-B2,Autonomous wide-angle license plate recognition ,James Simon,James Simon,2003-07-10,2010-04-09,2011-02-01,2011-02-01,https://patents.google.com/patent/US7881498B2/en,https://patentimages.storage.googleapis.com/f7/52/bf/e3afdb8f8f3bb5/US07881498-20110201-D00000.png
US-8078552-B2,Autonomous adaptive system and method for improving semiconductor manufacturing quality ,Tokyo Electron Limited,"Sanjeev Kaushal, Sukesh Janubhai Patel, Kenji Sugishima",2008-03-08,2008-03-08,2011-12-13,2011-12-13,https://patents.google.com/patent/US8078552B2/en,https://patentimages.storage.googleapis.com/be/a2/db/658e3c5672388a/US08078552-20111213-D00000.png
US-8058990-B2,"Advanced cooperative defensive military tactics, armor, and systems ",Jeffrey David Mullen,Jeffrey David Mullen,2004-04-07,2009-09-13,2011-11-15,2011-11-15,https://patents.google.com/patent/US8058990B2/en,https://patentimages.storage.googleapis.com/49/5a/88/64c8b4d8f581f6/US08058990-20111115-D00000.png
US-7949541-B2,Vehicle activity module ,"Performance Analytics, Inc.","Dennis McGinn, Suman Cherukuri",2002-12-12,2007-02-08,2011-05-24,2011-05-24,https://patents.google.com/patent/US7949541B2/en,https://patentimages.storage.googleapis.com/f9/45/56/b7162855b8c0f9/US07949541-20110524-D00000.png
US-7911400-B2,Applications for low profile two-way satellite antenna system ,"Raysat Antenna Systems, L.L.C.","Ilan Kaplan, Mario Ganchev Gachev, Bercovich Moshe, Danny Spirtus",2004-01-07,2006-12-29,2011-03-22,2011-03-22,https://patents.google.com/patent/US7911400B2/en,https://patentimages.storage.googleapis.com/30/3d/8a/6dab3282355539/US07911400-20110322-D00000.png
US-8060271-B2,Detecting principal directions of unknown environments ,"Toyota Motor Engineering & Manufacturing North America, Inc.","Dmitri A. Dolgov, Sebastian Thrun",2008-06-06,2008-06-06,2011-11-15,2011-11-15,https://patents.google.com/patent/US8060271B2/en,https://patentimages.storage.googleapis.com/02/b7/78/026522c441602f/US08060271-20111115-D00000.png
US-8073566-B2,Automated stringline installation system ,"Power Curbers, Inc.","Dwight Ferrand MESSINGER, Fred Russell HUMPHRIES, John Charles Colvard",2007-04-05,2008-04-05,2011-12-06,2011-12-06,https://patents.google.com/patent/US8073566B2/en,https://patentimages.storage.googleapis.com/2e/02/80/4eabc8a4f52a42/US08073566-20111206-D00000.png
US-7890058-B2,Game machine and information communication system using data carrier ,United Microelectronics Corporation,Katsuki Hazama,1997-04-16,2008-08-15,2011-02-15,2011-02-15,https://patents.google.com/patent/US7890058B2/en,https://patentimages.storage.googleapis.com/5a/b0/ad/df405624fc9bb2/US07890058-20110215-D00000.png
US-7881497-B2,Vision based navigation and guidance system ,Honeywell International Inc.,"Subhabrata Ganguli, Kailash Krishnaswamy",2007-03-08,2007-03-08,2011-02-01,2011-02-01,https://patents.google.com/patent/US7881497B2/en,https://patentimages.storage.googleapis.com/dd/fa/b6/e9f59a79b5ee45/US07881497-20110201-D00000.png
US-2011010024-A1,System and method for accompanying a user with an automated vehicle ,Curt Salisbury,Curt Salisbury,2009-07-01,2010-06-30,2011-01-13,,https://patents.google.com/patent/US20110010024A1/en,https://patentimages.storage.googleapis.com/33/0c/8f/7b7bd2ba532c9d/US20110010024A1-20110113-D00000.png
US-2011115913-A1,Automated vehicle surrounding area monitor and display system ,"Werner Lang, Michael Witzke, Johann Fellner, Geisendoerfer Peter, Jon Hohenhaus","Werner Lang, Michael Witzke, Johann Fellner, Peter Geißendörfer, Jon Hohenhaus",2009-11-17,2010-11-15,2011-05-19,,https://patents.google.com/patent/US20110115913A1/en,https://patentimages.storage.googleapis.com/70/56/2b/fc9c61bd145f79/US20110115913A1-20110519-D00000.png
EP-2035276-B1,Aircraft ,Burkhard Wiggerich,Burkhard Wiggerich,2006-06-26,2007-03-31,2011-02-23,2011-02-23,https://patents.google.com/patent/EP2035276B1/en,https://patentimages.storage.googleapis.com/46/13/a6/9259955d718bac/imgf0001.png
US-2011167365-A1,System and method for automated interface configuration based on habits of user in a vehicle ,"Theodore Charles Wingrove, Michael Dean Tschirhart, Anthony Ciatti","Theodore Charles Wingrove, Michael Dean Tschirhart, Anthony Ciatti",2010-01-04,2010-01-04,2011-07-07,,https://patents.google.com/patent/US20110167365A1/en,https://patentimages.storage.googleapis.com/90/f6/57/dc5a4b993fa8ef/US20110167365A1-20110707-D00000.png
EP-2106936-B1,Adaptive suspension control for a motor vehicle ,"GM Global Technology Operations, Inc.","Youssef A. Ghoneim, Veit Dr. Held",2008-04-02,2008-04-02,2011-07-06,2011-07-06,https://patents.google.com/patent/EP2106936B1/en,https://patentimages.storage.googleapis.com/17/e5/7f/7a16873ece1238/imgf0001.png
US-8074578-B2,Linear synchronous motor power control system and methods ,"Magnemotion, Inc.",Richard D. Thornton,2006-07-05,2007-06-28,2011-12-13,2011-12-13,https://patents.google.com/patent/US8074578B2/en,https://patentimages.storage.googleapis.com/38/2a/a5/6224a1ab44487a/US08074578-20111213-D00000.png
EP-2366131-A1,Method and system for facilitating autonomous landing of aerial vehicles on a surface ,Saab AB,Daniel Andersson,2008-12-15,2008-12-15,2011-09-21,,https://patents.google.com/patent/EP2366131A1/en,
CA-2774163-A1,A system and method for autonomous navigation of a tracked or skid-steer vehicle ,"The University Of Sydney, Ross Hennessy, Florian Oppolzer, Xiuyi Fan, Surya P. N. Singh, Hugh Durrant-Whyte, Technological Resources Pty. Limited","Ross Hennessy, Florian Oppolzer, Xiuyi Fan, Surya P. N. Singh, Hugh Durrant-Whyte",2009-09-15,2010-09-15,2011-03-24,,https://patents.google.com/patent/CA2774163A1/en,
CN-101939202-A,Be used to measure the device of the displacement of automated guided vehicle ,西门子运输系统有限公司,A·梅尔,2007-12-10,2007-12-10,2011-01-05,,https://patents.google.com/patent/CN101939202A/en,https://patentimages.storage.googleapis.com/c6/ad/55/1297c9794b22a1/HPA00001194782200011.png
WO-2011085862-A1,Method and device for leak testing in an automated electrohydraulic clutch system in a motor vehicle ,Robert Bosch Gmbh,"Manuel Schnitzer, Rene Schenk, Kaspar Schmoll Genannt Eisenwerth, Mykhaylo Klymenko",2009-12-22,2010-12-01,2011-07-21,,https://patents.google.com/patent/WO2011085862A1/en,
DE-102009055161-A1,Method and device for leakage testing in an automated electro-hydraulic clutch system in a motor vehicle ,"Robert Bosch GmbH, 70469","Manuel 72667 Schnitzer, Rene 71732 Schenk, Kaspar 74343 Schmoll genannt Eisenwerth, Mykhaylo 70839 Klymenko",2009-12-22,2009-12-22,2011-06-30,,https://patents.google.com/patent/DE102009055161A1/en,https://patentimages.storage.googleapis.com/cb/c9/ab/7aa66f399e6776/00140000.png
EP-2379389-A1,A method and device for controlling disengagement of an automated vehicle master clutch ,Volvo Lastvagnar AB,"Behrooz Razaznejad, Henrik Ryberg",2008-12-19,2008-12-19,2011-10-26,,https://patents.google.com/patent/EP2379389A1/en,
CN-102259647-A,Hybrid power whole vehicle control and automated mechanical transmission (AMT) integrated control system ,深圳市海博瑞德汽车技术有限公司,"陈超, 杨国伟, 张虹",2011-05-24,2011-05-24,2011-11-30,,https://patents.google.com/patent/CN102259647A/en,https://patentimages.storage.googleapis.com/14/44/9a/496d9ea7337297/DEST_PATH_110818141755.png
CN-102256852-A,A method and device for controlling disengagement of an automated vehicle master clutch ,沃尔沃拉斯特瓦格纳公司,"贝赫鲁兹·拉扎兹聂亚德, 亨里克·吕贝里",2008-12-19,2008-12-19,2011-11-23,,https://patents.google.com/patent/CN102256852A/en,https://patentimages.storage.googleapis.com/23/e6/d9/5d2db717d4fb3f/HPA00001390203400011.png
DE-102009040372-A1,"Method for carrying out an at least semi-autonomous parking operation of a motor vehicle, driver assistance device and motor vehicle with a driver assistance device ",Valeo Schalter Und Sensoren Gmbh,"Nicolas Jecker, Oliver Grimm, Tobias Geiger",2009-09-07,2009-09-07,2011-03-10,,https://patents.google.com/patent/DE102009040372A1/en,https://patentimages.storage.googleapis.com/21/19/41/f7707c584cdfe9/00190000.png
DE-602008005094-D1,"Unmanned, autonomous vehicle for food distribution ",Lely Patent Nv,Den Berg Karel Van,2007-11-29,2008-11-10,2011-04-07,,https://patents.google.com/patent/DE602008005094D1/en,
AR-075140-A1,PROVISION OF AN AUTONOMY PROLONGER IN AN ELECTRIC AUTOMOBILE VEHICLE ,Renault Sa,,2009-01-16,2010-01-15,2011-03-09,,https://patents.google.com/patent/AR075140A1/en,
CN-201966668-U,Automated Electric Vehicle Charging Stations ,剩沅科技股份有限公司,杜侑达,2010-08-16,2011-01-26,2011-09-07,2011-09-07,https://patents.google.com/patent/CN201966668U/en,https://patentimages.storage.googleapis.com/42/cd/93/b52a3d460414a4/HSA00000427005800011.png
DE-102009040373-A1,"Method for executing semi-autonomous parking procedure of vehicle by parking assistance system, involves detecting displacements of vehicle by objects by sensor unit after introduction of parking procedure ",Valeo Schalter Und Sensoren Gmbh,"Oliver Grimm, Jens Bammert, Nicolas Jecker",2009-09-07,2009-09-07,2011-04-14,,https://patents.google.com/patent/DE102009040373A1/en,https://patentimages.storage.googleapis.com/36/0f/bb/fe3f0931ef34ed/00300000.png
DE-502008002898-D1,METHOD FOR CONTROLLING THE NEUTRAL POSITION IN AN AUTOMATIC OR AUTOMATED TRANSMISSION OF A MOTOR VEHICLE AND CORRESPONDING MOTOR VEHICLE ,Zahnradfabrik Friedrichshafen,"Klaus Steinhauser, Frank Worms, Bernd Zaenglein, Walter Hecht, Stephane Klein",2007-08-30,2008-07-28,2011-04-28,,https://patents.google.com/patent/DE502008002898D1/en,
US-2011087386-A1,"Method for actuating the neutral position in an automatic or automated transmission of a motor vehicle, and corresponding motor vehicle ",Zf Friedrichshafen Ag,"Klaus Steinhauser, Frank WORMS, Stephane Klein, Walter Hecht, Bernd Zaenglein",2007-08-30,2008-07-28,2011-04-14,,https://patents.google.com/patent/US20110087386A1/en,
TW-M406228-U,An autonomous self-served intelligent parking lot management system with a car parking orientation ,"Chiung-Hsing Chen, Chien-Erh Weng","Chiung-Hsing Chen, Chien-Erh Weng",2010-10-28,2010-10-28,2011-06-21,,https://patents.google.com/patent/TWM406228U/en,
CA-2791842-A1,"Method and apparatus for sensing object load engagement, transportation and disengagement by automated vehicles ","Crown Equipment Limited, Jamie Bell, Kashyap Chandrasekar, Andrew Evan Graham, David Charles Howse","Jamie Bell, Kashyap Chandrasekar, Andrew Evan Graham, David Charles Howse",2010-03-05,2011-02-17,2011-09-09,,https://patents.google.com/patent/CA2791842A1/en,
WO-2011108944-A2,"Method and apparatus for sensing object load engagement, transportation and disengagement by automated vehicles ",INRO Technologies Limited,"Jamie Bell, Kashyap Chandrasekar, Andrew Evan Graham, David Charles Howse",2010-03-05,2011-02-17,2011-09-09,,https://patents.google.com/patent/WO2011108944A2/en,
EP-2295281-A1,Driver assistance device for a motor vehicle and method for supporting a driver when monitoring an autonomous parking procedure of a motor vehicle ,Valeo Schalter und Sensoren GmbH,Joachim Mathes,2009-09-15,2010-09-08,2011-03-16,,https://patents.google.com/patent/EP2295281A1/en,https://patentimages.storage.googleapis.com/7d/2f/37/a12e4c0230fbed/imgf0001.png
DK-2064944-T3,Unmanned autonomous vehicle for displacement of feed ,Lely Patent Nv,Den Berg Karel Van,2007-11-29,2008-11-10,2011-05-09,2011-05-09,https://patents.google.com/patent/DK2064944T3/en,
AT-E499000-T1,"UNMANNED, AUTONOMOUS VEHICLE FOR FEED DISTRIBUTION ",Lely Patent Nv,Den Berg Karel Van,2007-11-29,2008-11-10,2011-03-15,2011-03-15,https://patents.google.com/patent/ATE499000T1/en,
AU-2009344853-A1,System and method for autonomous vehicle control ,"Xollai, Llc","Anthony H. Giang, Lue Her, Robert S. Malecki, Ryan J. Thompson",2008-12-19,2009-12-18,2011-08-04,,https://patents.google.com/patent/AU2009344853A1/en,
EP-2380065-A2,System and method for autonomous vehicle control ,"Xollai, Llc","Robert S. Malecki, Lue Her, Ryan J. Thompson, Anthony H. Giang",2008-12-19,2009-12-18,2011-10-26,,https://patents.google.com/patent/EP2380065A2/en,
AT-E502237-T1,METHOD FOR CONTROLLING THE NEUTRAL POSITION IN AN AUTOMATIC OR AUTOMATED TRANSMISSION OF A MOTOR VEHICLE AND CORRESPONDING MOTOR VEHICLE ,Zahnradfabrik Friedrichshafen,"Klaus Steinhauser, Frank Worms, Bernd Zaenglein, Walter Hecht, Stephane Klein",2007-08-30,2008-07-28,2011-04-15,2011-04-15,https://patents.google.com/patent/ATE502237T1/en,
WO-2011032208-A1,A system and method for autonomous navigation of a tracked or skid-steer vehicle ,The University Of Sydney,"Ross Hennessy, Florian Oppolzer, Xiuyi Fan, Surya P. N. Singh, Hugh Durrant-Whyte",2009-09-15,2010-09-15,2011-03-24,,https://patents.google.com/patent/WO2011032208A1/en,
JP-2011034518-A,Autonomous control method of underwater vehicle and autonomously controlled underwater vehicle ,"Ihi Corp, 株式会社Ｉｈｉ","Akira Kobayashi, 陽 小林",2009-08-05,2009-08-05,2011-02-17,,https://patents.google.com/patent/JP2011034518A/en,https://patentimages.storage.googleapis.com/46/0f/00/92eb090bd106ec/2011034518-3.png
WO-2011054640-A1,Method for operating an automated parking brake in a motor vehicle ,Robert Bosch Gmbh,Amir Ali Sardari Iravani,2009-11-06,2010-10-13,2011-05-12,,https://patents.google.com/patent/WO2011054640A1/en,
DE-102009046495-A1,Method for operating an automated parking brake in a motor vehicle ,Robert Bosch Gmbh,Amir Ali Sardari Iravani,2009-11-06,2009-11-06,2011-05-12,,https://patents.google.com/patent/DE102009046495A1/en,https://patentimages.storage.googleapis.com/5b/55/ad/55644ddbb3f494/00170000.png
DE-102010001006-A1,"Car accident information providing method for insurance company, involves information about accident is transmitted from sensor to data processing unit of driverless car by communication module of car over network connection ","Robert Bosch GmbH, 70469","Oliver 71696 Scheele, Achim 75015 Doll, Thorsten 71696 Friedrich, Stefan 71701 Mischo",2010-01-19,2010-01-19,2011-07-21,,https://patents.google.com/patent/DE102010001006A1/en,https://patentimages.storage.googleapis.com/ae/d0/f4/ed31b050758e2a/00100000.png
CN-102197242-A,Automated multi-group transmission of a motor vehicle and method for operating an automated multi-group transmission ,腓特烈斯港齿轮工厂股份公司,R·霍夫曼,2008-12-10,2009-10-15,2011-09-21,,https://patents.google.com/patent/CN102197242A/en,https://patentimages.storage.googleapis.com/4b/44/b5/ce73abfee48cc3/HDA0000056730230000011.png
EP-2294565-A2,Method and system for merge control in an automated vehicle system ,Posco,"Jin Myung Won, Ingmar Andreasson",2008-05-26,2009-05-26,2011-03-16,,https://patents.google.com/patent/EP2294565A2/en,
DE-102010017991-A1,"Autonomous axle module for motor vehicle, has electric drive wheel suspension unit for driving left or right wheel, where axle module is operated separately in permanently functional manner ",Fachhochschule Südwestfalen,"Nicolai Malert, Andreas Kurz, Andreas Ludwig, Christoph Heinrich Albert-Schwarte, Fabian Eling, Dr. Schürmann Erich",2010-04-21,2010-04-21,2011-10-27,,https://patents.google.com/patent/DE102010017991A1/en,https://patentimages.storage.googleapis.com/c3/a6/90/e92611556b0239/00170000.png
AU-2010253853-A1,System and method of using autonomous underwater vehicle to facilitate seismic data acquisition ,Geco Technology B.V.,"Julian Edward Kragh, Ottar Kristiansen, Morten Svendsen, Kenneth E. Welker",2009-05-28,2010-05-27,2011-11-24,,https://patents.google.com/patent/AU2010253853A1/en,
CN-102231233-A,Automatic guiding vehicle distributed autonomous cooperation control system and control method ,南京航空航天大学,"楼佩煌, 钱晓明, 王辉, 武星, 刘冉, 隋大鹏",2011-06-29,2011-06-29,2011-11-02,,https://patents.google.com/patent/CN102231233A/en,https://patentimages.storage.googleapis.com/fd/ee/85/ca8ba3ffc04e1f/110629114029.png
CN-102046446-A,Method for platooning of vehicles in an automated vehicle system ,Posco公司,尹格玛·安德力森,2008-05-26,2009-05-26,2011-05-04,,https://patents.google.com/patent/CN102046446A/en,https://patentimages.storage.googleapis.com/b9/71/2a/76b409b441b786/HPA00001259983900011.png
WO-2011108944-A8,"Method and apparatus for sensing object load engagement, transportation and disengagement by automated vehicles ",INRO Technologies Limited,"Jamie Bell, Kashyap Chandrasekar, Andrew Evan Graham, David Charles Howse",2010-03-05,2011-02-17,2011-11-10,,https://patents.google.com/patent/WO2011108944A8/en,
WO-2011046403-A3,Autonomous driving apparatus and method of on-line electric vehicle ,Korea Advanced Institute Of Science And Technology,"Dongho Cho, Youjun Choi, Sunjong Lee, Jin Kyu Kim",2009-10-16,2010-10-15,2011-10-13,,https://patents.google.com/patent/WO2011046403A3/en,
CN-102231082-A,Underwater object detection and autonomous underwater vehicle (AUV) automatic collision prevention method and system based on mini sonar ,中国船舶重工集团公司第七○二研究所,徐鹏飞,2011-04-08,2011-04-08,2011-11-02,,https://patents.google.com/patent/CN102231082A/en,https://patentimages.storage.googleapis.com/fe/99/d0/41b655b5ece0e2/110407162115.png
CN-102047300-A,Method and system for merge control in an automated vehicle system ,Posco公司,"元琎铭, 尹格玛·安德力森",2008-05-26,2009-05-26,2011-05-04,,https://patents.google.com/patent/CN102047300A/en,https://patentimages.storage.googleapis.com/4c/75/38/6a74e2d37b2dd0/HPA00001259983200011.png
SG-173003-A1,Variable offset positioning antenna array for enhanced guidance of automated guided vehicles (agvs) ,Boomerang Systems Inc,"Stott Barwick, Merin Swasey, Lance Beeny, John A M Petersen",2009-01-17,2010-01-15,2011-08-29,,https://patents.google.com/patent/SG173003A1/en,
EP-2387738-A2,Variable offset positioning antenna array for enhanced guidance of automated guided vehicles (agvs) ,Boomerang Systems. Inc.,"Stott Barwick, Merin Swasey, Lance Beeny, John A.M. Petersen",2009-01-17,2010-01-15,2011-11-23,,https://patents.google.com/patent/EP2387738A2/en,
WO-2010138759-A3,System and method of using autonomous underwater vehicle to facilitate seismic data acquisition ,"Geco Technology B.V., Schlumberger Canada Limited","Kenneth E. Welker, Ottar Kristiansen, Morten Svendsen, Julian Edward Kragh",2009-05-28,2010-05-27,2011-03-31,,https://patents.google.com/patent/WO2010138759A3/en,
CN-102103379-A,Dispatching system of automated guided vehicle (AGV) ,广州风神汽车有限公司,"万明勇, 庹鹏刚, 范胜辉",2009-12-17,2009-12-17,2011-06-22,,https://patents.google.com/patent/CN102103379A/en,https://patentimages.storage.googleapis.com/0a/4d/8e/7afca91dfaba76/H2009102138725E00011.png
CN-201799111-U,Autonomous tracking model car based on single chip microcomputer (SCM) ,长安大学,"韩毅, 郭绪娜, 富子丞, 贾培峰",2010-06-13,2010-06-13,2011-04-20,2011-04-20,https://patents.google.com/patent/CN201799111U/en,https://patentimages.storage.googleapis.com/0d/f1/85/dfed397bf70a7e/359426DEST_PATH_101130165226.png
US-2011174227-A1,Installation for supplying liquid feed to an animal and an autonomously displaceable vehicle for use in such an installation ,Maasland N.V.,Karel Van den Berg,2005-12-07,2011-03-28,2011-07-21,,https://patents.google.com/patent/US20110174227A1/en,https://patentimages.storage.googleapis.com/91/96/c1/5667279716d56e/US20110174227A1-20110721-D00000.png
DE-502006009069-D1,METHOD FOR INFLUENCING AUTOMATED MANUAL TRANSMISSION COMPRISING DRIVING RESISTANCE ,Zahnradfabrik Friedrichshafen,"Markus Eisele, Harry Nolzen, Juergen Blaser, Harm Adams",2005-10-18,2006-09-30,2011-04-21,,https://patents.google.com/patent/DE502006009069D1/en,
AT-E501376-T1,"METHOD FOR INFLUENCING AN AUTOMATED TRANSMISSION, TAKING THE DRIVING RESISTANCE INTO CONSIDERATION ",Zahnradfabrik Friedrichshafen,"Markus Eisele, Harry Nolzen, Juergen Blaser, Harm Adams",2005-10-18,2006-09-30,2011-03-15,2011-03-15,https://patents.google.com/patent/ATE501376T1/en,
US-2011307153-A1,Method and device for controlling disengagement of an automated vehicle master clutch ,Volvo Lastvagnar Ab,"Behrooz Razaznejad, Henrik Ryberg",2008-12-19,2008-12-19,2011-12-15,,https://patents.google.com/patent/US20110307153A1/en,https://patentimages.storage.googleapis.com/82/14/50/a3eb2165948ff1/US20110307153A1-20111215-D00000.png
WO-2011110891-A1,Autonomous tracking device for vehicle ,Mobile Devices Ingenierie,Aaron Solomon,2010-03-12,2010-03-12,2011-09-15,,https://patents.google.com/patent/WO2011110891A1/en,
EP-2356352-A1,Automated multi-group transmission of a motor vehicle and method for operating an automated multi-group transmission ,ZF Friedrichshafen AG,Rayk Hoffmann,2008-12-10,2009-10-15,2011-08-17,,https://patents.google.com/patent/EP2356352A1/en,
US-2011306465-A1,Method for automatically engaging a parking lock of an automatic or automated gearbox of a motor vehicle ,Zf Friedrichshafen Ag,"Armin Gierling, Walter Hecht",2007-09-05,2011-08-05,2011-12-15,,https://patents.google.com/patent/US20110306465A1/en,https://patentimages.storage.googleapis.com/88/40/0c/5470caec90dcb4/US20110306465A1-20111215-D00000.png
US-2011297747-A1,Custom scanning device and automated car auction facility management ,Interactive Lot Technologies Inc.,Sergey Naumovsky,2010-06-07,2011-06-07,2011-12-08,,https://patents.google.com/patent/US20110297747A1/en,https://patentimages.storage.googleapis.com/6e/6d/ac/24b8d0415fb0db/US20110297747A1-20111208-D00000.png
US-2011297741-A1,Custom scanning device and automated car auction facility management ,Interactive Lot Technologies Inc.,Sergey Naumovsky,2010-06-07,2011-06-07,2011-12-08,,https://patents.google.com/patent/US20110297741A1/en,https://patentimages.storage.googleapis.com/48/71/22/e820e96fed1d90/US20110297741A1-20111208-D00000.png
US-2011010034-A1,Autonomous control for vehicle pedal mis-apply situations ,"Gm Global Technology Operations, Inc.","Chad T. Zagorski, Daniel B. Cutler, Aamrapali Chatterjee",2009-07-07,2009-07-07,2011-01-13,,https://patents.google.com/patent/US20110010034A1/en,https://patentimages.storage.googleapis.com/de/79/64/28d12b59aae662/US20110010034A1-20110113-D00000.png
US-8056667-B2,Autonomous parking strategy based on available parking space ,GM Global Technology Operations LLC,"Nikolai K. Moshchuk, Shih-Ken Chen",2008-04-22,2008-04-22,2011-11-15,2011-11-15,https://patents.google.com/patent/US8056667B2/en,https://patentimages.storage.googleapis.com/af/75/34/83e9168e8adf89/US08056667-20111115-D00000.png
US-8086381-B2,Method for the emergency actuation of an automated double clutch transmission of a motor vehicle ,Zf Friedrichshafen Ag,"Anton Fritzer, Markus Herrmann, Thilo Schmidt, Christian Popp, Georg Gierer",2006-11-17,2007-11-05,2011-12-27,2011-12-27,https://patents.google.com/patent/US8086381B2/en,https://patentimages.storage.googleapis.com/dc/80/e1/817c593dea65ea/US08086381-20111227-D00000.png
CN-101263024-B,A method for adapting an automated transmission of a heavy vehicle in consideration of a speed sensitive PTO ,沃尔沃拉斯特瓦格纳公司,"安德斯·埃里克森, 西克斯滕·贝里隆德, 彼得·滕普林, 拉斯·卡尔松, 埃里卡·雅各布松",2005-09-08,2006-09-08,2011-08-10,2011-08-10,https://patents.google.com/patent/CN101263024B/en,https://patentimages.storage.googleapis.com/ba/5e/55/4c9978dcf6a280/S2006800331309E00011.png
ES-2363330-T3,PROCEDURE AND DEVICE OF CONTROL OF ELECTRIC POWER SUPPLY OF A VEHICLE OF ELECTRIC TRACTION THAT WORKS IN MODE OF EXTERNAL FEEDING OR IN MODE OF AUTONOMOUS FEEDING. ,Alstom Transport Sa,"Arnaud Deleu, Philippe Nogaret",2001-03-29,2002-02-19,2011-08-01,2011-08-01,https://patents.google.com/patent/ES2363330T3/en,
US-7979185-B2,Method for determining the mass of a motor vehicle ,Zf Friedrichshafen Ag,"Werner Wolfgang, Maik Würthner, Ingo Sauter",2006-05-12,2007-04-25,2011-07-12,2011-07-12,https://patents.google.com/patent/US7979185B2/en,https://patentimages.storage.googleapis.com/a4/d3/b5/b948fb6b27f94e/US07979185-20110712-D00000.png
JP-2011141663-A,Automated guided vehicle and travel control method for the same ,"Hitachi Plant Technologies Ltd, 株式会社日立プラントテクノロジー","Hideaki Furuno, 英昭 古野, Yoshiharu Tomioka, 芳治 冨岡, Toshio Moriya, 俊夫 守屋",2010-01-06,2010-01-06,2011-07-21,,https://patents.google.com/patent/JP2011141663A/en,https://patentimages.storage.googleapis.com/b2/98/2e/0731cfa3b2bc7b/2011141663-3.png
DE-102009047953-A1,"Clutch i.e. double clutch, for automatic or automated double clutch transmission of motor vehicle, has supporting disk supported at external lamella carrier or internal lamella carrier, where spring arrangements are supported at disk ",Volkswagen Ag,"Jörg Plogmann, Andreas Dr. Schmidt, Fabian Kolze",2009-10-01,2009-10-01,2011-04-07,,https://patents.google.com/patent/DE102009047953A1/en,https://patentimages.storage.googleapis.com/f1/00/6c/9cef1b43edcc01/00120000.png
US-7949452-B2,Optimizing shift strategies through driving simulation ,Volvo Lastvagnar Ab,"Anders Eriksson, Marcus Steen",2001-10-31,2007-07-20,2011-05-24,2011-05-24,https://patents.google.com/patent/US7949452B2/en,https://patentimages.storage.googleapis.com/96/92/c7/89a136d20ab035/US07949452-20110524-D00000.png
CN-102042835-A,Autonomous underwater vehicle combined navigation system ,中国海洋大学,"魏志强, 殷波, 丛艳平, 贾东宁, 刘兵, 潘学松",2010-11-05,2010-11-05,2011-05-04,,https://patents.google.com/patent/CN102042835A/en,https://patentimages.storage.googleapis.com/98/4d/41/4a962fa549c356/HDA0000031058730000012.png
IL-185701-A,Method and system for autonomous vehicle navigation ,Honeywell Int Inc,,2006-09-05,2007-09-04,2011-11-30,,https://patents.google.com/patent/IL185701A/en,
WO-2011090755-A2,Drive mechanism for automated guided vehicle ,"Fori Automation, Inc.","Paul George Doan, Dean Colwell, Like Xu",2009-12-29,2010-12-29,2011-07-28,,https://patents.google.com/patent/WO2011090755A2/en,
EP-2278357-A3,"A method and a device for determining the position of a vehicle for the autonomous driving of a vehicle, in particular a robotized vehicle ",Genova Robot SRL,"Renato Zaccaria, Tullio Vernazza, Antonio Sgorbissa, Fulvio Mastrogiovanni, Francesco Capezio",2008-03-26,2008-03-26,2011-06-29,,https://patents.google.com/patent/EP2278357A3/en,
AT-E501013-T1,METHOD FOR THE AUTOMATED DETERMINATION AND SETTING OF WARNING PARAMETERS IN RAIL VEHICLES AND CORRESPONDING SYSTEM ,Schweizer Electronic Ag,"Peter Schweizer, Stefan Nussbaumer, Juerg Kuenzi",2008-01-31,2008-01-31,2011-03-15,2011-03-15,https://patents.google.com/patent/ATE501013T1/en,
AT-E530409-T1,METHOD FOR THE AUTOMATED DETERMINATION AND SETTING OF WARNING PARAMETERS IN RAIL VEHICLES AND CORRESPONDING SYSTEM ,Schweizer Electronic Ag,"Peter Schweizer, Stefan Nussbaumer, Juerg Kuenzi",2008-01-31,2009-02-02,2011-11-15,2011-11-15,https://patents.google.com/patent/ATE530409T1/en,
DE-502008002802-D1,Method for automated determination and setting of warning parameters in rail vehicles and corresponding system ,Schweizer Electronic Ag,"Peter Schweizer, Stefan Nussbaumer, Juerg Kuenzi",2008-01-31,2008-01-31,2011-04-21,,https://patents.google.com/patent/DE502008002802D1/en,
JP-2011009211-A,"Lighting device, set of the lighting device, method for automated adapting light beam generated from the set of lighting device, and vehicle including the set of lighting device ","Valeo Vision, ヴァレオ  ビジョン","Pierre Albou, アルブー ピエール, Jonathan Blandin, ブランダン ジョナサン, Vanesa Sanchez, サンチェス ヴァネサ",2009-06-10,2010-06-09,2011-01-13,,https://patents.google.com/patent/JP2011009211A/en,https://patentimages.storage.googleapis.com/52/61/9d/d9e2619fe70666/2011009211-3.png
CN-102162733-A,Method for correcting autonomous underwater vehicle (AUV) dead reckoning navigation error in real time based on space vector modulation (SVM) ,哈尔滨工程大学,"张勋, 赵�智, 严浙平, 边信黔, 张伟, 徐健, 熊磊",2011-01-11,2011-01-11,2011-08-24,,https://patents.google.com/patent/CN102162733A/en,https://patentimages.storage.googleapis.com/0d/35/68/a0c3a8edb4c799/HDA0000043396310000011.png
EP-2247465-A4,"METHOD, SYSTEM AND COMPUTER PROGRAM PRODUCT FOR AUTOMATED VEHICLE SPEED CONTROL ",Scania Cv Abp,"Alam Assad Al, Jon Andersson, Per Sahlholm",2008-01-28,2009-01-15,2011-01-26,,https://patents.google.com/patent/EP2247465A4/en,
CN-202093392-U,Hardware platform of AGV (automated guided vehicle) system ,"苏州市职业大学, 史斌斌",史斌斌,2011-05-19,2011-05-19,2011-12-28,2011-12-28,https://patents.google.com/patent/CN202093392U/en,https://patentimages.storage.googleapis.com/14/8f/10/e986f9ef6ef5d5/HSA00000499296200011.png
WO-2010138707-A3,Distributed system of autonomously controlled toy vehicles ,"Anki, Inc.","Boris Sofman, Hanns W. Tappeiner, Mark Palatucci",2009-05-28,2010-05-27,2011-03-31,,https://patents.google.com/patent/WO2010138707A3/en,
DE-102011014815-A1,"Parking lock device for automated gear box of electrically driven motor car, has pawl engaged into wheel, where carriage is axially arranged on spindle for operation of pawl, and unit locking carriage to maintain non-parking position ",Daimler Ag,Dipl.-Ing. Braun Norbert,2011-03-23,2011-03-23,2011-10-06,,https://patents.google.com/patent/DE102011014815A1/en,https://patentimages.storage.googleapis.com/85/26/94/4ce61ff9730777/00120000.png
AT-E519647-T1,METHOD AND DEVICE FOR USING AN AUTOMATED LANE KEEPING SYSTEM FOR MAINTAINING SIDE VEHICLE DISTANCE ,Volvo Technology Corp,"Agneta Sjoegren, Achim Beutner",2006-06-11,2007-06-11,2011-08-15,2011-08-15,https://patents.google.com/patent/ATE519647T1/en,
WO-2011084441-A2,Automated parking garage with electric vehicle charging ,"Liberty Plug-Ins, Inc.","Chris Outwater, William Gibbens Redmann",2009-12-15,2010-12-15,2011-07-14,,https://patents.google.com/patent/WO2011084441A2/en,
DE-102010063689-A1,System and method for automated interface configuration based on user habits in a vehicle ,"Visteon Global Technologies Inc., Mich.","Theodore Charles Mich. Wingrove, Michael Dean Mich. Tschirhart, Anthony Mich. Ciatti",2010-01-04,2010-12-21,2011-07-07,,https://patents.google.com/patent/DE102010063689A1/en,https://patentimages.storage.googleapis.com/6e/75/52/3bada01aefbf6a/00140000.png
DE-102009060999-A1,"Energy-optimized electric vehicle with autonomous power supply and method for power generation, preferably from kinetic and gravitational energy ",German Gresser,German Gresser,2009-06-24,2009-06-24,2011-01-05,,https://patents.google.com/patent/DE102009060999A1/en,https://patentimages.storage.googleapis.com/78/3b/aa/e70bb71f9ebe3c/00700000.png
WO-2011022528-A2,Fail operational steering system for autonomous driving ,Kelsey-Hayes Company,Joseph D. Miller,2009-08-19,2010-08-19,2011-02-24,,https://patents.google.com/patent/WO2011022528A2/en,
WO-2011133527-A1,Automated electric vehicle charging system and method ,Interim Designs Inc.,"Joseph C. Haddad, Daniel B. Lysak",2010-04-19,2011-04-19,2011-10-27,,https://patents.google.com/patent/WO2011133527A1/en,
EP-2278357-A2,"A method and a device for determining the position of a vehicle for the autonomous driving of a vehicle, in particular a robotized vehicle ",Genova Robot SRL,"Renato Zaccaria, Tullio Vernazza, Antonio Sgorbissa, Fulvio Mastrogiovanni, Francesco Capezio",2008-03-26,2008-03-26,2011-01-26,,https://patents.google.com/patent/EP2278357A2/en,https://patentimages.storage.googleapis.com/56/c3/a2/a3ab2aff253572/imgf0001.png
WO-2011084441-A3,Automated parking garage with electric vehicle charging ,"Liberty Plug-Ins, Inc.","Chris Outwater, William Gibbens Redmann",2009-12-15,2010-12-15,2011-10-27,,https://patents.google.com/patent/WO2011084441A3/en,
US-2011106352-A1,Automated guided vehicle ,"Gm Global Technology Operations, Inc.","Robert J. Scheuerman, William O. Merkle",2009-11-05,2009-11-05,2011-05-05,,https://patents.google.com/patent/US20110106352A1/en,https://patentimages.storage.googleapis.com/bc/d5/63/b62bebcf23f85d/US20110106352A1-20110505-D00000.png
DE-102010012134-A1,"Gear box switching device e.g. automated gear box switching device, for use in drive train device for driving motor car, has drum switch comprising clutch rolling path designed as recess to operate load clutch element ",Daimler Ag,"Dr.-Ing. Elser Wolfgang, Dipl.-Ing. Feuchter Harald, Dipl.-Ing. Schwarz Martin",2010-03-20,2010-03-20,2011-09-22,,https://patents.google.com/patent/DE102010012134A1/en,https://patentimages.storage.googleapis.com/2e/1d/f8/f75a7d583dca0b/00140000.png
CA-2785724-A1,Drive mechanism for automated guided vehicle ,"Fori Automation, Inc., Paul George Doan, Dean Colwell, Like Xu","Paul George Doan, Dean Colwell, Like Xu",2009-12-29,2010-12-29,2011-07-28,,https://patents.google.com/patent/CA2785724A1/en,
GB-2462927-B,Integrated autonomous fleet management using self-aware vehicles ,Boeing Co,"John L Vian, Gregory J Clark, Paul E Pigg, Stefan R Bieniawski, Emad W Saad, David Halaas",2008-08-27,2009-08-27,2011-10-05,2011-10-05,https://patents.google.com/patent/GB2462927B/en,
CN-102211575-A,Engine idle speed control-based AMT (Automated Mechanical Transmission) vehicle start control method ,中国重汽集团济南动力有限公司,"郭鹏, 赵玉超, 田磊",2011-04-27,2011-04-27,2011-10-12,,https://patents.google.com/patent/CN102211575A/en,https://patentimages.storage.googleapis.com/7d/e2/70/e833b64cf2297b/110427111306.png
CN-102298326-A,Underactuated autonomous underwater vehicle (AUV) adaptive trajectory tracking control device and control method ,哈尔滨工程大学,"夏国清, 杨莹, 夏天, 赵为光",2011-06-30,2011-06-30,2011-12-28,,https://patents.google.com/patent/CN102298326A/en,https://patentimages.storage.googleapis.com/56/bf/89/ea14711c70ba14/HDA0000072768810000011.png
WO-2010094517-A3,Autonomous charging device for plug-in hybrid vehicles ,Robert Bosch Gmbh,Sven Dabow,2009-02-23,2010-01-08,2011-02-03,,https://patents.google.com/patent/WO2010094517A3/en,
DE-102010025797-A1,Autonomous control for situations with a vehicle pedal malfunction ,"GM Global Technology Operations, Inc., Detroit","Chad T. Clarkston Zagorski, Daniel B. Novi Cutler, Aamrapali Okemos Chatterjee",2009-07-07,2010-07-01,2011-02-10,,https://patents.google.com/patent/DE102010025797A1/en,https://patentimages.storage.googleapis.com/53/a0/10/923c6004693c2a/00180000.png
EP-2321134-A1,Automated cover system for vehicle-mounted containers ,"McNeilus Truck and Manufacturing, Inc.","Troy D. Howell, Daniel F. Kubista, Robert A. Wood",2008-08-29,2009-07-28,2011-05-18,,https://patents.google.com/patent/EP2321134A1/en,
WO-2011090755-A3,Drive mechanism for automated guided vehicle ,"Fori Automation, Inc.","Paul George Doan, Dean Colwell, Like Xu",2009-12-29,2010-12-29,2011-10-06,,https://patents.google.com/patent/WO2011090755A3/en,
US-8062180-B2,Method for automatically engaging a parking lock of an automatic or automated gearbox of a motor vehicle ,Zf Friedrichshafen Ag,"Armin Gierling, Walter Hecht",2007-09-05,2008-08-06,2011-11-22,2011-11-22,https://patents.google.com/patent/US8062180B2/en,https://patentimages.storage.googleapis.com/57/9b/0c/208504dec69e11/US08062180-20111122-D00000.png
FR-2961775-A1,"Vehicle e.g. hybrid vehicle, autonomy estimating method, involves estimating power consumed for operating air-conditioner of vehicle, and dividing energy reserve available in vehicle by power consumed by displacement unit ",Peugeot Citroen Automobiles Sa,Bruno Pintat,2010-06-29,2010-06-29,2011-12-30,,https://patents.google.com/patent/FR2961775A1/en,
DE-102010001264-A1,"Warning device for use in parking assisting system to warn driver of car that approaches another car or object, during e.g. autonomous parking, has control device comprising actuating unit to actuate light unit, as soon as car is approached ","Robert Bosch GmbH, 70469","Carsten 71732 Schroeder, Nils 71636 Janke",2010-01-27,2010-01-27,2011-07-28,,https://patents.google.com/patent/DE102010001264A1/en,
DE-102010021899-A1,"Clutch i.e. dual clutch, for automated or automatic dual clutch transmission of motor vehicle, has adjustment element adjusting air gap and cooperating with actuating piston such that relative position of piston is adjustable for clutches ",Volkswagen Ag,Alexander Lerch,2010-05-28,2010-05-28,2011-12-01,,https://patents.google.com/patent/DE102010021899A1/en,https://patentimages.storage.googleapis.com/5c/05/0b/174169c372ee75/00150000.png
US-7884739-B2,Systems and devices for assessing fines for traffic disturbances ,"At&T Intellectual Property I, Lp","Jonathan Reeves, Barrett Kreiner",2006-04-25,2008-05-20,2011-02-08,2011-02-08,https://patents.google.com/patent/US7884739B2/en,https://patentimages.storage.googleapis.com/ce/a7/56/0c0a8d428abf23/US07884739-20110208-D00000.png
EP-1997322-B1,Active 3d triangulation-based imaging method and device ,Alpineon D.O.O.,"Mario Zganec, Gros Jerneja Zganec",2006-03-17,2007-03-16,2011-12-28,2011-12-28,https://patents.google.com/patent/EP1997322B1/en,https://patentimages.storage.googleapis.com/e6/03/58/08e9d21a0017ef/imgf0001.png
JP-4766521-B2,Automated guided vehicle ,株式会社日立プラントテクノロジー,"敏浩 橋本, 勝 町田, 和寿 吉川",2006-06-02,2006-06-02,2011-09-07,2011-09-07,https://patents.google.com/patent/JP4766521B2/en,https://patentimages.storage.googleapis.com/48/ea/14/1fcbf1c379780d/0004766521-2.png
EP-2328791-A1,Method and device for the automated control of track-bound vehicles and magnetic track system ,Siemens Aktiengesellschaft,"Marian Dittmar, Markus Dymek, Rainer Hradetzky, Dirk Lotter",2008-09-03,2009-08-20,2011-06-08,,https://patents.google.com/patent/EP2328791A1/en,
CN-102143876-A,Method and device for the automated control of track-bound vehicles and magnetic track system ,西门子公司,"马里安·迪特马, 马库斯·迪梅克, 雷纳·赫拉德茨基, 德克·洛特",2008-09-03,2009-08-20,2011-08-03,,https://patents.google.com/patent/CN102143876A/en,https://patentimages.storage.googleapis.com/d0/d6/8d/e5a6d939801a68/HDA0000048652190000011.png
DE-102007042210-B4,Method for automatically inserting a parking brake of an automatic or automated transmission of a motor vehicle ,"ZF Friedrichshafen AG, 88046","Armin 88085 Gierling, Walter 88214 Hecht",2007-09-05,2007-09-05,2011-07-07,2011-07-07,https://patents.google.com/patent/DE102007042210B4/en,https://patentimages.storage.googleapis.com/14/b3/24/27a13c7e766300/00240000.png
CN-102087110-A,Miniature underwater moving vehicle autonomous attitude detecting device and method ,哈尔滨工程大学,"赵新华, 梁锋, 孙尧, 兰贺, 安伟光",2010-12-29,2010-12-29,2011-06-08,,https://patents.google.com/patent/CN102087110A/en,https://patentimages.storage.googleapis.com/0f/78/7b/23e6b7a55fdcf6/HDA0000041441010000012.png
EP-2399775-A2,Method for operating a motor vehicle lighting device with automated dipping function ,"Audi AG, Audi Electonics Venture GmbH",Björn Giesler,2010-06-28,2011-06-10,2011-12-28,,https://patents.google.com/patent/EP2399775A2/en,https://patentimages.storage.googleapis.com/1b/ae/f4/189da10e24f8ae/imgf0001.png
DE-102009046213-A1,"Alternate frame for demountable coupling of receptacle of tool in working vehicle, particularly front loader, has carrier, coupling element rigidly fastened to carrier and manual or automated locking mechanism with locking element ",Wilhelm Stoll Maschinenfabrik Gmbh,Ulf Mutzke,2009-10-30,2009-10-30,2011-05-19,,https://patents.google.com/patent/DE102009046213A1/en,https://patentimages.storage.googleapis.com/e1/22/ab/69a51a7eaa2a53/00220000.png
DE-102007040547-B4,Method for automatically inserting a parking brake of an automatic or automated transmission of a motor vehicle ,Zf Friedrichshafen Ag,"Armin Gierling, Walter Hecht",2007-07-19,2007-08-29,2011-06-16,2011-06-16,https://patents.google.com/patent/DE102007040547B4/en,https://patentimages.storage.googleapis.com/b7/50/44/f7046e5470bde3/00370000.png
EP-2353683-A1,Trackway for model vehicles with energy-autonomous propulsion ,Gebr. FALLER GmbH,"Hendrick Mielke, Gerhard Kaltenbach",2010-01-29,2011-01-21,2011-08-10,,https://patents.google.com/patent/EP2353683A1/en,https://patentimages.storage.googleapis.com/b9/ba/9a/4971c21b99869d/imgf0001.png
DE-102010051786-A1,"Method for automated application of sticking element on car body part, involves removing sticking element by creating low pressure between set of adding stampers and sticking element by carrier element, and applying sticking element on part ","Daimler AG, 70327","Christoph Dipl.-Ing. 75391 Grevener, Petra 71134 Lawrence",2010-11-18,2010-11-18,2011-07-07,,https://patents.google.com/patent/DE102010051786A1/en,https://patentimages.storage.googleapis.com/16/35/22/a593bf6bb06db7/00140000.png
EP-2014946-B1,Method for calculating the touch point of an automatic clutch ,Schaeffler Technologies AG & Co. KG,Michael Reuschel,2007-07-12,2008-06-26,2011-10-26,2011-10-26,https://patents.google.com/patent/EP2014946B1/en,https://patentimages.storage.googleapis.com/3d/07/88/87d7481c41ccfc/imgf0001.png
RU-104356-U1,"AUTOMATED SYSTEM FOR GLOBAL ROAD SAFETY, monitoring road conditions, traffic situations, operation of all onboard systems and units of automobiles, collection, processing, transmitting the information received from one car to another car and specially the State Service of communication and navigation ",Юрий Владимирович Леонов,Юрий Владимирович Леонов,2010-11-23,2010-11-23,2011-05-10,2011-05-10,https://patents.google.com/patent/RU104356U1/en,
KR-101018144-B1,Space scan device of autonomous vehicle ,삼성전기주식회사,"이백규, 박길한, 김홍기",2008-08-04,2008-08-04,2011-02-28,2011-02-28,https://patents.google.com/patent/KR101018144B1/en,https://patentimages.storage.googleapis.com/95/46/42/8bf29b7811b77f/112008056033694-pat00001.png
DE-102007040671-B4,Method for controlling a driving position in an automatic or automated transmission of a motor vehicle ,"ZF Friedrichshafen AG, 88046","Klaus 88079 Steinhauser, Frank 88085 Worms, Bernd 88212 Zänglein, Walter 88214 Hecht, Stéphane Dr. 88079 Klein",2007-07-19,2007-08-29,2011-06-22,2011-06-22,https://patents.google.com/patent/DE102007040671B4/en,
DE-102010055921-A1,"Method for automatically activating park functionality of automatic or automated gear box in car, involves activating park functionality of automatic or automated gear box when driver's door and seatbelt lock are opened ","Daimler AG, 70327",Werenfrid Dipl.-Ing. 70734 Döpper,2010-12-23,2010-12-23,2011-08-25,,https://patents.google.com/patent/DE102010055921A1/en,https://patentimages.storage.googleapis.com/f7/3e/71/c4a2f08dd05ec4/00060000.png
DE-602008006145-D1,Shelf conveyor with gondola and vehicle-side conveyor for warehouses with automated warehousing ,Savoye,"Pascal Dury, Pierre Kress, Fabrice Valentin",2007-10-24,2008-10-17,2011-05-26,,https://patents.google.com/patent/DE602008006145D1/en,
AT-E505418-T1,SHELF CONVEYOR WITH GONDOLA AND VEHICLE-SIDE CONVEYOR BELT FOR WAREHOUSES WITH AUTOMATED STORAGE KEEPING ,Savoye,"Pascal Dury, Pierre Kress, Fabrice Valentin",2007-10-24,2008-10-17,2011-04-15,2011-04-15,https://patents.google.com/patent/ATE505418T1/en,
GB-2477123-A,An automated vehicle security device ,Koopal Farshid,Koopal Farshid,2010-01-22,2010-01-22,2011-07-27,,https://patents.google.com/patent/GB2477123A/en,
CN-101973313-A,Device and method for stable steering control of vehicles based on self-autonomous body technology ,江苏大学,"陈龙, 黄晨, 江浩斌, 陈蓉蓉",2010-10-27,2010-10-27,2011-02-16,,https://patents.google.com/patent/CN101973313A/en,https://patentimages.storage.googleapis.com/af/f0/c7/165c7e2477e9e8/101026103604.png
CN-102252067-A,AMT (automated mechanical transmission) special for automobile ,罗元月,罗元月,2011-07-21,2011-07-21,2011-11-23,,https://patents.google.com/patent/CN102252067A/en,
CN-202080115-U,Radiator for automated mechanical transmission (AMT) shifting motor of electric vehicle with new energy ,上海汽车集团股份有限公司,"陈力畅, 姚杰, 兰志波, 顾庆",2011-05-31,2011-05-31,2011-12-21,2011-12-21,https://patents.google.com/patent/CN202080115U/en,https://patentimages.storage.googleapis.com/1e/e5/2e/1f9aa23f24770a/110531165243.png
US-2011239938-A1,"Automated Method And System For Making Painted Vehicle Body Panel Skins And Vehicle Body Panels, Such As Instrument Panels, Utilizing Same ","Global Ip Holdings, Llc","Larry J. Winget, Darius J. Preisler, Jason T. Murar, William G. Krowl",2008-04-17,2011-06-13,2011-10-06,,https://patents.google.com/patent/US20110239938A1/en,https://patentimages.storage.googleapis.com/77/9c/ee/1f4c8277f381bf/US20110239938A1-20111006-D00000.png
US-8002668-B2,Method for controlling a motor vehicle with an automated clutch ,Zf Friedrichshafen Ag,"Michael Walser, Thomas Jager, Florian Schneider",2007-12-06,2008-12-04,2011-08-23,2011-08-23,https://patents.google.com/patent/US8002668B2/en,https://patentimages.storage.googleapis.com/6d/ea/74/d266371b6eacee/US08002668-20110823-D00000.png
DE-102009060351-A1,"Clutch, particularly for transmission of motor vehicle, particularly double clutch for automatic or automated double clutch transmission, has friction clutch connected with motor shaft ","Volkswagen AG, 38440","Jörg 34560 Plogmann, Andreas Dr. 32602 Schmidt, Fabian 39179 Kolze",2009-12-24,2009-12-24,2011-06-30,,https://patents.google.com/patent/DE102009060351A1/en,https://patentimages.storage.googleapis.com/5c/14/11/844167b0c4c52b/00110000.png
DE-102010008373-A1,"Method for controlling drive train of motor vehicle with hybrid drive, involves providing hybrid drive having combustion engine, electric machine and automatic or automated transmission gear ","Dr. Ing. h.c. F. Porsche Aktiengesellschaft, 70435",Martin 70197 Füchtner,2010-02-17,2010-02-17,2011-08-18,,https://patents.google.com/patent/DE102010008373A1/en,https://patentimages.storage.googleapis.com/be/cd/2c/558c5b7e6bbdd0/00260000.png
KR-20110098871-A,Structural Landmark Recognition Method of Autonomous Driving Robot Using Vision-based Vanishing Point ,한양대학교 산학협력단,"서일홍, 박영빈, 김성수",2010-02-27,2010-02-27,2011-09-02,,https://patents.google.com/patent/KR20110098871A/en,https://patentimages.storage.googleapis.com/14/d7/1a/fd8a68e56eb66d/pat00003.png
DE-102010011887-A1,Method for controlling a drive train of a motor vehicle with automated clutch ,Dr. Ing. H.C. F. Porsche Aktiengesellschaft,"Martin Roth, Klaus Bastian, Jan-Peter Hoffmeister, Michael Scheu",2010-03-18,2010-03-18,2011-09-22,,https://patents.google.com/patent/DE102010011887A1/en,https://patentimages.storage.googleapis.com/51/9d/4c/ddefafb4ed1843/00090000.png
RU-105861-U1,AUTONOMOUS POWER SUPPLY SYSTEM FOR RAILWAY CARGO CARS AND / OR PLATFORMS FROM THE AXLE OF A WHEEL PAIR ,"Общество с ограниченной ответственностью ""ИНТЕЛЛЕКТ-ПРО""","Наталья Евгеньевна Бельчук, Валерий Валерьевич Буров, Валентин Геннадьевич Каргин, Сергей Николаевич Науменко, Николай Сергеевич Теймуразов",2011-03-18,2011-03-18,2011-06-27,2011-06-27,https://patents.google.com/patent/RU105861U1/en,
DE-602006018799-D1,Gear changing method for an automated manual transmission unit and automated transmission for a vehicle ,Yamaha Motor Co Ltd,"Kengo Minami, Yoshihiko Takeuchi",2006-02-24,2006-12-13,2011-01-20,,https://patents.google.com/patent/DE602006018799D1/en,
DE-102009029414-A1,Method and device for improving the accuracy of a clutch torque of a clutch in an automated clutch system in a motor vehicle ,Robert Bosch Gmbh,"Danny Müller, Kaspar Schmoll Genannt Eisenwerth",2009-09-14,2009-09-14,2011-03-17,,https://patents.google.com/patent/DE102009029414A1/en,https://patentimages.storage.googleapis.com/8d/eb/0d/6cf76351cd6f49/00140000.png
EP-2167846-B1,Method for actuating a gear step in an automatic or automated transmission of a motor vehicle and corresponding motor vehicle ,ZF Friedrichshafen AG,"Klaus Steinhauser, Frank Worms, Bernd Zänglein, Walter Hecht, Stéphane KLEIN",2007-07-19,2008-07-03,2011-01-05,2011-01-05,https://patents.google.com/patent/EP2167846B1/en,
WO-2011029670-A1,Method and device for improving the accuracy of a coupling torque of a clutch in an automated clutch system in a motor vehicle ,Robert Bosch Gmbh,"Danny Mueller, Kaspar Schmoll Genannt Eisenwerth",2009-09-14,2010-08-02,2011-03-17,,https://patents.google.com/patent/WO2011029670A1/en,
AT-E520906-T1,CONTROL METHOD OF AN AUTOMATED MANUAL TRANSMISSION IN A FOUR-WHEEL DRIVE MOTOR VEHICLE ,Zahnradfabrik Friedrichshafen,Roland Mair,2007-07-27,2008-06-19,2011-09-15,2011-09-15,https://patents.google.com/patent/ATE520906T1/en,
EP-2174040-B1,A method for controlling an automated variable-speed transmission in a motor vehicle with all-wheel drive ,ZF Friedrichshafen AG,Roland Mair,2007-07-27,2008-06-19,2011-08-17,2011-08-17,https://patents.google.com/patent/EP2174040B1/en,
DE-502008002229-D1,AUTOMATIC OR AUTOMATED TRANSMISSION OF A MOTOR VEHICLE AND RELATIVE MOTOR VEHICLE ,Zahnradfabrik Friedrichshafen,"Klaus Steinhauser, Frank Worms, Bernd Zaenglein, Walter Hecht, Stephane Klein",2007-07-19,2008-07-03,2011-02-17,,https://patents.google.com/patent/DE502008002229D1/en,
AT-E494499-T1,METHOD FOR CONTROLLING A DRIVE LEVEL IN AN AUTOMATED OR AUTOMATED TRANSMISSION OF A MOTOR VEHICLE AND CORRESPONDING MOTOR VEHICLE ,Zahnradfabrik Friedrichshafen,"Klaus Steinhauser, Frank Worms, Bernd Zaenglein, Walter Hecht, Stephane Klein",2007-07-19,2008-07-03,2011-01-15,2011-01-15,https://patents.google.com/patent/ATE494499T1/en,
EP-2098763-A3,Method for controlling an automated power transmission of a motor vehicle ,GETRAG Getriebe- und Zahnradfabrik Hermann Hagenmeyer GmbH & Cie KG,"Günther Rühle, Hannes Kiessling, Jörg Zahn, Wolfram Nixdorf",2008-03-04,2009-02-26,2011-04-27,,https://patents.google.com/patent/EP2098763A3/en,
DE-102009027907-A1,Method and device for determining a clutch travel in an automated clutch system in a motor vehicle ,Robert Bosch Gmbh,"Ralf Schuler, bürgerl. Name Schmoll Kaspar Eisenwerth",2009-07-22,2009-07-22,2011-01-27,,https://patents.google.com/patent/DE102009027907A1/en,https://patentimages.storage.googleapis.com/61/fc/39/1c045c8059b34b/00170000.png
WO-2011009675-A1,Method and device for determining a clutch travel in an automated clutch system in a motor vehicle ,Robert Bosch Gmbh,"Ralf Schuler, Kaspar Schmoll Genannt Eisenwerth",2009-07-22,2010-06-08,2011-01-27,,https://patents.google.com/patent/WO2011009675A1/en,
UA-64293-U,Automated for fire alarm and control of fire-extinguishing in movable vehicles ,Александр Анатольевич Калашник,Александр Анатольевич Калашник,2011-02-17,2011-02-17,2011-11-10,,https://patents.google.com/patent/UA64293U/en,
US-2011062132-A1,Automated Assembly Method for a Motor Vehicle ,"Honda Motor Co., Ltd.","Sachin K. Raje, Ravi K. Sinha, Gary Elliott",2009-09-11,2009-09-11,2011-03-17,,https://patents.google.com/patent/US20110062132A1/en,https://patentimages.storage.googleapis.com/b4/cb/5f/ebd6420fe4d6ea/US20110062132A1-20110317-D00000.png
CN-201956721-U,Vehicle-mounted battery management system with bidirectional autonomous balance ,上海瑞华(集团)有限公司,"陆政德, 帅鸿元, 李嘉润",2011-02-24,2011-02-24,2011-08-31,2011-08-31,https://patents.google.com/patent/CN201956721U/en,https://patentimages.storage.googleapis.com/29/f1/5f/5b62d7fc282c87/HDA0000047848530000011.png
KR-101034192-B1,Robot device for cleaning solar panel ,파워에너텍 주식회사,"이준규, 이종현",2011-03-30,2011-03-30,2011-05-11,2011-05-11,https://patents.google.com/patent/KR101034192B1/en,https://patentimages.storage.googleapis.com/48/55/24/0f78befda56d8d/112011023331211-pat00001.png
RU-103190-U1,MOBILE MEASURING-COMPUTING SYSTEM FOR MEASUREMENTS AND ANALYSIS OF QUALITY INDICATORS OF ELECTRIC NETWORKS OF AUTONOMOUS VEHICLES ,"Валерий Сергеевич Соколов, Аркадий Андреевич Созыкин, Сергей Николаевич Слободян","Валерий Сергеевич Соколов, Аркадий Андреевич Созыкин, Сергей Николаевич Слободян",2010-10-13,2010-10-13,2011-03-27,2011-03-27,https://patents.google.com/patent/RU103190U1/en,
JP-4841478-B2,A method of laying a wire rope using an autonomous control vehicle ,中国電力株式会社,"健晶 中原, 洋二 志茂, 浩 松本",2007-03-22,2007-03-22,2011-12-21,2011-12-21,https://patents.google.com/patent/JP4841478B2/en,https://patentimages.storage.googleapis.com/32/b9/07/f146926a3ff234/0004841478-2.png
WO-2011033292-A1,Non-permanently tethered communication between an autonomous underwater vehicle and a base station ,Bae Systems Plc,Andrew Tonge,2009-09-15,2010-09-14,2011-03-24,,https://patents.google.com/patent/WO2011033292A1/en,
US-8011870-B2,Multi level automated car parking system ,"Subramanian Venkatraman, Venkatraman Guruprasad","Subramanian Venkatraman, Venkatraman Guruprasad",2005-09-13,2006-09-11,2011-09-06,2011-09-06,https://patents.google.com/patent/US8011870B2/en,https://patentimages.storage.googleapis.com/a2/e8/96/428511a38ecdcc/US08011870-20110906-D00000.png
JP-4665864-B2,Travel controller for automated guided vehicle ,株式会社明電舎,昌克 野村,2006-08-09,2006-08-09,2011-04-06,2011-04-06,https://patents.google.com/patent/JP4665864B2/en,https://patentimages.storage.googleapis.com/5b/59/e0/314da6366e6e47/0004665864-2.png
DE-202010017282-U1,Device for automated detection of objects by means of a moving vehicle ,Kurt Wolfert,,2010-05-25,2010-05-25,2011-08-26,,https://patents.google.com/patent/DE202010017282U1/en,https://patentimages.storage.googleapis.com/2c/d9/7d/4a3121ccce5097/00180000.png
FR-2957883-A1,"Method for automated starting of motor vehicle i.e. hybrid vehicle, involves calculating apogee rate at beginning of starting with target rate at end of starting at every moment by carrying linear combination of apogee rate and target rate ",Peugeot Citroen Automobiles Sa,Stephane Maurel,2010-03-25,2010-03-25,2011-09-30,,https://patents.google.com/patent/FR2957883A1/en,
CN-101589705-B,A laser weeding robot ,江苏大学,"刘继展, 李萍萍, 毛罕平, 陈树人",2009-06-26,2009-06-26,2011-06-01,2011-06-01,https://patents.google.com/patent/CN101589705B/en,https://patentimages.storage.googleapis.com/d8/45/ee/8dea3548c507df/HSB00000376672400012.png
US-2011257844-A1,Motor vehicle electric power assisted steering system ,Jtekt Europe,"Stephane Cassar, Sebastien Herault, Jean-Marc Kasbarian, Pierre Pilaz, Pascal Moulaire",2008-07-07,2009-06-23,2011-10-20,,https://patents.google.com/patent/US20110257844A1/en,https://patentimages.storage.googleapis.com/cc/3c/0c/8b759aaa5d1e4c/US20110257844A1-20111020-D00000.png
US-8051527-B2,Cleaning robot system of satellite type ,Ba-Do Lee,Ba-Do Lee,2006-04-10,2007-04-04,2011-11-08,2011-11-08,https://patents.google.com/patent/US8051527B2/en,https://patentimages.storage.googleapis.com/d2/71/3a/37096ca6fce0c5/US08051527-20111108-D00000.png
US-8036952-B2,Alternative selections for compound price quoting ,"Responselogix, Inc.","L. Thomas Mohr, Jagdish Rajan, Timothy D. Weaver",2007-06-30,2010-09-15,2011-10-11,2011-10-11,https://patents.google.com/patent/US8036952B2/en,https://patentimages.storage.googleapis.com/02/99/78/bba803b97356d4/US08036952-20111011-D00000.png
US-2011130913-A1,Unmanned aerial vehicle control systems ,Geneva Aerospace,"David S. Duggan, David A. Felio, Billy B. Pate, Vince R. Longhi, Jerry L. Petersen, Mark J. Bergee",2003-06-20,2010-11-30,2011-06-02,,https://patents.google.com/patent/US20110130913A1/en,https://patentimages.storage.googleapis.com/4f/01/18/aa38261d33a173/US20110130913A1-20110602-D00000.png
FR-2952456-A1,"Autonomous railway traffic management device, has processing circuit determining passage direction of railway vehicle and controls reading of data by reader and transmission of data towards information server by communication circuit ",Neopost Technologies,"Guilhem Juers, Ghjuvan Battisti Pantaloni, Sliamane Saidj, Adrien Vallet",2009-11-10,2009-11-10,2011-05-13,,https://patents.google.com/patent/FR2952456A1/en,
DE-102011010880-A1,"Method for controlling automated friction clutch utilized with e.g. dual clutch transmission of motor car, involves suspending adaptation of correlation between torque signal and operation stroke when signal rating is smaller than threshold ",Schaeffler Technologies Gmbh & Co. Kg,Dr. Reibold Ekkehard,2010-02-26,2011-02-10,2011-09-01,,https://patents.google.com/patent/DE102011010880A1/en,https://patentimages.storage.googleapis.com/62/e7/af/e51c0187a0b0e8/00090000.png
KR-20110070670-A,"Map generation method using autonomous robot, method for calculating optimal driving route using same and robot control device that performs them ",한국전자통신연구원,염정남,2009-12-18,2010-03-22,2011-06-24,,https://patents.google.com/patent/KR20110070670A/en,https://patentimages.storage.googleapis.com/6b/1e/ff/a6ba79064417d6/pat00001.png
DE-102010023374-A1,"Method for parameterization of automated friction clutch in drive train of motor vehicle, involves initiating new starting operation of friction clutch depending upon result of plausibility check of work values ",Luk Lamellen Und Kupplungsbau Beteiligungs Kg,Erhard Hodrus,2009-07-02,2010-06-10,2011-01-05,,https://patents.google.com/patent/DE102010023374A1/en,
FR-2945770-B1,CHARGER FOR TRANSFERRING ENERGY TO BATTERIES ON ELECTRIC MOVING CAR FOR MAXIMUM AUTONOMY OF THE VEHICLE. ,Yves Barbarie,Yves Barbarie,2009-05-20,2009-05-20,2011-06-10,2011-06-10,https://patents.google.com/patent/FR2945770B1/en,
EP-2057478-B1,System and method for relative positioning of an autonomous vehicle ,The Boeing Company,Mark A. Hreha,2006-09-01,2006-09-01,2011-11-16,2011-11-16,https://patents.google.com/patent/EP2057478B1/en,https://patentimages.storage.googleapis.com/72/1f/8d/62b8f5bbbdd3e1/imgf0001.png
JP-4735428-B2,Automated guided vehicle control system ,ムラテックオートメーション株式会社,"慎司 藤岡, 正章 戸田, 広介 小川",2006-06-09,2006-06-09,2011-07-27,2011-07-27,https://patents.google.com/patent/JP4735428B2/en,https://patentimages.storage.googleapis.com/fb/b7/03/78124443e2027a/0004735428-2.png
JP-4779683-B2,Automated guided vehicle ,株式会社明電舎,俊幸 上野,2006-02-08,2006-02-08,2011-09-28,2011-09-28,https://patents.google.com/patent/JP4779683B2/en,https://patentimages.storage.googleapis.com/c7/d4/75/21a788ead180f6/0004779683-2.png
JP-4800382-B2,Method and apparatus usable in automated assembly of vehicle tires ,コンチネンタル  アクチェンゲゼルシャフト,"マルクス・グロッペ, イェンス・ヴィンクラー",2005-05-24,2006-04-01,2011-10-26,2011-10-26,https://patents.google.com/patent/JP4800382B2/en,https://patentimages.storage.googleapis.com/37/0a/63/76e66a76224afb/0004800382-2.png
JP-4747274-B2,Automated guided vehicle equipment ,株式会社日立プラントテクノロジー,治正 山本,2007-07-24,2007-07-24,2011-08-17,2011-08-17,https://patents.google.com/patent/JP4747274B2/en,https://patentimages.storage.googleapis.com/66/b0/16/edf731f7f8879a/0004747274-2.png
DE-102010003922-A1,"Method for determining filling parameter of high-speed filling phase of shift member of e.g. automated gearbox of drive train of motor car, involves performing gear change when gradient of members is more than threshold value ",Zf Friedrichshafen Ag,Hugo Burkhart,2010-04-13,2010-04-13,2011-10-13,,https://patents.google.com/patent/DE102010003922A1/en,https://patentimages.storage.googleapis.com/01/fb/f5/f51e20010198e7/00140000.png
FR-2953367-A1,"Breeding kettle for use on rails of tables on yard to breed oyster spats, has automated arm driving kettle in rotation, where kettle swivels along maintenance axles in reservation part, and net assembled between stoppers ","Jean Louis Adam, Xavier Holopherne","Xavier Holopherne, Jean Louis Adam",2009-12-09,2009-12-09,2011-06-10,,https://patents.google.com/patent/FR2953367A1/en,
KR-101078364-B1,Autonomous guided vehicle control system and method for automatic transportation ser-vice in harbors using pseudo satelite ,"이만형, 안희태, 이길수, 김명국","이만형, 김명국, 이길수, 안희태",2009-07-24,2009-07-24,2011-10-31,2011-10-31,https://patents.google.com/patent/KR101078364B1/en,https://patentimages.storage.googleapis.com/81/0a/a8/6b8f46aaf1eacf/112009045378527-pat00001.png
FR-2948523-A1,"Autonomous sub-marine video device for use in e.g. sea, to record video images of e.g. aquatic fauna, has programmable control unit controlling driving mechanism and/or starting and stopping of video camera according to preset sequence ","Ifremer, Inst Rech Developpement Ird, Adecal Agence De Dev Economique","Dominique Pelletier, Gilles Herve",2009-07-23,2009-07-23,2011-01-28,,https://patents.google.com/patent/FR2948523A1/en,
EP-2147386-A4,AUTONOMOUS BEHAVIOR FOR A REMOTE VEHICLE ,Irobot Corp,"Emilie Phillips, E Pavlo Rudakevych, Orjeta Taka, James Gordon Wolfe, Tom Frost",2007-05-14,2008-04-14,2011-02-23,,https://patents.google.com/patent/EP2147386A4/en,
DE-102009027907-A8,Method and device for determining a clutch travel in an automated clutch system in a motor vehicle ,Robert Bosch Gmbh,"Ralf Schuler, Kaspar Schmoll Genannt Eisenwerth",2009-07-22,2009-07-22,2011-12-22,,https://patents.google.com/patent/DE102009027907A8/en,
JP-4788369-B2,Outriggers for automated guided vehicles ,株式会社明電舎,俊幸 上野,2006-02-08,2006-02-08,2011-10-05,2011-10-05,https://patents.google.com/patent/JP4788369B2/en,https://patentimages.storage.googleapis.com/d1/b7/de/ea0e23028b2ddb/0004788369-2.png
JP-4788368-B2,Outriggers for automated guided vehicles ,株式会社明電舎,俊幸 上野,2006-02-08,2006-02-08,2011-10-05,2011-10-05,https://patents.google.com/patent/JP4788368B2/en,https://patentimages.storage.googleapis.com/a8/87/04/74cbd37a95f565/0004788368-2.png
AT-E534041-T1,SYSTEM AND METHOD FOR RELATIVE POSITIONING OF AN AUTONOMOUS VEHICLE ,Boeing Co,Mark Hreha,2006-09-01,2006-09-01,2011-12-15,2011-12-15,https://patents.google.com/patent/ATE534041T1/en,
GB-2477123-B,An automated vehicle security device ,Koopal Farshid,Koopal Farshid,2010-01-22,2010-01-22,2011-12-07,2011-12-07,https://patents.google.com/patent/GB2477123B/en,
DE-102010024929-A1,"Method for controlling automated friction clutch arranged between motor and transmission of motor vehicle, involves closing clutch in long-distance operating condition of vehicle with lower speeds than in city traffic operating condition ",Luk Lamellen Und Kupplungsbau Beteiligungs Kg,"Michael Reuschel, Georg Göppert",2009-07-23,2010-06-24,2011-01-27,,https://patents.google.com/patent/DE102010024929A1/en,
DE-102010000885-A1,"Inductive load i.e. electromagnetic pressure regulator, current controlling method for automated gear box of motor car, involves actuating current output stage according to determined controller equation ","ZF Friedrichshafen AG, 88046","Pierre 88212 Dammé, Rainer Novak",2010-01-14,2010-01-14,2011-07-21,,https://patents.google.com/patent/DE102010000885A1/en,https://patentimages.storage.googleapis.com/af/a8/51/704f549b8e96b9/00150000.png
DE-102009048262-A1,"Method for operating automatic stop/start-system in motor vehicle, involves carrying out variation of frequency of automated execution of engine stop and start by reduction of frequency when stop and go condition parameters are determined ",Daimler Ag,Volker Dipl.-Ing. Marx,2009-10-05,2009-10-05,2011-04-07,,https://patents.google.com/patent/DE102009048262A1/en,https://patentimages.storage.googleapis.com/74/76/88/205157f9b199d9/00110000.png
DE-102009042935-A1,"Locking device i.e. parking lock, for e.g. automated transmission of motor vehicle, has two spring elements and stoppers, where one of elements is supported at one of stoppers and actuating element in non-operating position ",Daimler Ag,Lucas Hendrik Dipl.-Ing. Knape,2009-09-24,2009-09-24,2011-03-31,,https://patents.google.com/patent/DE102009042935A1/en,https://patentimages.storage.googleapis.com/8f/5c/d8/59c306e2599b4f/00120000.png
KR-20110066897-A,Transporter's Automated Vehicle Management System ,주식회사 유디텍,"이우열, 인유진, 정종하",2009-12-11,2010-12-13,2011-06-17,,https://patents.google.com/patent/KR20110066897A/en,https://patentimages.storage.googleapis.com/7a/e9/d3/159b585db9cb9f/pat00001.png
CN-201816450-U,Electromotion Mechanical Automated Transmission device and automobile using the same ,上海汽车集团股份有限公司,"黄智明, 甘道辉, 张东波, 马振堃",2010-10-15,2010-10-15,2011-05-04,2011-05-04,https://patents.google.com/patent/CN201816450U/en,https://patentimages.storage.googleapis.com/e3/dd/93/05e300cccafb3f/HSA00000305449200011.png
JP-4840013-B2,Automated guided vehicle ,株式会社明電舎,俊幸 上野,2006-07-31,2006-07-31,2011-12-21,2011-12-21,https://patents.google.com/patent/JP4840013B2/en,https://patentimages.storage.googleapis.com/07/f7/83/ffc214e477e065/0004840013-2.png
DE-102010016333-A1,"Clamping apparatus i.e. toggle lever clamping apparatus, for manufacturing of automated automobile to clamp metal sheet between clamping jaws, has resonator carrier acquiring pivoting angle of clamping arm relative to housing ",Turck Holding Gmbh,Jens Müller,2010-04-06,2010-04-06,2011-10-06,,https://patents.google.com/patent/DE102010016333A1/en,https://patentimages.storage.googleapis.com/f8/da/1c/a15ddab102bf03/00210000.png
CN-201884622-U,Automobile AMT (automated manual transmission) control mechanism ,浙江华邦机械有限公司,颜邦寿,2010-12-21,2010-12-21,2011-06-29,2011-06-29,https://patents.google.com/patent/CN201884622U/en,https://patentimages.storage.googleapis.com/29/3f/94/f195c0f1e9d1fb/101221190954.png
WO-2011147010-A1,"Electric energy generating assembly incorporated into the wheel(s) of electric vehicles, either hybrid or powered exclusively by electric energy, by a hydrogen fuel cell, or any other automotive technologies that use an electric motor as propulsion means, said generator allowing a substantial increase in the running autonomy of the electric vehicle ","Wellington Saad Larcipretti, Nicolas Del Collado Larcipretti","Wellington Saad Larcipretti, Nicolas Del Collado Larcipretti",2010-05-24,2011-05-24,2011-12-01,,https://patents.google.com/patent/WO2011147010A1/en,
BR-PI0902523-A2,"automated hydraulic lifting system of light, heavy and extra heavy vehicles ",Carlos Roberto Queiroga Santos,Carlos Roberto Queiroga Santos,2009-07-16,2009-07-16,2011-03-15,,https://patents.google.com/patent/BRPI0902523A2/en,
KR-101043421-B1,Pipeline autonomous vehicle with leveling function ,(주)동화이엔지,전민수,2008-10-17,2008-10-17,2011-06-22,2011-06-22,https://patents.google.com/patent/KR101043421B1/en,https://patentimages.storage.googleapis.com/a7/a4/28/e2ada02dd1eaf9/112008072225730-pat00001.png
ES-2344825-B1,CONTROL SYSTEM OF AN AUTONOMOUS SUBMARINE VEHICLE. ,Universidad Politecnica De Cartagena,"Cipriano Ramos Lage, Antonio Guerrero Gonzalez",2009-03-06,2009-03-06,2011-05-23,2011-05-23,https://patents.google.com/patent/ES2344825B1/en,
US-8007057-B2,Method and system for controlling the creep behavior of a vehicle equipped with an automated clutch ,Schaeffler Technologies Gmbh & Co. Kg,Wolfgang Niessen,2001-06-13,2003-12-11,2011-08-30,2011-08-30,https://patents.google.com/patent/US8007057B2/en,https://patentimages.storage.googleapis.com/47/71/d7/c81b891fc7bf90/US08007057-20110830-D00000.png
CN-101713999-B,Navigation control method of underground autonomous scraper ,北京矿冶研究总院,"石峰, 顾洪枢, 战凯, 冯孝华, 郭鑫, 周俊武, 李建国, 刘立, 冯茂林, 陈树新, 迟洪鹏",2009-11-18,2009-11-18,2011-09-07,2011-09-07,https://patents.google.com/patent/CN101713999B/en,https://patentimages.storage.googleapis.com/37/2d/d0/334b41a73216ba/H2009102380663E00011.png
KR-101087407-B1,Anti-collision control system for vehicles ,지멘스 에스에이에스,"레지 드구쥬, 로랑 삐노리, 스떼판느 깔레",2007-02-07,2007-02-07,2011-11-30,2011-11-30,https://patents.google.com/patent/KR101087407B1/en,https://patentimages.storage.googleapis.com/ec/1d/e8/1b42b6980c0534/112009048141933-pct00001.png
EP-1886890-B1,Method for adjusting the clutch torque of a motor vehicle in relation to the driving resistance ,ZF Friedrichshafen AG,"Franz Bitzer, Peter Herter, Rainer Petzold, Mario Steinborn",2006-08-11,2007-07-24,2011-06-22,2011-06-22,https://patents.google.com/patent/EP1886890B1/en,
CN-101189153-B,Drive train of a vehicle and method for controlling a drive train ,戴姆勒股份公司,"N·埃布纳, P·许斯勒, A·林克",2005-04-05,2006-04-04,2011-12-14,2011-12-14,https://patents.google.com/patent/CN101189153B/en,https://patentimages.storage.googleapis.com/64/cc/17/8a9620e0349435/S2006800198444E00011.png
US-8006849-B2,Processing apparatus and method of operation thereof ,Rmt Robotics Limited,"Douglas M. Pickard, Richard Baumann, Tom Pollard, John Hordyk",2005-11-08,2008-05-07,2011-08-30,2011-08-30,https://patents.google.com/patent/US8006849B2/en,https://patentimages.storage.googleapis.com/9a/2b/56/e25c450e52b08e/US08006849-20110830-D00000.png
US-2011301786-A1,Remote Vehicle Control System and Method ,"Daniel Allis, Robert Todd Pack","Daniel Allis, Robert Todd Pack",2010-05-12,2011-05-12,2011-12-08,,https://patents.google.com/patent/US20110301786A1/en,https://patentimages.storage.googleapis.com/76/a4/5c/71b86b7ade139d/US20110301786A1-20111208-D00000.png
US-2011084851-A1,System and method for assisting in the refilling of agricultural vehicles ,Agco Corporation,"John Peterson, Dave Lovell",2009-10-12,2009-10-12,2011-04-14,,https://patents.google.com/patent/US20110084851A1/en,https://patentimages.storage.googleapis.com/10/0c/32/8fd660620a846f/US20110084851A1-20110414-D00000.png
US-2011054717-A1,Remote Vehicle ,"Brian Masao Yamauchi, Kent Conway Massey, David Aaron Lafferty","Brian Masao Yamauchi, Kent Conway Massey, David Aaron Lafferty",2009-08-07,2010-08-09,2011-03-03,,https://patents.google.com/patent/US20110054717A1/en,https://patentimages.storage.googleapis.com/32/20/dc/b1f308c187ab8c/US20110054717A1-20110303-D00000.png
EP-2394862-A1,Vehicle pull-out mode selection display apparatus ,"Honda Motor Co., Ltd.",Takeshi Sasajima,2009-03-13,2010-03-05,2011-12-14,,https://patents.google.com/patent/EP2394862A1/en,https://patentimages.storage.googleapis.com/81/fc/fb/292ce9692ee1b3/imgf0001.png
US-2011288695-A1,Control interface for unmanned vehicles ,"Clearpath Robotics, Inc.","Ryan GARIEPY, Michael James PURVIS",2010-05-18,2011-05-17,2011-11-24,,https://patents.google.com/patent/US20110288695A1/en,https://patentimages.storage.googleapis.com/5b/3c/90/ddb4813b64df77/US20110288695A1-20111124-D00000.png
CN-101436074-B,Autonomous Underwater Robot Using Simultaneous Localization and Mapping Approach ,中国海洋大学,"何波, 王国宇, 刘贵杰, 崔国霖, 程军娜",2008-12-06,2008-12-06,2011-01-26,2011-01-26,https://patents.google.com/patent/CN101436074B/en,https://patentimages.storage.googleapis.com/30/b2/95/ea334563720c88/H200810237864XE00011.png
ES-2361780-T3,FLYING ARTIFACT. ,Burkhard Wiggerich,Burkhard Wiggerich,2006-06-26,2007-03-31,2011-06-22,2011-06-22,https://patents.google.com/patent/ES2361780T3/en,
FR-2959854-A1,"Automated managing equipment for managing parking spaces of motor vehicles i.e. electric cars, in delimited geographical area i.e. urban space, has pre-payment recording unit whose part is located inside interactive terminal ",Esm Etude Stationnement Manager,"Guy Saint-Martin, Eric Saint-Martin",2010-05-07,2010-05-07,2011-11-11,,https://patents.google.com/patent/FR2959854A1/en,
CN-101443636-B,Method used to obtain car mass ,Zf腓德烈斯哈芬股份公司,"维尔纳·沃尔夫冈, 迈克·维特纳, 英戈·索特",2006-05-12,2007-04-25,2011-02-09,2011-02-09,https://patents.google.com/patent/CN101443636B/en,
CN-101777743-B,Intelligent robot for removing ice in high-voltage transmission line ,湖南大学,"王耀南, 印峰, 杨易旻, 魏书宁, 谭磊, 沈春生, 曹文明, 王聪",2010-03-30,2010-03-30,2011-11-30,2011-11-30,https://patents.google.com/patent/CN101777743B/en,https://patentimages.storage.googleapis.com/bd/9d/dc/24844b40abb748/HDA0000020275460000011.png
CN-101625573-B,Digital signal processor based inspection robot monocular vision navigation system ,中国科学院自动化研究所,"谭民, 侯增广, 梁自泽, 李恩, 傅思遥, 蔡丽, 景奉水, 左歧, 赵晓光, 杨国栋, 邓海波",2008-07-09,2008-07-09,2011-11-09,2011-11-09,https://patents.google.com/patent/CN101625573B/en,https://patentimages.storage.googleapis.com/f8/80/9f/44a40d782f2a7d/S2008101163941E00011.png
US-7946372-B2,Dual tracked mobile robot for motion in rough terrain ,"Ariel—University Research and Development Company Ltd.,","Shoval Shraga, Amir Shapiro",2005-11-21,2006-11-20,2011-05-24,2011-05-24,https://patents.google.com/patent/US7946372B2/en,https://patentimages.storage.googleapis.com/75/ee/86/68233aeacb1f41/US07946372-20110524-D00000.png
KR-101069840-B1,Winch and autonomous mobile apparatus including the same ,삼성중공업 주식회사,"김상휘, 조승호, 김현구, 박영준, 조기수",2009-04-06,2009-04-06,2011-10-04,2011-10-04,https://patents.google.com/patent/KR101069840B1/en,https://patentimages.storage.googleapis.com/62/14/b9/eba748f0f0a33c/112009020702981-pat00001.png
GB-2473379-A,Vehicle diagnostics based on information communicated between vehicles ,Oshkosh Corp,"Jacob Fischer, Dale Frampton, Gary Schmiedel, Christopher K Yakes, Alberto Broggi",2008-05-16,2009-05-14,2011-03-09,,https://patents.google.com/patent/GB2473379A/en,
RU-2009133351-A,"FEEDING TROLLEY FOR FEEDING ANIMALS, SUCH AS COWS ","Масланд Н.В. (Nl), Масланд Н.В.","ДЕН БЕРГ Карел ВАН (NL), ДЕН БЕРГ Карел ВАН",2007-02-06,2008-01-24,2011-03-20,,https://patents.google.com/patent/RU2009133351A/en,
US-7928856-B2,Method of sampling a modulated signal driven channel ,Microsemi Corp. -Analog Mixed Signal Group Ltd.,"Migel JACUBOVSKI, Alon Ferentz, Roni Blaut",2007-07-17,2008-07-10,2011-04-19,2011-04-19,https://patents.google.com/patent/US7928856B2/en,https://patentimages.storage.googleapis.com/88/e5/77/4d672acf40366d/US07928856-20110419-D00000.png
EP-2214940-B1,Driver assistance system for a motor vehicle ,WABCO GmbH,"Karsten Breuer, Ruppert Kamping, Hartmut Kitterer",2007-10-20,2008-07-17,2011-02-09,2011-02-09,https://patents.google.com/patent/EP2214940B1/en,https://patentimages.storage.googleapis.com/6f/1b/27/1275805010d9e6/imgf0001.png
CN-101261134-B,Vehicle mounted positioning navigation terminal facing emergent rescuing ,北京航空航天大学,"赫阳, 李超, 曾罗成, 张挺, 熊璋",2008-01-04,2008-01-04,2011-05-18,2011-05-18,https://patents.google.com/patent/CN101261134B/en,https://patentimages.storage.googleapis.com/1e/73/be/c8ad8f85968d9d/S2008100556515E00011.png
CN-201787926-U,An online solder paste printing testing equipment ,东莞市奥普特自动化科技有限公司,"卢盛林, 贺珍真, 黄维闰, 师雪超, 母华成",2010-09-30,2010-09-30,2011-04-06,2011-04-06,https://patents.google.com/patent/CN201787926U/en,https://patentimages.storage.googleapis.com/80/27/9a/55889c2684004c/100930114105.png
US-8028651-B2,Dosing system for a coating plant ,"Durr Systems, Inc.","Lothar Rademacher, Wolfgang Schmid",2006-05-09,2008-04-21,2011-10-04,2011-10-04,https://patents.google.com/patent/US8028651B2/en,https://patentimages.storage.googleapis.com/8f/6f/36/6ca2bd970aeadb/US08028651-20111004-D00000.png
EP-2159456-B1,Method for controlling an automated shift transmission ,Getrag Ford Transmissions GmbH,"Martin Dr. Leibbrandt, Ulrich Eggert",2008-08-25,2009-08-07,2011-10-19,2011-10-19,https://patents.google.com/patent/EP2159456B1/en,https://patentimages.storage.googleapis.com/d3/42/f1/4cc320177d2993/imgf0001.png
CN-101430176-B,Intelligent movable cleaning robot for condenser ,湖南大学,"王耀南, 朱江, 宁伟, 余洪山, 孙程鹏, 邓霞, 许海霞, 夏汉民, 胡淼, 钱存海",2008-11-25,2008-11-25,2011-04-20,2011-04-20,https://patents.google.com/patent/CN101430176B/en,https://patentimages.storage.googleapis.com/3f/44/0c/36087f07b57d00/DEST_PATH_H200810143704901E00011.png
CN-101445156-B,Technology for integrating intelligent aerial robotic system ,龚文基,龚文基,2008-05-15,2008-05-15,2011-05-25,2011-05-25,https://patents.google.com/patent/CN101445156B/en,https://patentimages.storage.googleapis.com/76/52/04/958163357265a1/S2008100978076E00011.png
US-7945365-B2,"Method for influencing an automatic gearbox, taking into consideration the tractional resistance ",Zf Friedrichshafen Ag,"Markus Eisele, Harry Nolzen, Jürgen Blaser, Harm Adams",2005-10-18,2006-09-30,2011-05-17,2011-05-17,https://patents.google.com/patent/US7945365B2/en,https://patentimages.storage.googleapis.com/79/37/91/241202d4a891be/US07945365-20110517-D00000.png
US-8065069-B2,Vehicle and control method thereof ,Toyota Jidosha Kabushiki Kaisha,"Kunihiko Jinno, Tadashi Nakagawa, Masahiko Maeda, Hideaki Yaguchi",2007-01-12,2007-10-25,2011-11-22,2011-11-22,https://patents.google.com/patent/US8065069B2/en,https://patentimages.storage.googleapis.com/e1/d7/b8/3d1fadffe19bab/US08065069-20111122-D00000.png
EP-2032405-B1,Micro-hybrid system for motor vehicle incorporating a piloting strategies module ,Valeo Equipements Electriques Moteur,"Oussama Rouis, Farouk Boudjemai, Brice Lecole, Julien Masfaraud, Magali Laurence, Matthieu Treguer, Hugues Doffin, Cédric LEBOEUF, Ertugrul Taspinar, Paul Armiroli, Alain Gerard, Jean-Marc Dubus, Arnaud De Vries, Eric Blanc",2006-06-27,2007-05-04,2011-11-16,2011-11-16,https://patents.google.com/patent/EP2032405B1/en,https://patentimages.storage.googleapis.com/1e/45/e5/597ce509d18936/imgf0001.png
CN-101806586-B,Method and device for measuring section contour of sealing strip of vehicle based on image matching ,上海交通大学,"杜正春, 朱逸, 郭扬",2010-04-21,2010-04-21,2011-08-31,2011-08-31,https://patents.google.com/patent/CN101806586B/en,https://patentimages.storage.googleapis.com/c5/1d/4b/6028a123048e6f/HDA0000020777600000011.png
EP-1938001-B1,"Method for influencing an automatic gearbox, taking into consideration the tractional resistance ",ZF Friedrichshafen AG,"Markus Eisele, Harry Nolzen, Juergen Blaser, Harm Adams",2005-10-18,2006-09-30,2011-03-09,2011-03-09,https://patents.google.com/patent/EP1938001B1/en,
EP-2032364-B1,Numbering device for typographic numbering ,Kba-Giori S.A.,"Alain Würsch, Antoine Merminod",2006-06-23,2007-06-20,2011-01-19,2011-01-19,https://patents.google.com/patent/EP2032364B1/en,https://patentimages.storage.googleapis.com/ad/27/2a/24e743f54455c0/imgf0001.png
US-7976431-B2,Method for shifting actuation of an automated group transmission ,Zf Friedrichshafen Ag,"Josef Bader, Andreas Graf, Martin Miller, Mario Steinborn, Thomas Hafen",2007-09-15,2008-09-09,2011-07-12,2011-07-12,https://patents.google.com/patent/US7976431B2/en,https://patentimages.storage.googleapis.com/73/09/f1/e26679257f3f1d/US07976431-20110712-D00000.png
KR-101077189-B1,Green Walnut husker with automated husk separator ,대한민국,"오재헌, 김재원, 송태영, 조구현",2008-12-16,2008-12-16,2011-10-31,2011-10-31,https://patents.google.com/patent/KR101077189B1/en,https://patentimages.storage.googleapis.com/d3/c9/85/ae50e047d36f48/112008086453479-pat00001.png
ES-2356496-T3,"PROCEDURE AND DEVICE FOR ADAPTING SPEED CHANGES IN A VEHICLE OR HEAVY STRATEGIES, WHICH INCLUDES AN AUTOMATIC TRANSMISSION AND SUBJECTED TO A LOAD BY POWER. ",Volvo Lastvagnar Ab,"Svante Karlsson, Erik Lauri",2005-09-08,2006-09-08,2011-04-08,2011-04-08,https://patents.google.com/patent/ES2356496T3/en,
CN-101432177-B,Active rail transport system ,乌韦·施塔恩,乌韦·施塔恩,2006-04-30,2007-04-29,2011-04-13,2011-04-13,https://patents.google.com/patent/CN101432177B/en,https://patentimages.storage.googleapis.com/f3/74/04/1fdefb36372cfc/200780015648400011.png
FR-2958463-A1,ELECTRICAL CIRCUIT FOR A MOTOR VEHICLE WITH AN AUTONOMOUS RECTIFIER ,Valeo Sys Controle Moteur Sas,Bruno Hadjelis,2010-03-31,2010-03-31,2011-10-07,,https://patents.google.com/patent/FR2958463A1/en,
DE-102010003443-A1,"Coupling or braking device for use as control element in automated transmission or automat-, distributor- or axle transmission of motor vehicle, has electromagnetic actuation, which positively connects external friction disk ",Zf Friedrichshafen Ag,"Michael Pantke, David Vopel",2010-03-30,2010-03-30,2011-10-06,,https://patents.google.com/patent/DE102010003443A1/en,https://patentimages.storage.googleapis.com/45/b8/66/9ae97c20e7ab2d/00140000.png
CN-101472743-B,Numbering device for typographic numbering ,卡巴-乔利有限公司,"艾伦·伍尔奇, 安托万·蒙米努德",2006-06-23,2007-06-20,2011-05-11,2011-05-11,https://patents.google.com/patent/CN101472743B/en,https://patentimages.storage.googleapis.com/55/97/64/610d5b05687be7/H2007800230016E00011.png
US-7967238-B2,Composite air vehicle having a heavier-than-air vehicle tethered to a lighter-than-air vehicle ,The Boeing Company,"Ronald P. Fuchs, Daniel J. Gadler, Rodney B. Kendrick, John L. McIver",2006-09-05,2006-09-05,2011-06-28,2011-06-28,https://patents.google.com/patent/US7967238B2/en,https://patentimages.storage.googleapis.com/ac/71/1d/b70e450f52b82c/US07967238-20110628-D00000.png
CN-101239418-B,A flyer-driven laser micro-welding method and device ,江苏大学,"王霄, 杨昆, 刘会霞, 张惠中, 王匀, 周明, 蔡兰",2008-02-19,2008-02-19,2011-07-06,2011-07-06,https://patents.google.com/patent/CN101239418B/en,https://patentimages.storage.googleapis.com/db/f3/1b/dbf543db8d6db2/S2008100206441E00011.png
US-8054520-B2,Space scanner for autonomous mobile device ,"Samsung Electro-Mechanics Co., Ltd.","Jung Eun Noh, Dong Ik Shin, Back Kue Lee, Hong Ki Kim",2008-09-23,2009-04-13,2011-11-08,2011-11-08,https://patents.google.com/patent/US8054520B2/en,https://patentimages.storage.googleapis.com/b0/f8/e1/9c24e9a4f88dfa/US08054520-20111108-D00000.png
US-8055402-B2,Fault-detection methods for motor vehicle gearboxes ,Getrag Getriebe- Und Zahnradfabrik Hermann Hagenmeyer Gmbh & Cie Kg,"Martin Seufert, Ralf Hettich, Josef Glatthaar, Ralph Richter, Tobias Kalisch, Marius Bryzgalski, Joerg Moellmann",2007-10-17,2010-06-07,2011-11-08,2011-11-08,https://patents.google.com/patent/US8055402B2/en,https://patentimages.storage.googleapis.com/3a/7c/b4/129d194ffcc765/US08055402-20111108-D00000.png
US-RE42569-E,"Display unit, electronic device using the same, and method of inspecting the display unit ",Seiko Epson Corporation,Shigeki Aoki,1999-08-12,2008-10-30,2011-07-26,2011-07-26,https://patents.google.com/patent/USRE42569E1/en,https://patentimages.storage.googleapis.com/c0/50/fa/c0339f05c72a2d/USRE042569-20110726-D00000.png
EP-2129930-B1,Method for controlling an automated friction clutch ,ZF Friedrichshafen AG,"Rainer Petzold, Peter Herter, Franz Bitzer, Joachim Staudinger",2007-03-31,2008-03-25,2011-12-07,2011-12-07,https://patents.google.com/patent/EP2129930B1/en,https://patentimages.storage.googleapis.com/e4/5c/f6/0419744a5445bf/imgf0001.png
EP-2201269-B1,Fault detection method for motor vehicle transmissions ,GETRAG Getriebe- und Zahnradfabrik Hermann Hagenmeyer GmbH & Cie KG,"Martin Seufert, Ralf Hettich, Josef Glatthaar, Ralph Richter, Tobias Kalisch, Marius Bryzgalski, Joerg Moellmann",2007-10-17,2008-09-11,2011-11-16,2011-11-16,https://patents.google.com/patent/EP2201269B1/en,https://patentimages.storage.googleapis.com/3e/7f/e0/1f8309dee1dd5b/imgf0001.png
ES-2340244-B2,MACHINE FOR AUTOMATIC COLLECTION OF FRUITS CULTIVATED IN ROWS. ,Soluciones Roboticas Agricolas Slu,"Juan Bravo Trinidad, Jose Luis Bravo Trinidad",2008-10-16,2008-10-16,2011-01-03,2011-01-03,https://patents.google.com/patent/ES2340244B2/en,
CN-101549744-B,Hybrid multifunctional ocean monitoring independent platform ,天津大学,"王树新, 孙秀军, 王延辉, 张宏伟, 杨燕",2009-05-14,2009-05-14,2011-04-20,2011-04-20,https://patents.google.com/patent/CN101549744B/en,https://patentimages.storage.googleapis.com/02/e8/dc/efdbd122fb9f83/H2009100688400E00012.png
CN-101387522-B,Magnetic guidance sensor ,吉林大学,"王君, 赵静",2008-09-02,2008-09-02,2011-04-27,2011-04-27,https://patents.google.com/patent/CN101387522B/en,https://patentimages.storage.googleapis.com/56/8b/5a/32f752fb34d14f/H200810050826301E00011.png
US-8051734-B2,Gear shift device for an automatic transmission of a motor vehicle ,Daimler Ag,Detlef Schnitzer,2005-04-05,2007-10-04,2011-11-08,2011-11-08,https://patents.google.com/patent/US8051734B2/en,https://patentimages.storage.googleapis.com/4a/18/cd/59cada66e42407/US08051734-20111108-D00000.png
US-8016717-B2,Motor vehicle drive train and method for controlling a drive train ,Daimler Ag,"Norbert Ebner, Pascal Heusler, Anton Rink",2005-04-05,2007-10-04,2011-09-13,2011-09-13,https://patents.google.com/patent/US8016717B2/en,https://patentimages.storage.googleapis.com/6c/4b/bd/603b30eaae578a/US08016717-20110913-D00000.png
EP-2001718-B1,Control apparatus for motor vehicles for learning to automatically travel along a predefined ideal line ,Bayerische Motoren Werke Aktiengesellschaft,"Peter Waldmann, Helmut Spannheimer",2006-04-06,2007-04-04,2011-03-30,2011-03-30,https://patents.google.com/patent/EP2001718B1/en,https://patentimages.storage.googleapis.com/07/df/1e/b4be798255f0b4/imgf0001.png
DE-102010003433-B4,Methods and devices for rescuing persons in the water ,Institut für Sicherheitstechnik/Schiffssicherhheit e.V.,"Prof. Dr.-Ing. Hahne Joachim, Dr.-Ing. Tober Horst, Jan Sommer",2010-03-30,2010-03-30,2011-11-17,2011-11-17,https://patents.google.com/patent/DE102010003433B4/en,https://patentimages.storage.googleapis.com/c9/cc/38/2e3bbd9003c956/00170000.png
RU-2010108648-A,AIR AND ENERGY INSTALLATION (VEU) FOR AUTONOMOUS CHARGING OF BATTERIES (BATTERIES) OF VEHICLES DURING THEIR MOTION ,"Иван Иванович Пеньков (RU), Иван Иванович Пеньков","Иван Иванович Пеньков (RU), Иван Иванович Пеньков",2010-03-11,2010-03-11,2011-09-20,,https://patents.google.com/patent/RU2010108648A/en,
CN-101469991-B,All-day structured road multi-lane line detection method ,南京理工大学,"赵春霞, 张浩峰, 任明武, 唐振民, 唐佐林, 孙兴华, 杨静宇",2007-12-26,2007-12-26,2011-08-10,2011-08-10,https://patents.google.com/patent/CN101469991B/en,https://patentimages.storage.googleapis.com/b2/45/6a/30d55df04d343e/S2007101923841E00011.png
CN-202016445-U,Finished vehicle controller for electric vehicle ,北京理工华创电动车技术有限公司,"林程, 孙逢春, 韩冰",2011-04-18,2011-04-18,2011-10-26,2011-10-26,https://patents.google.com/patent/CN202016445U/en,
US-7878942-B2,Method for shifting actuation of an automated transmission ,Zf Friedrichshafen Ag,"Josef Bader, Andreas Graf, Martin Miller, Mario Steinborn, Thomas Hafen",2007-09-15,2008-09-09,2011-02-01,2011-02-01,https://patents.google.com/patent/US7878942B2/en,https://patentimages.storage.googleapis.com/80/d4/85/f95611f9023bb4/US07878942-20110201-D00000.png
EP-2069654-B1,Method for clutch protection ,Volvo Lastvagnar AB,"Henrik Ryberg, Erik Lauri, Svante Karlsson, Lars Karlsson",2006-09-18,2007-09-13,2011-05-25,2011-05-25,https://patents.google.com/patent/EP2069654B1/en,https://patentimages.storage.googleapis.com/0a/2f/15/d8a1a7551f345e/imgf0001.png
US-7913801-B2,Steering device for construction vehicle ,"Hitachi Construction Machinery Co., Ltd.","Tsuyoshi Nakamura, Kentaro Itoga, Hiroyuki Azuma, Kazunori Nakamura",2007-01-25,2008-01-22,2011-03-29,2011-03-29,https://patents.google.com/patent/US7913801B2/en,https://patentimages.storage.googleapis.com/59/12/f4/3e8ccf6db8bc5f/US07913801-20110329-D00000.png
CN-101833338-B,Control method of underactuated motion in vertical plane for unmanned underwater vehicle ,哈尔滨工程大学,"施小成, 陈江, 徐健, 严浙平",2010-05-17,2010-05-17,2011-08-03,2011-08-03,https://patents.google.com/patent/CN101833338B/en,https://patentimages.storage.googleapis.com/f1/30/8e/e746b474cbd81a/HSA00000122013900011.png
KR-101064966-B1,Automated microscope with slide loader for automatic feeding of microscope slides ,김정우,김정우,2009-04-07,2009-04-07,2011-09-16,2011-09-16,https://patents.google.com/patent/KR101064966B1/en,https://patentimages.storage.googleapis.com/f1/bb/77/fc9b768807f436/112009020845440-pat00001.png
US-2011034296-A1,Method and drive train for performing a gear shift in a vehicle ,Volvo Lastvagnar Ab,Hans Stervik,2008-05-09,2008-05-09,2011-02-10,,https://patents.google.com/patent/US20110034296A1/en,https://patentimages.storage.googleapis.com/61/6f/dd/d78a8bbac8db56/US20110034296A1-20110210-D00000.png
US-8062177-B2,Method for selecting a neutral position of a motor vehicle transmission and for selecting a parking gear of a motor vehicle ,Zf Friedrichshafen Ag,"Walter Hecht, Armin Gierling, Klaus Steinhauser, Frank WORMS, Bernd Zänglein, Stéphane Klein",2007-10-24,2008-10-24,2011-11-22,2011-11-22,https://patents.google.com/patent/US8062177B2/en,https://patentimages.storage.googleapis.com/30/74/54/614d936d0459b5/US08062177-20111122-D00000.png
US-7962263-B2,Adaptive nonlinear steering control system and method for work vehicles ,Cnh America Llc,Guoping Wang,2008-04-03,2008-04-03,2011-06-14,2011-06-14,https://patents.google.com/patent/US7962263B2/en,https://patentimages.storage.googleapis.com/1e/9e/62/efcd7da096856a/US07962263-20110614-D00000.png
US-8062176-B2,Method for the automatic control of a neutral position and a parking lock of a motor vehicle transmission ,Zf Friedrichshafen Ag,"Walter Hecht, Armin Gierling, Klaus Steinhauser, Frank WORMS, Bernd Zänglein, Stéphane Klein",2007-10-24,2008-10-24,2011-11-22,2011-11-22,https://patents.google.com/patent/US8062176B2/en,https://patentimages.storage.googleapis.com/0f/81/d1/5eab08399bf10a/US08062176-20111122-D00000.png
US-7995191-B1,Scannerless laser range imaging using loss modulation ,Sandia Corporation,John V. Sandusky,2006-06-29,2006-06-29,2011-08-09,2011-08-09,https://patents.google.com/patent/US7995191B1/en,https://patentimages.storage.googleapis.com/fc/25/bd/246bf4f3ae2aff/US07995191-20110809-D00000.png
CN-101746587-B,Automated three-dimensional container ,济南汇力数控机械有限公司,"吴彦斌, 赵刚, 王联翠",2010-01-07,2010-01-07,2011-11-16,2011-11-16,https://patents.google.com/patent/CN101746587B/en,https://patentimages.storage.googleapis.com/8d/cc/68/75e89232e34380/H2010100118062E00021.png
US-2011276172-A1,System for assembling aircraft ,The Boeing Company,"James M. Cobb, John G. Barnes, Alan K. Jones, Brian K. Sollenberger, Patrick B. Stone",2007-10-26,2011-07-14,2011-11-10,,https://patents.google.com/patent/US20110276172A1/en,https://patentimages.storage.googleapis.com/79/a3/52/9c2d7cfd193f0e/US20110276172A1-20111110-D00000.png
US-2011270571-A1,System for assembling aircraft ,The Boeing Company,"James M. Cobb, John G. Barnes, Alan K. Jones, Brian K. Sollenberger, Patrick B. Stone",2007-10-26,2011-07-14,2011-11-03,,https://patents.google.com/patent/US20110270571A1/en,https://patentimages.storage.googleapis.com/5a/92/bf/5961d396c9ada6/US20110270571A1-20111103-D00000.png
US-2011307043-A1,Apparatus and system for implanting an autonomous intracardiac capsule ,Sorin Crm S.A.S.,Jean-Francois Ollivier,2010-06-14,2011-06-14,2011-12-15,,https://patents.google.com/patent/US20110307043A1/en,https://patentimages.storage.googleapis.com/a4/1f/a4/342a1e2304060d/US20110307043A1-20111215-D00000.png
US-2011238300-A1,Geofence-based triggers for automated data collection ,"United Parcel Service Of America, Inc.",Christopher T. Schenken,2010-03-23,2011-03-21,2011-09-29,,https://patents.google.com/patent/US20110238300A1/en,https://patentimages.storage.googleapis.com/f0/55/cd/1b813c077030cf/US20110238300A1-20110929-D00000.png
US-2011154589-A1,Powered cleaning appliance ,Reindle Mark E,Mark E. Reindle,2004-04-02,2011-03-08,2011-06-30,,https://patents.google.com/patent/US20110154589A1/en,https://patentimages.storage.googleapis.com/9c/61/77/094adcf29321cf/US20110154589A1-20110630-D00000.png
US-2011161141-A1,Bicycle rental system and station ,8D Technologies Inc.,"Isabelle Bettez, Jean-Sebastien Bettez",2008-03-20,2011-01-24,2011-06-30,,https://patents.google.com/patent/US20110161141A1/en,https://patentimages.storage.googleapis.com/51/a9/6a/7c1bbc6d8eff50/US20110161141A1-20110630-D00000.png
US-2011182703-A1,Automated parking system ,Christopher Alan,Christopher Alan,2010-01-21,2011-01-18,2011-07-28,,https://patents.google.com/patent/US20110182703A1/en,https://patentimages.storage.googleapis.com/2c/36/42/40a54e7e8e9e78/US20110182703A1-20110728-D00000.png
US-2011102195-A1,Intersection driving support apparatus ,Fuji Jukogyo Kabushiki Kaisha,"Azumi Kushi, Shinji Sawada",2009-10-29,2010-10-28,2011-05-05,,https://patents.google.com/patent/US20110102195A1/en,https://patentimages.storage.googleapis.com/f6/db/6b/1a2caf42a32f03/US20110102195A1-20110505-D00000.png
EP-2397383-A1,Battery Exchange Station ,Better Place GmbH,designation of the inventor has not yet been filed The,2008-09-19,2009-09-18,2011-12-21,,https://patents.google.com/patent/EP2397383A1/en,https://patentimages.storage.googleapis.com/b3/1f/b5/512b69588e4b74/imgf0001.png
US-2011075835-A1,Self adapting haptic device ,Apple Inc.,Matthew Hill,2009-09-30,2010-03-30,2011-03-31,,https://patents.google.com/patent/US20110075835A1/en,https://patentimages.storage.googleapis.com/ad/4f/ae/8d7c12d18903ce/US20110075835A1-20110331-D00000.png
EP-2340701-A2,"Apparatus, method and computer program product for cutting element control ",Deere & Company,"Noel W Anderson, Anthony B. Annibale",2010-01-05,2010-12-16,2011-07-06,,https://patents.google.com/patent/EP2340701A2/en,https://patentimages.storage.googleapis.com/74/24/1d/13365ce98e07af/imgf0001.png
US-2011166705-A1,Autonomous cutting element for sculpting grass ,"Noel Wayne Anderson, Anthony Bryant Annibale","Noel Wayne Anderson, Anthony Bryant Annibale",2010-01-05,2010-01-05,2011-07-07,,https://patents.google.com/patent/US20110166705A1/en,https://patentimages.storage.googleapis.com/39/b7/34/c80ca7875b32f8/US20110166705A1-20110707-D00000.png
US-2011219080-A1,Automated messaging response in wireless communication systems ,Qualcomm Incorporated,"Preston W. McWithey, Chirag D. Shah",2010-03-05,2010-03-05,2011-09-08,,https://patents.google.com/patent/US20110219080A1/en,https://patentimages.storage.googleapis.com/91/ee/3b/b58ff3f2bed950/US20110219080A1-20110908-D00000.png
US-2011084855-A1,Autonomous Wide-Angle License Plate Recognition ,James Simon,James Simon,2003-07-10,2010-12-17,2011-04-14,,https://patents.google.com/patent/US20110084855A1/en,https://patentimages.storage.googleapis.com/a8/d7/dc/7ccc235d86ebb6/US20110084855A1-20110414-D00000.png
US-2011047636-A1,Crop Automated Relative Maturity System ,Syngenta Participations Ag,"Walter Stachon, Ken Luebbert, Keith Bilyeu, Joe Strottman, Ryan Larson",2009-08-21,2010-08-23,2011-02-24,,https://patents.google.com/patent/US20110047636A1/en,https://patentimages.storage.googleapis.com/87/d3/f9/d90dfb4f1be3cf/US20110047636A1-20110224-D00000.png
US-2011030537-A1,"Advanced cooperative defensive military tactics, armor, and systems ",Mullen Jeffrey D,Jeffrey D. Mullen,2004-04-07,2009-09-13,2011-02-10,,https://patents.google.com/patent/US20110030537A1/en,https://patentimages.storage.googleapis.com/59/42/6c/541785d1915120/US20110030537A1-20110210-D00000.png
US-2011054791-A1,Position estimation for ground vehicle navigation based on landmark identification/yaw rate and perception of landmarks ,Southwest Research Institute,"Bapiraju Surampudi, Joe Steiber",2009-08-25,2009-08-25,2011-03-03,,https://patents.google.com/patent/US20110054791A1/en,https://patentimages.storage.googleapis.com/d2/5f/ad/9c8f049684d90c/US20110054791A1-20110303-D00000.png
US-2011131162-A1,Autonomous biologically based learning tool ,Tokyo Electron Limited,"Sanjeev Kaushal, Sukesh Janubhai Patel, Kenji Sugishima",2008-03-08,2008-03-08,2011-06-02,,https://patents.google.com/patent/US20110131162A1/en,https://patentimages.storage.googleapis.com/74/fe/fe/1c299f1945d8f2/US20110131162A1-20110602-D00000.png
US-2011246210-A1,Traffic monitoring system ,Igor Yurievich Matsur,Igor Yurievich Matsur,2007-11-01,2010-04-01,2011-10-06,,https://patents.google.com/patent/US20110246210A1/en,https://patentimages.storage.googleapis.com/b0/1b/8a/0af7ebbbb87057/US20110246210A1-20111006-D00000.png
WO-2011148534-A1,"Pseudo-sound control device, pseudo-sound generating device, and electric movable body equipped with said devices ",三菱電機株式会社,"朝子 表, 睦生 関谷, 達也 三次",2010-05-26,2010-12-28,2011-12-01,,https://patents.google.com/patent/WO2011148534A1/en,https://patentimages.storage.googleapis.com/08/05/0f/ce127682ce7088/JPOXMLDOC01-appb-D000001.png
US-2011314945-A1,Hydraulic control arrangement for an automated shift transmission ,"Markus Brandenburg, Benjamin Kemmner, Schindler Joerg","Markus Brandenburg, Benjamin Kemmner, Jörg Schindler",2009-01-23,2011-07-22,2011-12-29,,https://patents.google.com/patent/US20110314945A1/en,https://patentimages.storage.googleapis.com/96/21/75/2dd2cd1d1561be/US20110314945A1-20111229-D00000.png
US-2011307126-A1,Measuring of a landing platform of a ship ,Saab Ab,Tomas Högström,2008-12-15,2008-12-15,2011-12-15,,https://patents.google.com/patent/US20110307126A1/en,https://patentimages.storage.googleapis.com/77/ea/1d/2ac0ee61c5b7d0/US20110307126A1-20111215-D00000.png
EP-2347946-A1,"Device for two-wheeled, folding vehicles, enabling automated stabilisation and movement assistance ",Michel Barro,Michel Barro,2010-01-26,2010-01-26,2011-07-27,,https://patents.google.com/patent/EP2347946A1/en,https://patentimages.storage.googleapis.com/ab/90/fd/9a006dc9cdeafa/imgf0001.png
US-2011210872-A1,Using image sensor and tracking filter time-to-go to avoid mid-air collisions ,Saab Ab,Sören Molander,2008-08-27,2009-08-12,2011-09-01,,https://patents.google.com/patent/US20110210872A1/en,https://patentimages.storage.googleapis.com/cc/d4/6f/cda4e0c6950690/US20110210872A1-20110901-D00000.png
US-2011151852-A1,I am driving/busy automatic response system for mobile phones ,"Julia Olincy, Fish Ronald C","Julia Olincy, Ronald C. Fish",2009-12-21,2010-02-08,2011-06-23,,https://patents.google.com/patent/US20110151852A1/en,https://patentimages.storage.googleapis.com/58/7a/0f/382ab647b5937c/US20110151852A1-20110623-D00000.png
US-2011320074-A1,Kinetic energy recovery and electric drive for vehicles ,"Erlston Lester J, Miles Michael D","Lester J. Erlston, Michael D. Miles",2007-12-19,2008-12-19,2011-12-29,,https://patents.google.com/patent/US20110320074A1/en,https://patentimages.storage.googleapis.com/9e/07/0d/70bce148f154d9/US20110320074A1-20111229-D00000.png
US-2011035086-A1,Steering method for vehicle and apparatus thereof ,"Hyoun Jin Kim, Yongsoon Yoon","Hyoun Jin Kim, Yongsoon Yoon",2008-04-12,2009-01-13,2011-02-10,,https://patents.google.com/patent/US20110035086A1/en,https://patentimages.storage.googleapis.com/52/40/24/b393d132da1441/US20110035086A1-20110210-D00000.png
US-2011153127-A1,Optimized powertrain with route-learning feature ,"Feisel Weslati, Gurunath Kedar-Dongarkar","Feisel Weslati, Gurunath Kedar-Dongarkar",2009-12-18,2009-12-18,2011-06-23,,https://patents.google.com/patent/US20110153127A1/en,https://patentimages.storage.googleapis.com/f6/9b/43/b329b77783e3df/US20110153127A1-20110623-D00000.png
EP-2375364-A1,Method and system for time-dependent routing ,Karlsruher Institut für Technologie,"Peter Sanders, Robert Geisberger",2010-04-12,2010-04-12,2011-10-12,,https://patents.google.com/patent/EP2375364A1/en,https://patentimages.storage.googleapis.com/aa/01/91/dd1b1211593f2e/imgf0001.png
US-2011040482-A1,Lidars ,Bae Systems Plc,"Richard Arthur Brimble, Christopher David Claxton",2008-04-18,2009-04-17,2011-02-17,,https://patents.google.com/patent/US20110040482A1/en,https://patentimages.storage.googleapis.com/16/a1/82/a332d449a6abae/US20110040482A1-20110217-D00000.png
US-2011194733-A1,System and method for optical license plate matching ,Tc License Ltd.,James Wilson,2010-02-11,2011-02-11,2011-08-11,,https://patents.google.com/patent/US20110194733A1/en,https://patentimages.storage.googleapis.com/46/73/aa/5848ae8a48fa6d/US20110194733A1-20110811-D00000.png
US-2011172811-A1,Method of applying an input to an agricultural field ,Patrick Chinkiwsky,Patrick Chinkiwsky,2010-01-08,2010-01-08,2011-07-14,,https://patents.google.com/patent/US20110172811A1/en,https://patentimages.storage.googleapis.com/08/8c/47/6f159b73524714/US20110172811A1-20110714-D00000.png
EP-2342963-A1,Method of applying input to an agricultural field ,Deere & Company,Patrick Chinkiwsky,2010-01-08,2010-12-21,2011-07-13,,https://patents.google.com/patent/EP2342963A1/en,https://patentimages.storage.googleapis.com/5a/eb/90/17708d471e78a5/imgf0001.png
EP-2371674-A1,"Power steering system for a vehicle provided with means for actuating the stop & start function in a moving vehicle, especially an industrial or commercial or special vehicle ",Iveco S.p.A.,Marco Aimo Boot,2010-03-25,2010-03-25,2011-10-05,,https://patents.google.com/patent/EP2371674A1/en,https://patentimages.storage.googleapis.com/c1/ba/93/c44d46f1e780bd/imgf0001.png
EP-2333484-A1,Lane determining device and navigation system ,"Clarion Co., Ltd.","Masato Imai, Masatoshi Hoshino, Masao Sakata",2008-09-25,2009-09-25,2011-06-15,,https://patents.google.com/patent/EP2333484A1/en,https://patentimages.storage.googleapis.com/2d/d4/03/7303e032906571/imgf0001.png
US-2011169958-A1,Lane Determining Device and Navigation System ,"Clarion Co., Ltd.","Masato Imai, Masatoshi Hoshino, Masao Sakata",2008-09-25,2009-09-25,2011-07-14,,https://patents.google.com/patent/US20110169958A1/en,https://patentimages.storage.googleapis.com/57/b0/2f/441a4970f8cca6/US20110169958A1-20110714-D00000.png
US-2011056391-A1,Strapping device with an energy storage means ,Orgapack Gmbh,"Mirco Neeser, Roland Widmer, Flavio Finzo",2008-04-23,2009-01-06,2011-03-10,,https://patents.google.com/patent/US20110056391A1/en,https://patentimages.storage.googleapis.com/0e/ae/03/a23a83e738459d/US20110056391A1-20110310-D00000.png
US-7946954-B2,Method for activating a freewheel function in a vehicle ,Volvo Lastvagnar Ab,"Anders Eriksson, Sixten Berglund, Peter Templin",2005-09-08,2006-08-30,2011-05-24,2011-05-24,https://patents.google.com/patent/US7946954B2/en,https://patentimages.storage.googleapis.com/d5/e6/14/b6943d6c8ffaf5/US07946954-20110524-D00000.png
KR-101014070-B1,Vehicle positioning device and checking method ,대성전기공업 주식회사,김정한,2008-08-11,2008-08-11,2011-02-14,2011-02-14,https://patents.google.com/patent/KR101014070B1/en,https://patentimages.storage.googleapis.com/78/cb/0d/fe20c6bb34807d/112008057189215-pat00001.png
US-2011320305-A1,Alternative selections for compound price quoting ,"Mohr L Thomas, Jagdish Rajan, Weaver Timothy D","L. Thomas Mohr, Jagdish Rajan, Timothy D. Weaver",2007-06-30,2011-09-08,2011-12-29,,https://patents.google.com/patent/US20110320305A1/en,https://patentimages.storage.googleapis.com/69/07/d0/7891540f887da7/US20110320305A1-20111229-D00000.png
JP-2011141665-A,Automated guided vehicle and travel control method of the same ,"Hitachi Plant Technologies Ltd, 株式会社日立プラントテクノロジー","Hideaki Furuno, 英昭 古野, Yoshiharu Tomioka, 芳治 冨岡",2010-01-06,2010-01-06,2011-07-21,,https://patents.google.com/patent/JP2011141665A/en,https://patentimages.storage.googleapis.com/bd/08/69/fc37ea2ab8dd7f/2011141665-3.png
FR-2953015-A3,AUTONOMY ESTIMATING METHOD FOR MOTOR VEHICLE PROVIDED WITH IMPROVED PREDICTION MEANS AND DEVICE THEREOF ,Renault Sa,Richard Balmy,2009-11-23,2009-11-23,2011-05-27,,https://patents.google.com/patent/FR2953015A3/en,
US-2011005248-A1,Vehicle-cabin air-conditioning system and a module containing the system ,"Nazario Marcelo Christello, Maicon Jarschel, Ernani Pautasso Nunes Junior","Marcelo Christêllo Nazário, Maicon Jarschel, Ernani Pautasso Nunes Junior",2007-10-30,2008-10-30,2011-01-13,,https://patents.google.com/patent/US20110005248A1/en,https://patentimages.storage.googleapis.com/f6/20/b3/a24be81a90f686/US20110005248A1-20110113-D00000.png
US-2011166745-A1,Automated start-stop systems and methods for internal combustion engines ,"Gm Global Technology Operations, Inc.","Awadesh TIWARI, Vijay Shettigar, Amit Kumar, Srinivas B. Chande",2010-01-04,2010-01-04,2011-07-07,,https://patents.google.com/patent/US20110166745A1/en,https://patentimages.storage.googleapis.com/d3/8a/b3/dc8051fbdf12d3/US20110166745A1-20110707-D00000.png
US-2011022266-A1,Vehicle-suspension system with remote control ,"Luigi Piero Ippolito, Massimo Seminara, Giordano Greco","Luigi Piero Ippolito, Massimo Seminara, Giordano Greco",2008-03-05,2008-12-24,2011-01-27,,https://patents.google.com/patent/US20110022266A1/en,https://patentimages.storage.googleapis.com/b3/b9/34/08a1e99e3e796c/US20110022266A1-20110127-D00000.png
EP-2385435-A1,A method and a system for gathering data ,Danaher Motion Särö AB,"Peter Bladh, Kenneth Palm",2010-04-22,2010-04-22,2011-11-09,,https://patents.google.com/patent/EP2385435A1/en,https://patentimages.storage.googleapis.com/78/14/0c/d085c89e9496c5/imgf0001.png
DE-102009037865-A1,"Arrangement for determining position of e.g. shift rod, towards housing, in automated geared transmission of motor vehicle, has form spring element formed as screw spring and comprises different winding dimension ",Schaeffler Technologies Gmbh & Co. Kg,Lasse Ibert,2009-08-18,2009-08-18,2011-02-24,,https://patents.google.com/patent/DE102009037865A1/en,https://patentimages.storage.googleapis.com/49/21/84/6dcd6fa8738803/00170000.png
US-2011215985-A1,Applications for Low Profile Two Way Satellite Antenna System ,"Raysat Antenna Systems, L.L.C.","Ilan Kaplan, Mario Ganchev Gachev, Moshe Bercovich, Danny Spirtus, Daniel Francis DiFonzo, Kevin Arthur Bruestle, Robert Yip, Victor Boyanov, Yoel Gat, Stanimir Dimitrov Kamenopolski",2004-06-10,2011-02-18,2011-09-08,,https://patents.google.com/patent/US20110215985A1/en,https://patentimages.storage.googleapis.com/46/9a/f6/25d33a2396a7d6/US20110215985A1-20110908-D00000.png
EP-2371645-A1,"Method for actuation the stop & start function in a moving vehicle, especially an industrial or commercial or special vehicle ",Iveco S.p.A.,Marco Aimo Boot,2010-03-25,2010-03-25,2011-10-05,,https://patents.google.com/patent/EP2371645A1/en,https://patentimages.storage.googleapis.com/c2/79/7f/774c784fb7438c/imgf0001.png
US-2011082588-A1,Automatic parking structure ,"Mcdowell Jr Joseph Coleman, Michael Corbett Story, James Bowmer Story, Charles Jefferson Fritts, Juan Carlos Acevedo, Victor Dale Trotter, Len Keith Averyt, Christopher Corbett Story","Joseph Coleman McDowell, JR., Michael Corbett Story, James Bowmer Story, Charles Jefferson Fritts, Juan Carlos Acevedo, Victor Dale Trotter, Len Keith Averyt, Christopher Corbett Story",2006-10-09,2007-07-06,2011-04-07,,https://patents.google.com/patent/US20110082588A1/en,https://patentimages.storage.googleapis.com/8f/48/4a/a8b9407ff2ee3d/US20110082588A1-20110407-D00000.png
CN-201849899-U,Accumulation conveyor ,安徽巨一自动化装备有限公司,"林巨广, 储大飞, 王庆华, 韩慧, 成子文, 赵静, 吴军",2010-09-30,2010-09-30,2011-06-01,2011-06-01,https://patents.google.com/patent/CN201849899U/en,https://patentimages.storage.googleapis.com/4e/69/64/a0a4ecba2af938/HSA00000294750400011.png
US-2011125377-A1,Transmission ,Yamaha Hatsudoki Kabushiki Kaisha,Tetsushi SAITOH,2009-11-24,2010-11-22,2011-05-26,,https://patents.google.com/patent/US20110125377A1/en,https://patentimages.storage.googleapis.com/13/98/df/b63ff0eab02238/US20110125377A1-20110526-D00000.png
EP-2325513-A2,Transmission ,Yamaha Hatsudoki Kabushiki Kaisha,Tetsushi Saitoh,2009-11-24,2010-11-24,2011-05-25,,https://patents.google.com/patent/EP2325513A2/en,https://patentimages.storage.googleapis.com/14/4c/d1/bb2dcbce1b0fa0/imgf0001.png
KR-20110113107-A,Logistics automated warehouse ,다인시스템주식회사,윤동환,2010-04-08,2010-04-08,2011-10-14,,https://patents.google.com/patent/KR20110113107A/en,https://patentimages.storage.googleapis.com/b2/63/a6/8b97d3eb189d01/pat00001.png
US-2011266296-A1,Automated Cover ,"The Curotto-Can, Inc.",John Domenic Curotto,2010-04-30,2011-04-29,2011-11-03,,https://patents.google.com/patent/US20110266296A1/en,https://patentimages.storage.googleapis.com/a0/d6/98/0bb73a7f7bbb6d/US20110266296A1-20111103-D00000.png
EP-2158413-B1,"Main clutch hub, and double clutch comprising such a main clutch hub ",Volkswagen Aktiengesellschaft,"Fabian Kolze, Edmund Albrecht, Jörg Plogmann, Andreas Dr. Schmidt",2007-06-13,2008-04-28,2011-01-19,2011-01-19,https://patents.google.com/patent/EP2158413B1/en,https://patentimages.storage.googleapis.com/ff/9e/c5/3fbfb95c248524/imgf0001.png
AU-2007339422-B2,A Multi-Function Turn Signal Arrangement and Method ,"Mack Trucks, Inc.","Joseph Deevy, Charles J. Groeller",2006-12-31,2007-07-18,2011-10-13,2011-10-13,https://patents.google.com/patent/AU2007339422B2/en,
US-2011046784-A1,Asymmetric stereo vision system ,Noel Wayne Anderson,Noel Wayne Anderson,2009-08-18,2009-08-18,2011-02-24,,https://patents.google.com/patent/US20110046784A1/en,https://patentimages.storage.googleapis.com/b1/13/7e/90652a46ed55de/US20110046784A1-20110224-D00000.png
JP-2011150516-A,Semiautonomous traveling system for unmanned vehicle ,"Ihi Aerospace Co Ltd, 株式会社Ｉｈｉエアロスペース, Ihi Corp, 株式会社Ｉｈｉ","Toshinori Ubukawa, 俊則 生川",2010-01-21,2010-01-21,2011-08-04,,https://patents.google.com/patent/JP2011150516A/en,https://patentimages.storage.googleapis.com/4c/3c/c5/e934e68629c1a4/2011150516-3.png
JP-2011170844-A,Control method for unmanned vehicle ,"Ihi Aerospace Co Ltd, 株式会社Ｉｈｉエアロスペース, Ihi Corp, 株式会社Ｉｈｉ","Toshinori Ubukawa, 俊則 生川, Daisuke Tawara, 大輔 田原, Hiroyuki Yashiro, 裕之 矢代",2010-01-20,2011-01-20,2011-09-01,,https://patents.google.com/patent/JP2011170844A/en,https://patentimages.storage.googleapis.com/83/f5/b3/5d0e4558e3539a/2011170844-10.png
JP-2011076149-A,Autonomous travel robot and control system therefor ,"Fuji Heavy Ind Ltd, 富士重工業株式会社","Hajime Aoyama, 元 青山, Shingo Ishida, 真吾 石田",2009-09-29,2009-09-29,2011-04-14,,https://patents.google.com/patent/JP2011076149A/en,https://patentimages.storage.googleapis.com/70/10/aa/b86b9c6f3eb104/2011076149-3.png
JP-2011088721-A,Autonomous travel robot and control system of autonomous travel robot ,"Fuji Heavy Ind Ltd, 富士重工業株式会社","Hajime Aoyama, 元 青山",2009-10-23,2009-10-23,2011-05-06,,https://patents.google.com/patent/JP2011088721A/en,https://patentimages.storage.googleapis.com/6d/b1/04/fcba8e55bf4ad6/2011088721-3.png
WO-2010131102-A3,Driving assist device ,Toyota Jidosha Kabushiki Kaisha,"Toshiki Kindo, Hiromitsu Urano",2009-05-13,2010-05-12,2011-01-06,,https://patents.google.com/patent/WO2010131102A3/en,
US-7878087-B2,Selector device for a transmission ,Dr Ing. H.C. F. Porsche Aktiengesellschaft,Michael Sickart,2005-12-24,2006-12-26,2011-02-01,2011-02-01,https://patents.google.com/patent/US7878087B2/en,https://patentimages.storage.googleapis.com/33/22/fa/b4fcc72afc1721/US07878087-20110201-D00000.png
US-7980636-B2,Automated gate control and methods ,"Mip Holdings, Llc","Douglas C. Miller, Joshua D. Miller",2006-01-20,2007-01-19,2011-07-19,2011-07-19,https://patents.google.com/patent/US7980636B2/en,https://patentimages.storage.googleapis.com/67/73/bf/12787cea90049f/US07980636-20110719-D00000.png
US-8033383-B2,"Clean, high density, soft-accumulating conveyor ","Middlesex General Industries, Inc.",George W. Horn,2008-04-29,2009-04-29,2011-10-11,2011-10-11,https://patents.google.com/patent/US8033383B2/en,https://patentimages.storage.googleapis.com/ed/bc/01/7f2b959b3d898f/US08033383-20111011-D00000.png
EP-2041871-B1,Method and device for secure separation monitoring ,Pilz GmbH & Co. KG,Martin Hechinger,2006-07-07,2007-07-03,2011-03-02,2011-03-02,https://patents.google.com/patent/EP2041871B1/en,https://patentimages.storage.googleapis.com/d5/70/81/5b2183f3ae3b81/imgf0001.png
US-2011166746-A1,Driver Assistance System ,"Karsten Breuer, Guido Hoffmann","Karsten Breuer, Guido Hoffmann",2008-05-23,2009-02-24,2011-07-07,,https://patents.google.com/patent/US20110166746A1/en,https://patentimages.storage.googleapis.com/f7/f3/7b/a8f4e4348152fc/US20110166746A1-20110707-D00000.png
US-2011315811-A1,Lighter-than-air vehicle for shading ,King Fahd University Of Petroleum And Minerals,"Ahmed Z. Al-Garni, Ayman H. Kassem",2008-05-15,2011-09-06,2011-12-29,,https://patents.google.com/patent/US20110315811A1/en,https://patentimages.storage.googleapis.com/69/31/d1/5e165529584100/US20110315811A1-20111229-D00000.png
US-2011237393-A1,Method for controlling an automated geared transmission ,Zf Friedrichshafen Ag,Roland Mair,2008-12-17,2009-11-16,2011-09-29,,https://patents.google.com/patent/US20110237393A1/en,https://patentimages.storage.googleapis.com/b7/1a/3b/bdf923bceed1e1/US20110237393A1-20110929-D00000.png
CA-2773963-A1,Load handling bumper for material handling device ,"Jervis B. Webb International Company, David Lawrence Schendel, Daniel T. Emond, Gerald Edward Chilson, Wataru Kiyokawa, Daifuku Co., Ltd., Jervis B. Webb Company","David Lawrence Schendel, Daniel T. Emond, Gerald Edward Chilson, Wataru Kiyokawa",2009-09-10,2010-09-08,2011-03-17,,https://patents.google.com/patent/CA2773963A1/en,
JP-2011174770-A,Navigation device with function of estimating position within tunnel ,"Clarion Co Ltd, クラリオン株式会社","Shigeru Matsuo, 茂 松尾, Katsuaki Tanaka, 克明 田中",2010-02-24,2010-02-24,2011-09-08,,https://patents.google.com/patent/JP2011174770A/en,https://patentimages.storage.googleapis.com/c3/a3/62/fe755012ee0209/2011174770-3.png
CN-101979898-A,Dual-clutch automated transmission ,重庆青山工业有限责任公司,"陈可, 刘冲, 莫凡, 谭明水, 仇勇",2010-08-20,2010-08-20,2011-02-23,,https://patents.google.com/patent/CN101979898A/en,https://patentimages.storage.googleapis.com/92/7c/35/c26ebe54f0dae0/HSA00000237767000011.png
WO-2011031709-A1,Load handling bumper for material handling device ,Jervis B. Webb International Company,"David Lawrence Schendel, Daniel T. Emond, Gerald Edward Chilson, Wataru Kiyokawa",2009-09-10,2010-09-08,2011-03-17,,https://patents.google.com/patent/WO2011031709A1/en,
JP-2011150512-A,"Method for controlling unmanned moving body, and the moving body ","Ihi Aerospace Co Ltd, 株式会社Ｉｈｉエアロスペース, Ihi Corp, 株式会社Ｉｈｉ","Hiroaki Saito, 浩明 齋藤",2010-01-21,2010-01-21,2011-08-04,,https://patents.google.com/patent/JP2011150512A/en,https://patentimages.storage.googleapis.com/fc/c8/0a/23e4ecde72f18d/2011150512-3.png
BR-PI0619167-A2,exchange control process of an automated self-propelled gearbox ,Zahnradfabrik Friedrichshafen,Andelko Vesenjak,2005-12-03,2006-11-17,2011-09-13,,https://patents.google.com/patent/BRPI0619167A2/en,
CN-102135766-A,Autonomous operation forestry robot platform ,北京林业大学,"阚江明, 郑一力, 李文彬, 燕飞, 高道祥, 罗琴娟",2011-01-04,2011-01-04,2011-07-27,,https://patents.google.com/patent/CN102135766A/en,https://patentimages.storage.googleapis.com/71/55/02/0bfe4a44153d96/HDA0000042684000000012.png
US-2011056760-A1,Load Handling Bumper For Material Handling Device ,Jervis B. Webb Company,"David Lawrence Schendel, Daniel T. Emond, Gerald Edward Chilson, Wataru Kiyokawa",2009-09-10,2009-09-10,2011-03-10,,https://patents.google.com/patent/US20110056760A1/en,https://patentimages.storage.googleapis.com/d9/15/4a/23dd2a91e78ded/US20110056760A1-20110310-D00000.png
JP-2011152909-A,Device and method for controlling travel ,"Equos Research Co Ltd, 株式会社エクォス・リサーチ","Kazuhiro Kuno, 和宏 久野",2010-01-28,2010-01-28,2011-08-11,,https://patents.google.com/patent/JP2011152909A/en,https://patentimages.storage.googleapis.com/94/2b/d8/f13758e432f998/2011152909-3.png
JP-2011150470-A,Control method and remote control device for unmanned moving body ,"Ihi Aerospace Co Ltd, 株式会社Ｉｈｉエアロスペース, Ihi Corp, 株式会社Ｉｈｉ","Toshinori Ubukawa, 俊則 生川",2010-01-20,2010-01-20,2011-08-04,,https://patents.google.com/patent/JP2011150470A/en,https://patentimages.storage.googleapis.com/13/01/17/e9ff995d30396d/2011150470-3.png
WO-2011129633-A2,"Copper electrolysis solution for producing electrolytic copper foil, method of producing electrolytic copper foil, and electrolytic copper foil ","Iljin Materials Co., Ltd.","Duck Young Hwang, Jong Ho Ryu, Ki Deok Song, Chang Yol Yang, Sang Beom Kim",2010-04-14,2011-04-14,2011-10-20,,https://patents.google.com/patent/WO2011129633A2/en,https://patentimages.storage.googleapis.com/5e/2f/24/6b54f1df6917db/WO-DOC-FIGURE-1.png
WO-2011065233-A1,Transport system capable of recharging vehicles while in motion ,Kitaguchi Hiromasa,北口弘正,2009-11-24,2010-11-11,2011-06-03,,https://patents.google.com/patent/WO2011065233A1/en,https://patentimages.storage.googleapis.com/d2/20/af/abe859f1fb50d9/JPOXMLDOC01-appb-D000001.png
JP-2011142969-A,Autonomous moving body-loading/unloading system ,"Toyota Motor Corp, トヨタ自動車株式会社","Masayuki Ito, 雅之 伊藤",2010-01-13,2010-01-13,2011-07-28,,https://patents.google.com/patent/JP2011142969A/en,https://patentimages.storage.googleapis.com/40/08/79/1b6459d7a32ea0/2011142969-3.png
KR-20110039043-A,Smart cruise control method and device ,현대모비스 주식회사,김태호,2009-10-09,2009-10-09,2011-04-15,,https://patents.google.com/patent/KR20110039043A/en,https://patentimages.storage.googleapis.com/6e/77/ea/c41e7ce0bf6145/112009062052356-PAT00001.png
US-8055418-B2,Automated manual transmission shift methodology for tanker trucks ,Zf Friedrichshafen,"Loren Christopher Dreier, Ingo-Gerd Sauter",2009-04-03,2009-04-03,2011-11-08,2011-11-08,https://patents.google.com/patent/US8055418B2/en,https://patentimages.storage.googleapis.com/17/4d/9e/484d0a6e7327ad/US08055418-20111108-D00000.png
US-2011106338-A1,Remote Vehicle Control System and Method ,"Allis Daniel P, Robert Todd Pack","Daniel P. Allis, Robert Todd Pack",2009-10-29,2010-10-29,2011-05-05,,https://patents.google.com/patent/US20110106338A1/en,https://patentimages.storage.googleapis.com/cd/95/46/9cc4da8f86e7d1/US20110106338A1-20110505-D00000.png
RU-105833-U1,FIRE RESCUE VEHICLE WITH REVERSE MOVEMENT FOR FIRE FIGHTING AND EMERGENCY RESCUE WORKS IN TUNNELS (OPTIONS) ,"Открытое акционерное общество ""Варгашинский завод противопожарного и специального оборудования""","Михаил Владимирович Алешков, Михаил Евгеньевич Сочнев, Евгений Анатольевич Емельянов, Александр Владимирович Плосконосов",2010-08-13,2010-08-13,2011-06-27,2011-06-27,https://patents.google.com/patent/RU105833U1/en,
EP-2330434-A1,Saftey system ,BAE Systems PLC,designation of the inventor has not yet been filed The,2009-09-07,2009-09-07,2011-06-08,,https://patents.google.com/patent/EP2330434A1/en,https://patentimages.storage.googleapis.com/57/01/32/1de151ba394388/imgf0001.png
EP-2296071-A1,Modular and scalable positioning and navigation system ,Deere & Company,Noel W. Anderson,2009-08-18,2010-07-20,2011-03-16,,https://patents.google.com/patent/EP2296071A1/en,https://patentimages.storage.googleapis.com/9f/21/5e/10c9759654a474/imgf0001.png
EP-2296072-A2,Asymmetric stereo vision system ,Deere & Company,Noel W. Anderson,2009-08-18,2010-07-21,2011-03-16,,https://patents.google.com/patent/EP2296072A2/en,https://patentimages.storage.googleapis.com/d9/40/dc/5c5c25b412d13f/imgf0001.png
EP-2382403-A1,Control device for an automated geared transmission ,Daimler AG,Markus Brandenburg,2009-01-23,2009-12-16,2011-11-02,,https://patents.google.com/patent/EP2382403A1/en,
EP-2400433-A1,Limited traffic wireless communication network for aircraft maintenance ,Eurocopter,"Christian Feuillebois, Mathieu Glade, Eric Pauly",2008-03-17,2009-03-11,2011-12-28,,https://patents.google.com/patent/EP2400433A1/en,https://patentimages.storage.googleapis.com/12/cc/7c/beab66f4729bb9/imgf0001.png
JP-2011128889-A,"Mobile object control system, control device, control method, and program ","Mitsubishi Heavy Ind Ltd, 三菱重工業株式会社","Masahito Takuhara, 雅人 宅原, Tetsuya Tomonaka, 哲也 塘中, Hiroshi Matsuura, 宏 松浦",2009-12-17,2009-12-17,2011-06-30,,https://patents.google.com/patent/JP2011128889A/en,https://patentimages.storage.googleapis.com/a0/ed/e5/9a18bea6c4456f/2011128889-3.png
KR-20110059239-A,Vehicle control method and system using network ,한국전자통신연구원,"김도현, 손승원, 박종현, 장병태, 최정단, 성경복, 안경환, 김주완, 조성익, 김정숙",2009-11-27,2009-11-27,2011-06-02,,https://patents.google.com/patent/KR20110059239A/en,https://patentimages.storage.googleapis.com/44/6e/84/e51f5c8780cd0c/112009073259953-PAT00001.png
DE-102009027396-A1,Autonomous mobile platform for surface treatment and surface treatment ,Robert Bosch Gmbh,"Peter Biber, Teja Tiefenau, Anke Svensson",2009-07-01,2009-07-01,2011-01-13,,https://patents.google.com/patent/DE102009027396A1/en,https://patentimages.storage.googleapis.com/32/72/32/9d0e75e9b0b82f/00110000.png
JP-2011127421-A,Automated road surface-cutting apparatus ,"Wirtgen Gmbh, ヴィルトゲン  ゲゼルシャフト  ミット  ベシュレンクテル  ハフツング","Peter Busley, ブスリー ピーター, Thomas Lehnert, レーナート トマス, Herbert Ley, ライ ヘルベルト, Cyrus Barimani, バリマニ サイラス, Gunter Dr Hahn, ハーン ギュンター",2009-12-18,2010-11-10,2011-06-30,,https://patents.google.com/patent/JP2011127421A/en,https://patentimages.storage.googleapis.com/37/d9/63/8b8fbc70e98b73/2011127421-3.png
EP-2236863-A3,Automated manual transmission shift methodology for tanker trucks ,ZF Friedrichshafen AG,"Loren Christopher Dreier, Ingo Sauter",2009-04-03,2010-03-05,2011-12-14,,https://patents.google.com/patent/EP2236863A3/en,
US-2011303473-A1,Processing apparatus and method of operation thereof ,"Pickard Douglas M, Richard Baumann, Tom Pollard, John Hordyk","Douglas M. Pickard, Richard Baumann, Tom Pollard, John Hordyk",2005-11-08,2011-08-11,2011-12-15,,https://patents.google.com/patent/US20110303473A1/en,https://patentimages.storage.googleapis.com/a9/ab/db/72dbaefe0aef50/US20110303473A1-20111215-D00000.png
CN-101395685-B,Automatic control module for electrical circuit breaker and electrical circuit breaker equipped with such a control module ,溯高美股份有限公司,"J-L·哈曼, J-P·弗朗茨恩",2006-03-03,2007-02-06,2011-09-21,2011-09-21,https://patents.google.com/patent/CN101395685B/en,https://patentimages.storage.googleapis.com/1d/75/57/25b72438561e88/H2007800075044E00011.png
CA-2797575-A1,Systems and methods for automatic connection and charging of an electric vehicle at a charging station ,"Proterra Inc., Reuben Sarkar, Michael Alan Finnern, Michael Walker, Proterra Operating Company, Inc.","Reuben Sarkar, Michael Alan Finnern, Michael Walker",2010-04-26,2011-04-26,2011-11-10,,https://patents.google.com/patent/CA2797575A1/en,
WO-2011139680-A2,Systems and methods for automatic connection and charging of an electric vehicle at a charging station ,Proterra Inc,"Reuben Sarkar, Michael Alan Finnern, Michael Walker",2010-04-26,2011-04-26,2011-11-10,,https://patents.google.com/patent/WO2011139680A2/en,
JP-2011161242-A,Autonomous cleaning robot ,"Irobot Corp, アイロボット  コーポレイション","Chikyung Won, チキュン ウォン，, Selma Svendsen, セルマ スベンセン，, Paul E Sandin, ポール  イー． サンディン，, Scott Thomas Burnett, スコット  トーマス バーネット，, Deepak Ramesh Kapoor, ディーパク  ラメシュ カプール，, Stephen Hickey, スティーブン ヒッキー，, Robert Rizzari, ロバート リザリ，, Zivthan A C Dubrovsky, ジブサン  エー．シー． デュブロフスキ，",2005-12-02,2011-04-12,2011-08-25,,https://patents.google.com/patent/JP2011161242A/en,https://patentimages.storage.googleapis.com/e2/e9/60/6321b5922d106c/2011161242-3.png
WO-2011045650-A2,System and method for assisting in the refilling of agricultural vehicles ,Agco Corporation,"John Peterson, Dave Lovell",2009-10-12,2010-10-12,2011-04-21,,https://patents.google.com/patent/WO2011045650A2/en,
JP-2011240816-A,Autonomous running control system ,"Denso Corp, 株式会社デンソー","Kentaro Takemura, 顕大朗 竹村, Akira Yoneya, 昭 米谷",2010-05-18,2010-05-18,2011-12-01,,https://patents.google.com/patent/JP2011240816A/en,https://patentimages.storage.googleapis.com/42/b8/36/489d686ff5a27d/2011240816-3.png
JP-2011503696-A,Traffic monitoring system ,イゴール  ユリエヴィッチ マッツァー,イゴール  ユリエヴィッチ マッツァー,2007-11-01,2007-11-01,2011-01-27,,https://patents.google.com/patent/JP2011503696A/en,https://patentimages.storage.googleapis.com/41/6d/02/7c0d8cc4841f16/2011503696-3.png
EP-2287092-A1,Semi and/or fully automated picking system ,Walter Winkler,Walter Winkler,2009-08-17,2010-08-16,2011-02-23,,https://patents.google.com/patent/EP2287092A1/en,https://patentimages.storage.googleapis.com/e5/bb/88/529fbf79d2877b/imgf0001.png
CN-102202944-A,Battery exchange station ,佳境有限公司,"S·阿加西, Y·黑查尔",2008-09-19,2009-09-18,2011-09-28,,https://patents.google.com/patent/CN102202944A/en,https://patentimages.storage.googleapis.com/0e/b3/d3/39849a8636bbfa/HDA0000057680010000011.png
CN-101975951-A,Field environment barrier detection method fusing distance and image information ,北京理工大学,"付梦印, 杨建�, 孟红, 刘进, 杨毅",2010-06-09,2010-06-09,2011-02-16,,https://patents.google.com/patent/CN101975951A/en,https://patentimages.storage.googleapis.com/0f/af/cf/d1bd12d71465a2/HSA00000139513000011.png
WO-2011045650-A3,System and method for assisting in the refilling of agricultural vehicles ,Agco Corporation,"John Peterson, Dave Lovell",2009-10-12,2010-10-12,2011-06-16,,https://patents.google.com/patent/WO2011045650A3/en,
DE-102009028598-A1,Autonomous mobile platform for surface treatment ,Robert Bosch Gmbh,"Ulrich-Lorenz Benzler, Peter Biber, Anke Svensson",2009-08-17,2009-08-17,2011-03-03,,https://patents.google.com/patent/DE102009028598A1/en,https://patentimages.storage.googleapis.com/a9/54/2d/52cd9b3db3580f/00140000.png
CN-102015403-A,Autonomous parking strategy based on available parking space ,通用汽车环球科技运作公司,"N·K·莫什楚克, S-K·陈",2008-04-22,2009-04-20,2011-04-13,,https://patents.google.com/patent/CN102015403A/en,https://patentimages.storage.googleapis.com/ff/30/4f/d7250b908d3964/HPA00001249266800011.png
JP-2011521822-A,Method and power transmission device for performing gear shift in a vehicle ,ボルボ  ラストバグナー  アーベー,ステルヴィク，ハンス,2008-05-09,2008-05-09,2011-07-28,,https://patents.google.com/patent/JP2011521822A/en,https://patentimages.storage.googleapis.com/41/cc/6b/ceaec00d7472c0/2011521822-3.png
EP-2285636-A1,Method and drive train for performing a gear shift in a vehicle ,Volvo Lastvagnar AB,Hans Stervik,2008-05-09,2008-05-09,2011-02-23,,https://patents.google.com/patent/EP2285636A1/en,
EP-2286653-A3,Autonomous mobile platform for surface processing ,Robert Bosch GmbH,"Ulrich-Lorenz Benzler, Peter Biber, Anke Svensson",2009-08-17,2010-06-25,2011-05-18,,https://patents.google.com/patent/EP2286653A3/en,
CN-102015401-A,Method and drive train for performing a gear shift in a vehicle ,沃尔沃拉斯特瓦格纳公司,汉斯·施特维克,2008-05-09,2008-05-09,2011-04-13,,https://patents.google.com/patent/CN102015401A/en,https://patentimages.storage.googleapis.com/20/48/4d/16180c61ccc2fa/HPA00001253118900011.png
JP-2011107793-A,Autonomous mobile device ,"Hitachi Ltd, 株式会社日立製作所","Takayuki Uchida, 貴之 内田, Yukihiro Kawamata, 幸博 川股, Katsuaki Tanaka, 克明 田中, Mikio Bando, 幹雄 板東",2009-11-13,2009-11-13,2011-06-02,,https://patents.google.com/patent/JP2011107793A/en,https://patentimages.storage.googleapis.com/4d/98/ba/12552f373874b5/2011107793-3.png
AT-E513716-T1,METHOD FOR ADJUSTING THE CLUTCH TORQUE OF A MOTOR VEHICLE DEPENDENT ON DRIVING RESISTANCE ,Zahnradfabrik Friedrichshafen,"Franz Bitzer, Peter Herter, Rainer Petzold, Mario Steinborn",2006-08-11,2007-07-24,2011-07-15,2011-07-15,https://patents.google.com/patent/ATE513716T1/en,
CN-102036863-A,Driver assistance system ,威伯科有限公司,"卡斯藤·布罗伊尔, 吉多·霍夫曼",2008-05-23,2009-02-24,2011-04-27,,https://patents.google.com/patent/CN102036863A/en,https://patentimages.storage.googleapis.com/fe/2e/c9/df05cf1c075ec0/HPA00001257110400011.png
EP-2285632-A1,Driver assistance system ,WABCO GmbH,"Karsten Breuer, Guido Hoffmann",2008-05-23,2009-02-24,2011-02-23,,https://patents.google.com/patent/EP2285632A1/en,
CN-102292574-A,Control device for an automated geared transmission ,戴姆勒股份公司,M·布兰登伯格,2009-01-23,2009-12-16,2011-12-21,,https://patents.google.com/patent/CN102292574A/en,https://patentimages.storage.googleapis.com/3c/5d/01/e9da7c01765ff2/HDA0000077720830000011.png
DE-502008002410-D1,CLUTCH HEAD HUB BZW. DOUBLE COUPLING WITH SUCH A CLUTCH HUB ,Volkswagen Ag,"Fabian Kolze, Edmund Albrecht, Joerg Plogmann, Andreas Dr Schmidt",2007-06-13,2008-04-28,2011-03-03,,https://patents.google.com/patent/DE502008002410D1/en,
EP-2296072-A3,Asymmetric stereo vision system ,Deere & Company,Noel W. Anderson,2009-08-18,2010-07-21,2011-06-29,,https://patents.google.com/patent/EP2296072A3/en,
DE-102010003433-A1,"Method for rescuing person in sea water using catamaran, involves carrying-out passive and/or active heat conduction based on measured vital parameters and environmental temperatures of rescued person ",Institut für Sicherheitstechnik/Schiffssicherhheit e.V.,"Prof. Dr.-Ing. Hahne Joachim, Dr.-Ing. Tober Horst, Jan Sommer",2010-03-30,2010-03-30,2011-10-06,,https://patents.google.com/patent/DE102010003433A1/en,https://patentimages.storage.googleapis.com/97/26/9a/3dd49d73b4cbe5/00190000.png
WO-2011064660-A1,Adapter for connecting a countershaft transmission with a hydraulic launch assist system ,Eaton Corporation,"Thomas A. Genise, Mihai Dorobantu",2009-11-30,2010-11-30,2011-06-03,,https://patents.google.com/patent/WO2011064660A1/en,
JP-2011068453-A,Autonomous travel robot and control system of autonomous travel robot ,"Fuji Heavy Ind Ltd, 富士重工業株式会社","Hajime Aoyama, 元 青山, Kazuyoshi Ishikawa, 和良 石川",2009-09-25,2009-09-25,2011-04-07,,https://patents.google.com/patent/JP2011068453A/en,https://patentimages.storage.googleapis.com/60/08/52/3061e781ce6371/2011068453-3.png
WO-2011107551-A1,Operating method for a motor vehicle comprising in particular an electronically controlled parking brake system ,Continental Teves Ag & Co. Ohg,"Faouzi Attallah, Christof Maron, Heinz-Anton Schneider, Oliver Stamatoski",2010-03-05,2011-03-03,2011-09-09,,https://patents.google.com/patent/WO2011107551A1/en,
WO-2011131406-A1,Method for controlling the locomotion of a motor vehicle ,Zf Friedrichshafen Ag,Roland Mair,2010-04-22,2011-03-02,2011-10-27,,https://patents.google.com/patent/WO2011131406A1/en,
DE-102010028071-A1,Method for driving control of a motor vehicle ,Zf Friedrichshafen Ag,Dr. Mair Roland,2010-04-22,2010-04-22,2011-10-27,,https://patents.google.com/patent/DE102010028071A1/en,https://patentimages.storage.googleapis.com/12/4e/a8/ab03cce3ca2af6/00280000.png
DE-102010002626-A1,"Operating method for a motor vehicle, in particular comprising an electronically controlled and / or regulated parking brake system ",Continental Teves Ag & Co. Ohg,"Faouzi Attallah, Christof Maron, Heinz-Anton Schneider, Oliver Stamatoski",2010-03-05,2010-03-05,2011-09-08,,https://patents.google.com/patent/DE102010002626A1/en,
BR-PI0710280-A2,process for controlling gear shifting of an automated stepped gearbox ,Zf Friedrichchshafen Ag,"Werner Wolfgang, Malk Wuerthner, Ingo Sauter",2006-04-15,2007-04-02,2011-08-09,,https://patents.google.com/patent/BRPI0710280A2/en,
CN-102155955-A,Stereoscopic vision mile meter and measuring method ,天津理工大学,"张晓玲, 张宝峰, 田秀真, 孙磊, 范秀娟",2011-03-11,2011-03-11,2011-08-17,,https://patents.google.com/patent/CN102155955A/en,https://patentimages.storage.googleapis.com/a5/40/be/7aca0d0f72853d/HDA0000049870900000012.png
AT-E496230-T1,CLUTCH MAIN HUB OR DOUBLE CLUTCH WITH SUCH A CLUTCH MAIN HUB ,Volkswagen Ag,"Fabian Kolze, Edmund Albrecht, Joerg Plogmann, Andreas Dr Schmidt",2007-06-13,2008-04-28,2011-02-15,2011-02-15,https://patents.google.com/patent/ATE496230T1/en,
KR-20110094393-A,Illegal vehicle automatic control system and method ,(주)모노시스,박석준,2010-02-16,2010-02-16,2011-08-24,,https://patents.google.com/patent/KR20110094393A/en,https://patentimages.storage.googleapis.com/29/5c/74/9824154c2c4eb0/pat00001.png
US-8051886-B2,Distressing process and apparatus for applying such process ,Unilin Flooring Nc Llc,"John Colhouer TAPPAN, Christopher Brian Tussey, Brian Keith Ulrich",2009-12-14,2009-12-14,2011-11-08,2011-11-08,https://patents.google.com/patent/US8051886B2/en,https://patentimages.storage.googleapis.com/d8/c5/0a/e4d18f25caae1b/US08051886-20111108-D00000.png
US-2011139307-A1,Distressing process and apparatus for applying such process ,"Tappan John Colhouer, Christopher Brian Tussey, Brian Keith Ulrich","John Colhouer TAPPAN, Christopher Brian Tussey, Brian Keith Ulrich",2009-12-14,2009-12-14,2011-06-16,,https://patents.google.com/patent/US20110139307A1/en,https://patentimages.storage.googleapis.com/ab/95/c1/d55333f0882acd/US20110139307A1-20110616-D00000.png
CN-201994659-U,Reverse-connection-prevention protective circuit for solar photovoltaic charging controller ,北京科诺伟业科技有限公司,"张先谋, 穆德实, 王振存, 窦伟, 许洪华",2011-04-22,2011-04-22,2011-09-28,2011-09-28,https://patents.google.com/patent/CN201994659U/en,https://patentimages.storage.googleapis.com/21/1b/62/cd66a209020a10/HDA0000057000950000011.png
US-8073620-B2,On-vehicle display system and display panel control device ,Sharp Kabushiki Kaisha,Toshiya Okamoto,2006-08-11,2007-07-24,2011-12-06,2011-12-06,https://patents.google.com/patent/US8073620B2/en,https://patentimages.storage.googleapis.com/77/b1/e0/451080b3bed2cd/US08073620-20111206-D00000.png
EP-1840982-B1,Autonomous power supply device and method for road beacons ,C.R.F. Società Consortile per Azioni,"Alessandro Zanella, Stefano Alacqua",2006-03-28,2006-03-28,2011-03-02,2011-03-02,https://patents.google.com/patent/EP1840982B1/en,https://patentimages.storage.googleapis.com/b7/2c/11/bce7b1dff6094e/imgf0001.png
US-8016262-B2,Motorized automate/manual push button system ,Jorge Maercovich,Jorge Maercovich,2008-07-22,2008-07-22,2011-09-13,2011-09-13,https://patents.google.com/patent/US8016262B2/en,https://patentimages.storage.googleapis.com/25/07/fb/0c6faef1414870/US08016262-20110913-D00000.png
CN-101625563-B,System for detecting address of coke oven and oven number automatically ,"中冶焦耐工程技术有限公司, 杭州钱江称重技术有限公司, 中冶焦耐自动化系统有限公司","王常海, 顾增华, 李刚, 王燕勇",2008-07-11,2008-07-11,2011-11-30,2011-11-30,https://patents.google.com/patent/CN101625563B/en,https://patentimages.storage.googleapis.com/b5/79/28/7cd6cb42cd916d/S2008100122554E00011.png
US-2011046836-A1,Modular and scalable positioning and navigation system ,Noel Wayne Anderson,Noel Wayne Anderson,2009-08-18,2009-08-18,2011-02-24,,https://patents.google.com/patent/US20110046836A1/en,https://patentimages.storage.googleapis.com/91/14/65/7e26d485a86245/US20110046836A1-20110224-D00000.png
US-2011178666-A1,Anti-rollback Control System for Motor Vehicles ,Essam Tawfik Marcus,Essam Tawfik Marcus,2011-02-01,2011-03-30,2011-07-21,,https://patents.google.com/patent/US20110178666A1/en,https://patentimages.storage.googleapis.com/05/34/78/614896d84c28c0/US20110178666A1-20110721-D00000.png
US-2011202254-A1,Engine automatic-stop/restart system ,Mitsubishi Electric Corporation,"Osamu Ishikawa, Tomohisa Shoda",2010-02-18,2010-08-04,2011-08-18,,https://patents.google.com/patent/US20110202254A1/en,https://patentimages.storage.googleapis.com/42/9c/a4/990cfb4df2cad9/US20110202254A1-20110818-D00000.png
US-2011252760-A1,Machine for automatically harvesting fruit cultivated in rows ,"Juan Bravo Trinidad, Bravo Trinidad Jose Luis","Juan Bravo Trinidad, José Luis Bravo Trinidad",2008-10-16,2009-10-01,2011-10-20,,https://patents.google.com/patent/US20110252760A1/en,https://patentimages.storage.googleapis.com/a4/9c/a9/4e3a0738d8044a/US20110252760A1-20111020-D00000.png
US-2011077799-A1,Unmanned underwater vehicl integrated radiation detection system ,The Boeing Company,"James G. Barnes, Thomas R. Austin",2009-02-13,2009-02-13,2011-03-31,,https://patents.google.com/patent/US20110077799A1/en,https://patentimages.storage.googleapis.com/fc/54/94/347368d0b853dd/US20110077799A1-20110331-D00000.png
EP-2371204-A1,Machine for automatically harvesting fruit cultivated in rows ,Soluciones Roboticas Agricolas Slu,"Juan Bravo Trinidad, José Luis BRAVO TRINIDAD",2008-10-16,2009-10-01,2011-10-05,,https://patents.google.com/patent/EP2371204A1/en,https://patentimages.storage.googleapis.com/fb/e2/63/40f1448e0eefa8/imgf0001.png
JP-2011200724-A,Surface cleaning robot ,"Irobot Corp, アイロボット  コーポレイション","Andrew Ziegler, アンドリュー ジーグラー，, Christopher John Morese, クリストファー  ジョン モーリス，, Nancy Dussault, ナンシー デュソルト，, Andrew Jones, アンドリュー ジョーンズ，, Scott Pratt, スコット プラット，, Duane Gilbert, デュアン ギルバート，, Paul Sandin, ポール サンディン，, Stephanos Konandreas, ステファーノス コナンドレアス，",2005-02-18,2011-07-15,2011-10-13,,https://patents.google.com/patent/JP2011200724A/en,https://patentimages.storage.googleapis.com/4d/45/cf/25d4cae2fa04c2/2011200724-7.png
KR-20110070997-A,Battery pack fixing system and related automated assembly / disassembly methods ,르노 에스.아.에스.,"브루노 카펠로띠, 자크 트라메",2008-10-07,2009-09-30,2011-06-27,,https://patents.google.com/patent/KR20110070997A/en,https://patentimages.storage.googleapis.com/68/86/81/d424a40af0b5c8/pct00001.png
JP-2011056298-A,Autonomous cleaning robot ,"Irobot Corp, アイロボット  コーポレイション","Joseph L Jones, エル．ジョーンズ ジョセフ, Newton E Mack, エリオット  マック ニュートン, David M Nugent, エム．ヌージェント デイビッド, Paul E Sandin, イー．サンディン ポール",2002-12-16,2010-12-21,2011-03-24,,https://patents.google.com/patent/JP2011056298A/en,https://patentimages.storage.googleapis.com/e7/af/78/ca9faac467dd74/2011056298-3.png
GB-2475871-A,Navigation based function mapping for a vehicle ,Gm Global Tech Operations Inc,Marten Wittorf,2009-12-03,2009-12-03,2011-06-08,,https://patents.google.com/patent/GB2475871A/en,
JP-2011120573-A,Paddy field weeding robot ,"Ikoma Robotech Corp, Ｉｋｏｍａロボテック株式会社","Yasuhiro Ando, 泰宏 安藤, Ko Fujioka, 紘 藤岡, Hiroyuki Hatta, 浩之 八田",2009-11-10,2010-10-15,2011-06-23,,https://patents.google.com/patent/JP2011120573A/en,https://patentimages.storage.googleapis.com/a2/de/c7/f142f9493261f2/2011120573-3.png
DE-112009000696-T5,"Clean, compact, softly stored conveyor ","Middlesex General Industries, Inc., Woburn",George W. Horn,2008-04-29,2009-04-29,2011-06-01,,https://patents.google.com/patent/DE112009000696T5/en,https://patentimages.storage.googleapis.com/a5/65/1f/254f47b8dee438/00240000.png
EP-2349171-A1,An automated cpr device ,Koninklijke Philips Electronics N.V.,"Pierre H. Woerlee, Igor W. F. Paulussen, Frank T. M. Jaartsveld, Shervin Ayati, Thomas J. De Hoog",2008-10-29,2009-10-23,2011-08-03,,https://patents.google.com/patent/EP2349171A1/en,
CN-102196796-A,An automated CPR device ,皇家飞利浦电子股份有限公司,"P·H·武尔莱, I·W·F·堡卢森, F·T·M·哈尔斯费尔德, S·阿亚提, T·J·德霍赫",2008-10-29,2009-10-23,2011-09-21,,https://patents.google.com/patent/CN102196796A/en,https://patentimages.storage.googleapis.com/f9/06/23/796795652f7621/HPA00001354966000011.png
AU-2010200875-A1,Sensor data processing ,The University Of Sydney,Thierry Peynot,2010-03-09,2010-03-09,2011-09-22,,https://patents.google.com/patent/AU2010200875A1/en,
WO-2011109856-A1,Sensor data processing ,The University Of Sydney,Thierry Peynot,2010-03-09,2011-02-25,2011-09-15,,https://patents.google.com/patent/WO2011109856A1/en,
WO-2011116925-A1,Method and unit for the optimized transmission of measurement of paramaters of vehicle tyres ,"Continental Automotive France, Continental Automotive Gmbh",Youri Vassilieff,2010-03-24,2011-03-22,2011-09-29,,https://patents.google.com/patent/WO2011116925A1/en,
RU-2010113204-A,MOBILE NAVIGATION AND LAYOUT COMPLEX ,"Открытое акционерное общество ""Завод им. В.А. Дегтярева"" (RU), Открытое акционерное общество ""Завод им. В.А. Дегтярева""","Владимир Вячеславович Громов (RU), Владимир Вячеславович Громов, Виталий Борисович Гужов (RU), Виталий Борисович Гужов, Давид Лазорович Липсман (RU), Давид Лазорович Липсман, Сергей Михайлович Мосалёв (RU), Сергей Михайлович Мосалёв, Игорь Семенович Рыбкин (RU), Игорь Семенович Рыбкин, Владимир Анатольевич Хитров (RU), Владимир Анатольевич Хитров",2010-04-05,2010-04-05,2011-10-10,,https://patents.google.com/patent/RU2010113204A/en,
EP-2269882-A3,Method for operating a vehicle in coasting mode ,Getrag Ford Transmissions GmbH,"Martin Leibbrandt, Harald Schmitz",2009-06-30,2010-06-30,2011-08-24,,https://patents.google.com/patent/EP2269882A3/en,
CN-101452292-B,Fish glasses head omnidirectional vision aiming method based on sequence dual-color dot matrix type navigation mark ,天津理工大学,"曹作良, 冯为嘉",2008-12-29,2008-12-29,2011-05-04,2011-05-04,https://patents.google.com/patent/CN101452292B/en,https://patentimages.storage.googleapis.com/45/f1/87/fbc4adde764b8e/H2008101546205E00011.png
EP-2019235-A3,Automated shift control device ,Yamaha Hatsudoki Kabushiki Kaisha,Yoshihiko Takeuchi,2007-07-24,2008-07-23,2011-03-16,,https://patents.google.com/patent/EP2019235A3/en,
CN-201729114-U,Multifunctional power grid emergency engineering truck ,"河南送变电建设公司, 河南电力博大科技有限公司","金红专, 侯东红, 高晓莉",2010-08-05,2010-08-05,2011-02-02,2011-02-02,https://patents.google.com/patent/CN201729114U/en,https://patentimages.storage.googleapis.com/e8/92/09/98052971ceae68/HSA00000218122200011.png
CN-102205425-A,Machine for automatically processing bearing outer ring ,浙江凯达机床股份有限公司,王东杰,2011-05-10,2011-05-10,2011-10-05,,https://patents.google.com/patent/CN102205425A/en,https://patentimages.storage.googleapis.com/1b/5a/6a/5d9175166aa36d/110510135127.png
CA-2742643-A1,Autonomous moving device for aircraft ,"Messier-Bugatti-Dowty, Herve Charuel, David Delloue","Herve Charuel, David Delloue",2010-06-10,2011-06-08,2011-12-10,,https://patents.google.com/patent/CA2742643A1/en,
FR-2958065-A1,METHOD AND OPTIMIZED TRANSMISSION UNIT FOR MEASURING PARAMETERS OF VEHICLE TIRES ,"Continental Automotive France, Continental Automotive Gmbh",Youri Vassilieff,2010-03-24,2010-03-24,2011-09-30,,https://patents.google.com/patent/FR2958065A1/en,
BR-PI0615239-A2,Method for activating a freewheel function on a vehicle ,Volvo Lastvagnar Ab,"Eriksson Anders, Templin Peter",2005-09-08,2006-08-30,2011-05-10,,https://patents.google.com/patent/BRPI0615239A2/en,
CN-102162524-A,Shift stage display device ,本田技研工业株式会社,"露口诚, 竹田亨, 村泽直喜",2010-02-23,2011-02-16,2011-08-24,,https://patents.google.com/patent/CN102162524A/en,https://patentimages.storage.googleapis.com/d7/f7/a4/04a3cf4668253f/HDA0000046917430000011.png
US-2011019392-A1,Clamp with lamp ,"Shanghai Greatway Electric & Tools., Ltd.","Yeping Fan, Yong Wu",2009-07-21,2009-07-21,2011-01-27,,https://patents.google.com/patent/US20110019392A1/en,https://patentimages.storage.googleapis.com/68/ad/d1/bb50162b2c9dfd/US20110019392A1-20110127-D00000.png
DE-102010028069-A1,Method for switching control of a motor vehicle ,Zf Friedrichshafen Ag,"Florian Schneider, Dr. Mair Roland",2010-04-22,2010-04-22,2011-10-27,,https://patents.google.com/patent/DE102010028069A1/en,https://patentimages.storage.googleapis.com/af/ec/73/9319e5ab326432/00310000.png
JP-2011174489-A,Shift stage display device ,"Honda Motor Co Ltd, 本田技研工業株式会社","Makoto Tsuyukuchi, 誠 露口, Toru Takeda, 亨 竹田, Naoki Murasawa, 直喜 村澤",2010-02-23,2010-02-23,2011-09-08,,https://patents.google.com/patent/JP2011174489A/en,https://patentimages.storage.googleapis.com/47/15/2c/7c1f7b770ae537/2011174489-3.png
FR-2961170-A1,AUTONOMOUS DISPLACEMENT DEVICE FOR AIRCRAFT. ,Messier Bugatti,"Herve Charuel, David Delloue",2010-06-10,2010-06-10,2011-12-16,,https://patents.google.com/patent/FR2961170A1/en,
JP-2011047943-A,Tire test system ,"Avl List Gmbh, アー・ファウ・エル・リスト・ゲゼルシャフト・ミト・ベシュレンクテル・ハフツング","Matthias Dank, マティアス・ダンク, Johann Eitzinger, ヨーハン・アイッツィンガー, Michael Resl, ミヒャエル・レスル",2009-08-27,2010-08-26,2011-03-10,,https://patents.google.com/patent/JP2011047943A/en,https://patentimages.storage.googleapis.com/fe/42/d2/1e81fad32b4b0a/2011047943-3.png
CN-101950176-A,Method for performing zero moment point (ZMP) calibration autonomously by robot ,北京理工大学,"黄强, 陈学超, 余张国, 李敬, 张伟民, 许威, 马淦",2010-09-02,2010-09-02,2011-01-19,,https://patents.google.com/patent/CN101950176A/en,https://patentimages.storage.googleapis.com/d3/86/6f/89a4765e1bf5a4/HSA00000253078800011.png
EP-2385755-A1,Electric lawnmower with a carried driver and with an autonomously operating power supply ,Etesia (Societe Par Actions Simplifiee),"Alfred Schmitt, Thomas Buhl",2009-01-09,2010-01-07,2011-11-16,,https://patents.google.com/patent/EP2385755A1/en,
DE-502007006617-D1,PROCESS AND DEVICE FOR SECURE SPACING MONITORING ,Pilz Gmbh & Co Kg,Martin Hechinger,2006-07-07,2007-07-03,2011-04-14,,https://patents.google.com/patent/DE502007006617D1/en,
DE-102009046620-A1,Switching device and method for switching control of an automated group transmission ,Zf Friedrichshafen Ag,Stefan Renner,2009-11-11,2009-11-11,2011-05-19,,https://patents.google.com/patent/DE102009046620A1/en,https://patentimages.storage.googleapis.com/1d/15/4c/72f06d4aa9fb72/00420000.png
DE-102009032220-A1,Powertrain monitoring method ,Getrag Getriebe- Und Zahnradfabrik Hermann Hagenmeyer Gmbh & Cie Kg,"Martin Seufert, Tobias Kalisch, Markus Goldbach, Michael Schachtmann, Ralf Hettich, Matthias Neundorf",2009-07-06,2009-07-06,2011-01-13,,https://patents.google.com/patent/DE102009032220A1/en,https://patentimages.storage.googleapis.com/76/d3/01/64c873e0170fc0/00210000.png
EP-2335197-A1,Method and system for processing vehicular violations ,"Rent A Toll, Ltd",Sarath K. Balachandran,2008-10-10,2009-10-12,2011-06-22,,https://patents.google.com/patent/EP2335197A1/en,
JP-2011064501-A,"Navigation apparatus, navigation method, and cellular phone with navigation function ","Sony Corp, ソニー株式会社","Tatsuya Sakashita, 達也 阪下",2009-09-15,2009-09-15,2011-03-31,,https://patents.google.com/patent/JP2011064501A/en,https://patentimages.storage.googleapis.com/0d/e6/51/0ab0c38b0bdf4f/2011064501-6.png
EP-2273157-A2,Power transmission monitoring method ,GETRAG Getriebe- und Zahnradfabrik Hermann Hagenmeyer GmbH & Cie KG,"Martin Seufert, Tobias Kalisch, Markus Goldbach, Michael Schachtmann, Ralf Hettich, Matthias Neundorf",2009-07-06,2010-06-07,2011-01-12,,https://patents.google.com/patent/EP2273157A2/en,https://patentimages.storage.googleapis.com/c8/bc/e4/692dcbc86a5b62/imgf0001.png
EP-2292497-A2,"Method for executing a parking process for a motor vehicle which is at least semi-automatic, driver assistance device and motor vehicle with a driver assistance device ",Valeo Schalter und Sensoren GmbH,"Nicolas Jecker, Oliver Grimm, Tobias Geiger",2009-09-07,2010-08-11,2011-03-09,,https://patents.google.com/patent/EP2292497A2/en,https://patentimages.storage.googleapis.com/eb/92/74/eb55f906aed810/imgf0001.png
AT-E500622-T1,AUTONOMOUS POWER SUPPLY APPARATUS AND METHOD FOR ROAD BEACONS ,Fiat Ricerche,"Alessandro Zanella, Stefano Alacqua",2006-03-28,2006-03-28,2011-03-15,2011-03-15,https://patents.google.com/patent/ATE500622T1/en,
AU-2011200122-B1,Shift stage display device ,"Honda Motor Co., Ltd","Naoki Murasawa, Toru Takeda, Makoto Tsuyuguchi",2010-02-23,2011-01-12,2011-09-08,,https://patents.google.com/patent/AU2011200122B1/en,
WO-2011131404-A1,Gearshift control method for a motor vehicle ,Zf Friedrichshafen Ag,"Florian Schneider, Roland Mair",2010-04-22,2011-03-02,2011-10-27,,https://patents.google.com/patent/WO2011131404A1/en,
DE-602006020404-D1,Autonomous power supply and method for street beacons ,Fiat Ricerche,"Alessandro Zanella, Stefano Alacqua",2006-03-28,2006-03-28,2011-04-14,,https://patents.google.com/patent/DE602006020404D1/en,
EP-2292497-A3,"Method for executing a parking process for a motor vehicle which is at least semi-automatic, driver assistance device and motor vehicle with a driver assistance device ",Valeo Schalter und Sensoren GmbH,"Nicolas Jecker, Oliver Grimm, Tobias Geiger",2009-09-07,2010-08-11,2011-10-12,,https://patents.google.com/patent/EP2292497A3/en,
WO-2011144929-A1,Evaluating capability of a system to perform a task by comparing models of the system and the task ,Bae Systems Plc,Glenn Michael Callow,2010-05-19,2011-05-17,2011-11-24,,https://patents.google.com/patent/WO2011144929A1/en,
JP-2011102072-A,Automatic carrier ,"Symtec Hozumi:Kk, 株式会社シンテックホズミ","Kenji Ogawa, 健司 小川, Shinichi Takara, 信一 宝, Sachihiro Takagi, 幸弘 高木, Shinji Inao, 新次 稲生, Tsutomu Miyakoshi, 勉 宮越",2009-11-10,2009-11-10,2011-05-26,,https://patents.google.com/patent/JP2011102072A/en,https://patentimages.storage.googleapis.com/96/73/46/30bf948b180323/2011102072-3.png
KR-20110057544-A,Young mother detection device ,대한민국(농촌진흥청장),"신익상, 김상철, 홍영기, 정인규, 최홍기, 이공인, 최덕규",2009-11-24,2009-11-24,2011-06-01,,https://patents.google.com/patent/KR20110057544A/en,https://patentimages.storage.googleapis.com/49/d1/74/86849c50a52d40/112009072191913-PAT00001.png
EP-2313862-A1,Method and device for remotely controlling a camera on board a mobile station ,European Aeronautic Defence And Space Company Eads France,Marc Sturzel,2008-08-20,2009-08-18,2011-04-27,,https://patents.google.com/patent/EP2313862A1/en,
KR-20110099365-A,Corrugated Packaging Material Manufacturing Equipment ,방병관,방병관,2010-03-02,2010-03-02,2011-09-08,,https://patents.google.com/patent/KR20110099365A/en,https://patentimages.storage.googleapis.com/87/40/e0/d67e688f8b43e1/pat00001.png
AT-E530627-T1,RINSING AID COMPOSITIONS WITH IMPROVED PROPERTIES ,Evonik Degussa Gmbh,"Andras Nagy, Saiid Mohammed, Dennis Parrish, Georg Schick, Ingo Hamann",2008-02-08,2009-02-05,2011-11-15,2011-11-15,https://patents.google.com/patent/ATE530627T1/en,
CN-102128625-A,Initial matching method for use in gravimetric map matching in gravity-aided inertial navigation system ,北京航空航天大学,"朱庄生, 房建成",2010-12-08,2010-12-08,2011-07-20,,https://patents.google.com/patent/CN102128625A/en,https://patentimages.storage.googleapis.com/aa/9f/d3/812f35612dd987/HSA00000389258700011.png
CN-102283761-A,Upper limb recovery robot ,上海电机学院,"辛绍杰, 廖斌洪, 林骁雯, 冯敏杰, 许晓承, 顾恺骏",2011-06-28,2011-06-28,2011-12-21,,https://patents.google.com/patent/CN102283761A/en,https://patentimages.storage.googleapis.com/ee/d6/c6/634778493685eb/HDA0000071739200000011.png
CN-102239756-A,Intelligent farming robot in greenhouse ,东北农业大学,"权龙哲, 周鸣川, 蒋恩臣, 崔迪, 艾青牧, 赵艺",2011-04-20,2011-04-20,2011-11-16,,https://patents.google.com/patent/CN102239756A/en,https://patentimages.storage.googleapis.com/32/ec/85/5f78e3a2284493/HSA00000477538900012.png
CN-102072910-A,Visual inspection system for automobile piston assembly quality ,上海交通大学,"孙大为, 蔡艳, 孔谅, 杨海澜, 华学明",2010-11-13,2010-11-13,2011-05-25,,https://patents.google.com/patent/CN102072910A/en,https://patentimages.storage.googleapis.com/46/b6/8c/e59f9f0cd3f663/HDA0000032161560000011.png
CN-102124491-A,Method and device for remotely controlling a camera on board a mobile station ,欧洲航空防务和航天公司,M·斯图尔泽,2008-08-20,2009-08-18,2011-07-13,,https://patents.google.com/patent/CN102124491A/en,https://patentimages.storage.googleapis.com/2e/f3/8c/663838ae7e5a12/HPA00001330073300011.png
CN-101975079-A,Carrying robot for coal mine rescue ,西安科技大学,"魏娟, 马宏伟",2010-09-27,2010-09-27,2011-02-16,,https://patents.google.com/patent/CN101975079A/en,https://patentimages.storage.googleapis.com/39/f6/40/2724b0e92824a9/HSA00000288399200011.png
DE-102009054122-A1,damper valve ,Volkswagen Ag,"Marco Schreiner, Matthias Lüdecke, Florian Eidinger, Ralf Liebschwager, Steffen Jahn, Stefan Flotmann, Oliver Friedrich",2009-11-20,2009-11-20,2011-05-26,,https://patents.google.com/patent/DE102009054122A1/en,https://patentimages.storage.googleapis.com/1e/f1/44/43600050a868a4/00140000.png
WO-2011073072-A1,Tire filling assistant ,Continental Automotive Gmbh,"Gregor Kuchler, Frank Fischer, Jürgen SPOTKA",2009-12-18,2010-12-09,2011-06-23,,https://patents.google.com/patent/WO2011073072A1/en,
SG-176198-A1,Conveyance vehicle system ,Murata Machinery Ltd,Kazunori Shimamura,2009-06-02,2010-05-28,2011-12-29,,https://patents.google.com/patent/SG176198A1/en,
WO-2011051021-A1,Method and devices for establishing communication between a first station and a second station ,Siemens Aktiengesellschaft,"Jörg Heuer, Anton Schmitt, Martin Winter",2009-10-30,2010-08-31,2011-05-05,,https://patents.google.com/patent/WO2011051021A1/en,
KR-20110020406-A,Automatic driving control device and method of grinder work machine ,두산인프라코어 주식회사,최기홍,2009-08-24,2009-08-24,2011-03-03,,https://patents.google.com/patent/KR20110020406A/en,https://patentimages.storage.googleapis.com/56/47/22/109b8d5889f403/112009051503928-PAT00001.png
DE-102010030575-A1,Powertrain with an automated group transmission ,Zf Friedrichshafen Ag,Dr. Kaltenbach Johannes,2010-06-28,2010-06-28,2011-12-29,,https://patents.google.com/patent/DE102010030575A1/en,https://patentimages.storage.googleapis.com/72/db/ac/59f24deb0a4e47/00200000.png
DE-102009035348-A1,Parking lock device ,"Volkswagen Ag, Audi Ag","Bernd Morthorst, Volker Becker, Roland Meyer, Christian Meixner",2009-07-30,2009-07-30,2011-02-03,,https://patents.google.com/patent/DE102009035348A1/en,https://patentimages.storage.googleapis.com/e8/81/4d/75f1ee3b4c90d7/00150000.png
CN-101957258-A,Testing device for CVT (Constant-Voltage Transformer) valve body performance testing ,无锡威锐科智能测控技术有限公司,朱留存,2010-08-03,2010-08-03,2011-01-26,,https://patents.google.com/patent/CN101957258A/en,https://patentimages.storage.googleapis.com/89/5f/e4/dc47d713f5d1e5/HSA00000213414400011.png
CN-102167160-A,Miniature flapping wing aircraft launching in jumping mode ,东北大学,"郭江龙, 陈述平, 李龙, 袁忠秋, 唐溧克, 张青春, 刘天琦, 窦志龙, 刘淳",2011-04-14,2011-04-14,2011-08-31,,https://patents.google.com/patent/CN102167160A/en,https://patentimages.storage.googleapis.com/e5/40/31/8bff08924c185b/HDA0000055370490000011.png
TW-201100315-A,Conveyance vehicle system ,Murata Machinery Ltd,Kazunori Shimamura,2009-06-02,2010-06-01,2011-01-01,,https://patents.google.com/patent/TW201100315A/en,
WO-2011134044-A1,System and method for land application of waste fluids ,"Summit Liability Solutions, Inc.","Russel Lloyd Orcutt, Jason Pecht",2010-04-30,2010-12-01,2011-11-03,,https://patents.google.com/patent/WO2011134044A1/en,
IT-MI20110075-A1,DRIVER ASSISTANCE SYSTEM AND PROCEDURE FOR DRIVER ASSISTANCE FOR THE AUTOMATIC DRIVER ,Bosch Gmbh Robert,"Holger Breuing, Alexander Schanz",2010-02-04,2011-01-25,2011-08-05,,https://patents.google.com/patent/ITMI20110075A1/en,
EP-2103845-A3,Method for controlling the switching of an automatic variable speed transmission ,ZF Friedrichshafen AG,"Werner Wolfgang, Maik Dr. Würthner",2008-03-19,2009-02-11,2011-07-20,,https://patents.google.com/patent/EP2103845A3/en,
CN-202052900-U,Riveting device of lock body panel ,贾君鑫,贾君鑫,2011-04-22,2011-04-22,2011-11-30,2011-11-30,https://patents.google.com/patent/CN202052900U/en,https://patentimages.storage.googleapis.com/e9/32/e9/dd21bd801a1e5f/HDA0000056930650000011.png
CN-102043716-A,Automatic software testing method based on business driving ,南京联创科技集团股份有限公司,"黄锡伟, 朱玉东, 丁庆平, 王娟",2010-12-24,2010-12-24,2011-05-04,,https://patents.google.com/patent/CN102043716A/en,https://patentimages.storage.googleapis.com/af/ef/9c/a285c21bc38f80/101224153544.png
WO-2011154082-A1,Method for setting shift points in a transmission or for increasing the torque of an electric drive machine ,Voith Patent Gmbh,Bernd Dietzel,2010-06-10,2011-05-17,2011-12-15,,https://patents.google.com/patent/WO2011154082A1/en,
WO-2011039032-A1,Method for operating a drive train ,Zf Friedrichshafen Ag,"Maik WÜRTHNER, Ingo Sauter, Joachim Staudinger, Johannes Kemler",2009-10-01,2010-09-07,2011-04-07,,https://patents.google.com/patent/WO2011039032A1/en,
WO-2011072633-A1,Method for controlling an automated friction clutch ,Schaeffler Technologies Gmbh & Co. Kg,"Mario Jung, Cedric Kieffer, Björn Stehle",2009-12-14,2010-11-24,2011-06-23,,https://patents.google.com/patent/WO2011072633A1/en,
DE-102010023316-A1,Method for setting switching points in a transmission or for increasing the torque of an electric drive machine ,Voith Patent Gmbh,Bernd Dietzel,2010-06-10,2010-06-10,2011-12-15,,https://patents.google.com/patent/DE102010023316A1/en,https://patentimages.storage.googleapis.com/19/a4/02/15a95ac12479be/00170000.png
WO-2011138074-A2,Control unit for operating a safety system for a vehicle and method for operating such a safety system for a vehicle ,Robert Bosch Gmbh,"Falko Sievers, Hartmut Schumacher, Carsten List",2010-05-04,2011-03-10,2011-11-10,,https://patents.google.com/patent/WO2011138074A2/en,
CN-102135041-A,Automated start/stop system for internal combustor ,通用汽车环球科技运作有限责任公司,"A·蒂瓦里, V·谢蒂加, A·库马, S·B·钱德",2010-01-04,2011-01-04,2011-07-27,,https://patents.google.com/patent/CN102135041A/en,https://patentimages.storage.googleapis.com/41/9f/0d/6e9f460c7685f9/HSA00000416174500021.png
CN-102199529-A,Biochip hybridization system ,"博奥生物有限公司, 清华大学","叶嘉明, 王品虹, 王国青, 段立清, 赵凯军, 张锦秀, 宋秀梅, 王东, 高华方, 邢婉丽",2011-03-22,2011-03-22,2011-09-28,,https://patents.google.com/patent/CN102199529A/en,https://patentimages.storage.googleapis.com/05/2e/d0/858493adfebfd1/HDA0000051380310000012.png
EP-2267567-A3,Guidance method for agricultural vehicle ,CNH Italia S.p.A.,"Christopher A. Brubaker, Philip A. Cobb",2009-06-12,2010-06-10,2011-11-30,,https://patents.google.com/patent/EP2267567A3/en,
MA-32700-B1,Drive system for doors ,Sommer Antriebs & Funktechnik,Gerd Schaaf,2008-09-10,2011-04-07,2011-10-02,,https://patents.google.com/patent/MA32700B1/en,
CN-102126544-A,Underwater self-propulsion omnibearing sensor ,北京理工大学,"邵志宇, 冯顺山, 方东洋, 段相杰, 边江楠",2010-12-31,2010-12-31,2011-07-20,,https://patents.google.com/patent/CN102126544A/en,https://patentimages.storage.googleapis.com/7f/4b/66/78009c033c97cd/HSA00000404358900011.png
WO-2011015430-A3,Method for controlling a rolling or coasting mode of a vehicle ,Zf Friedrichshafen Ag,"Joachim Staudinger, Ingo Sauter, Maik WÜRTHNER, Johannes Kemler",2009-08-05,2010-07-14,2011-03-31,,https://patents.google.com/patent/WO2011015430A3/en,
CN-101957383-A,Micro-fluid control liquid drop generation system based on liquid drop sequence assembly technology and use method ,浙江大学,"方群, 杜文斌, 孙蒙",2010-08-10,2010-08-10,2011-01-26,,https://patents.google.com/patent/CN101957383A/en,https://patentimages.storage.googleapis.com/74/6b/8c/373cfe947dbc47/HSA00000225473900011.png
DE-102010052382-A1,Method for controlling an automated friction clutch ,Schaeffler Technologies Gmbh & Co. Kg,"Mario Jung, Cedric Kieffer, Björn Stehle",2009-12-14,2010-11-24,2011-06-16,,https://patents.google.com/patent/DE102010052382A1/en,
FR-2961171-A1,AIRCRAFT EQUIPPED WITH AN AUTONOMOUS DISPLACEMENT DEVICE. ,Messier Bugatti,"David Delloue, Herve Charuel",2010-06-10,2010-06-10,2011-12-16,,https://patents.google.com/patent/FR2961171A1/en,
CN-102156941-A,Urban convenient carpooling system and method thereof ,厦门大学,周军现,2011-04-02,2011-04-02,2011-08-17,,https://patents.google.com/patent/CN102156941A/en,https://patentimages.storage.googleapis.com/03/c3/05/119e2dd275e6bf/HDA0000053779580000011.png
GB-201111868-D0,4-shaft gearbox for hybrid vehicle ,Xtrac Ltd,,2011-07-11,2011-07-11,2011-08-24,,https://patents.google.com/patent/GB201111868D0/en,
CA-2742625-A1,Aircraft equipped with an autonomous moving device ,"Messier-Bugatti-Dowty, David Delloue, Herve Charuel","David Delloue, Herve Charuel",2010-06-10,2011-06-08,2011-12-10,,https://patents.google.com/patent/CA2742625A1/en,
US-2011144849-A1,Autonomous mobile robot ,Wang Chin-Hsiung,Chin-Hsiung WANG,2009-12-11,2010-11-11,2011-06-16,,https://patents.google.com/patent/US20110144849A1/en,https://patentimages.storage.googleapis.com/11/88/e0/a31f2f0b29f37f/US20110144849A1-20110616-D00000.png
US-2011128140-A1,Method for indicating the process of leaving a parking space ,"Christian Pampus, Florian Raisch, Albrecht Irion, Marcus Schneider","Christian Pampus, Florian Raisch, Albrecht Irion, Marcus Schneider",2009-11-30,2010-11-23,2011-06-02,,https://patents.google.com/patent/US20110128140A1/en,
US-2011231221-A1,Automated risk assessment and management ,"Mark Worwetz, Volker Gunnar Scheuber-Heinz, Brent Thurgood, Jon Hardman","Mark Worwetz, Volker Gunnar Scheuber-Heinz, Brent Thurgood, Jon Hardman",2010-03-22,2011-03-22,2011-09-22,,https://patents.google.com/patent/US20110231221A1/en,https://patentimages.storage.googleapis.com/37/f7/a6/a5d02eb4b0538b/US20110231221A1-20110922-D00000.png
DE-102009028242-A1,Method for controlling a rolling or sailing mode of a vehicle ,Zf Friedrichshafen Ag,"Ingo Sauter, Maik Dr. Würthner, Joachim Staudinger, Johannes Kemler",2009-08-05,2009-08-05,2011-02-10,,https://patents.google.com/patent/DE102009028242A1/en,https://patentimages.storage.googleapis.com/45/5e/f8/983f39df36d11b/00190000.png
WO-2011000345-A1,Hybrid drive train ,Schaeffler Technologies Gmbh & Co. Kg,"James Antony Lethbridge, Dierk Reitz",2009-07-02,2010-06-17,2011-01-06,,https://patents.google.com/patent/WO2011000345A1/en,
KR-20110138511-A,Pest Control System ,제영호,제영호,2010-06-21,2010-06-21,2011-12-28,,https://patents.google.com/patent/KR20110138511A/en,https://patentimages.storage.googleapis.com/94/68/11/5ca608de2a1ea1/pat00001.png
WO-2011015430-A2,Method for controlling a rolling or coasting mode of a vehicle ,Zf Friedrichshafen Ag,"Joachim Staudinger, Ingo Sauter, Maik WÜRTHNER, Johannes Kemler",2009-08-05,2010-07-14,2011-02-10,,https://patents.google.com/patent/WO2011015430A2/en,
DE-102010024165-A1,Hybrid powertrain ,Schaeffler Technologies Gmbh & Co. Kg,"James Antony Lethbridge, Dierk Reitz",2009-07-02,2010-06-17,2011-03-03,,https://patents.google.com/patent/DE102010024165A1/en,https://patentimages.storage.googleapis.com/8f/00/fe/6c8b09e3719ac1/00120000.png
JP-2011170555-A,Vehicle group driving control device ,"Denso Corp, 株式会社デンソー","Mitsuhiro Tokimasa, 光宏 時政",2010-02-17,2010-02-17,2011-09-01,,https://patents.google.com/patent/JP2011170555A/en,https://patentimages.storage.googleapis.com/cc/a1/48/ac134ba09a3827/2011170555-3.png
DE-102010010685-A1,Method for tolerance-adapted adhesive application in vehicle construction ,"Airbus Operations Gmbh, Fraunhofer-Gesellschaft zur Förderung der angewandten Forschung e.V.","Dirk Dr. Niermann, Holger Frauen",2009-03-19,2010-03-08,2011-02-03,,https://patents.google.com/patent/DE102010010685A1/en,https://patentimages.storage.googleapis.com/fe/9d/8c/b3aca12a8510e6/00110000.png
GB-201101940-D0,Autonomous vacuum cleaner ,Dyson Technology Ltd,,2011-02-04,2011-02-04,2011-03-23,,https://patents.google.com/patent/GB201101940D0/en,
CN-102046472-A,Strapping device with an energy storage means ,奥格派克有限公司,"米尔科·尼塞尔, 罗兰·威德默, 弗拉维奥·芬佐",2008-04-23,2009-01-06,2011-05-04,,https://patents.google.com/patent/CN102046472A/en,https://patentimages.storage.googleapis.com/8f/0f/4b/6ec9b87c4231f1/HPA00001250959800011.png
EP-2037159-A3,Method for controlling the switching of an automated group transmission ,ZF Friedrichshafen AG,"Josef Bader, Andreas Graf, Mario Steinborn, Thomas Hafen, Martin Miller",2007-09-15,2008-09-05,2011-09-07,,https://patents.google.com/patent/EP2037159A3/en,
CN-102112934-A,Automated Public and Personal Transportation Systems ,劳欧·帕瑞堤,劳欧·帕瑞堤,2007-07-23,2008-07-23,2011-06-29,,https://patents.google.com/patent/CN102112934A/en,https://patentimages.storage.googleapis.com/9d/d9/e9/5ee34244aee71d/HPA00001306593000011.png
CN-102176041-A,GNSS (Global Navigation Satellite System)/SINS (Ship's Inertial Navigation System) based integrated vehicle navigation monitoring system ,浙江大学,"马龙华, 管波, 姚珺, 袁腾凯, 冯琼华, 林灿龙",2011-01-17,2011-01-17,2011-09-07,,https://patents.google.com/patent/CN102176041A/en,https://patentimages.storage.googleapis.com/bb/8e/a0/73c5ebbf688ab6/HDA0000044041650000011.png
AT-E511033-T1,METHOD FOR PRODUCING A CLUTCH ,Volvo Lastvagnar Ab,"Henrik Ryberg, Erik Lauri, Svante Karlsson, Lars Karlsson",2006-09-18,2007-09-13,2011-06-15,2011-06-15,https://patents.google.com/patent/ATE511033T1/en,
EP-2310924-A1,Automated collective transport system ,Raoul Parienti,Raoul Parienti,2007-07-23,2008-07-23,2011-04-20,,https://patents.google.com/patent/EP2310924A1/en,
JP-2011117843-A,"Velocity calculating apparatus, velocity calculating method, navigation apparatus and cellular phone with the navigation function ","Sony Corp, ソニー株式会社","Hitoshi Okubo, 仁 大久保",2009-12-03,2009-12-03,2011-06-16,,https://patents.google.com/patent/JP2011117843A/en,https://patentimages.storage.googleapis.com/25/cf/dd/6c9c4c60e8c292/2011117843-15.png
JP-2011022157-A,"Position detection apparatus, position detection method and position detection program ","Honda Motor Co Ltd, 本田技研工業株式会社","Takaaki Nagai, 孝明 永井, Shinichi Matsunaga, 慎一 松永, Yoshiaki Sakagami, 義秋 坂上",2000-05-26,2010-08-30,2011-02-03,,https://patents.google.com/patent/JP2011022157A/en,https://patentimages.storage.googleapis.com/15/2d/33/1cdc88383a1a60/2011022157-6.png
WO-2011113555-A2,Solar field cleaning system and cleaning method used by said system ,"Sener, Ingenieria Y Sistemas, S.A.","Antonio González Elias, Juan Antonio ESCALERA PIÑA, Michael William Hardt Gonzalez, José Ramón VILLA NAVARRO",2010-03-15,2011-03-11,2011-09-22,,https://patents.google.com/patent/WO2011113555A2/en,
DE-502007006837-D1,CONTROL DEVICE FOR MOTOR VEHICLES FOR LEARNING THE INDEPENDENT EXERCISE OF A PREDETERMINED IDEAL LINE ,Bayerische Motoren Werke Ag,"Peter Waldmann, Helmut Spannheimer",2006-04-06,2007-04-04,2011-05-12,,https://patents.google.com/patent/DE502007006837D1/en,
AT-E503669-T1,CONTROL DEVICE FOR MOTOR VEHICLES FOR LEARNING TO DRIVE INDEPENDENTLY ON A SPECIFIED IDEAL LINE ,Bayerische Motoren Werke Ag,"Peter Waldmann, Helmut Spannheimer",2006-04-06,2007-04-04,2011-04-15,2011-04-15,https://patents.google.com/patent/ATE503669T1/en,
EP-2359033-A1,Automated manual transmission with hybrid drive ,NT Consulting International Pty Limited,"Richard Terrence Tamba, Simon Fitzgerald",2008-12-17,2009-12-17,2011-08-24,,https://patents.google.com/patent/EP2359033A1/en,
AU-2009328642-A1,Automated manual transmission with hybrid drive ,Nt Consulting International Pty Ltd,"Simon Fitzgerald, Richard Terrence Tamba",2008-12-17,2009-12-17,2011-07-07,,https://patents.google.com/patent/AU2009328642A1/en,
WO-2011138080-A1,Controller for operating a safety system for a vehicle and method for operating such a safety system for a vehicle ,Robert Bosch Gmbh,"Falko Sievers, Hartmut Schumacher, Carsten List",2010-05-04,2011-03-10,2011-11-10,,https://patents.google.com/patent/WO2011138080A1/en,
US-2011101258-A1,Motorized automate/manual push button system ,Jorge Maercovich,Jorge Maercovich,2008-07-22,2010-12-30,2011-05-05,,https://patents.google.com/patent/US20110101258A1/en,https://patentimages.storage.googleapis.com/49/b1/6b/4a5c2bad272698/US20110101258A1-20110505-D00000.png
US-2011172055-A1,Method for carrying out a shift during hybrid operation in a parallel hybrid vehicle ,Zf Friedrichshafen Ag,"Johannes Kaltenbach, Stefan Wallner",2007-08-16,2008-08-08,2011-07-14,,https://patents.google.com/patent/US20110172055A1/en,https://patentimages.storage.googleapis.com/98/a3/c7/d40b138a70a2db/US20110172055A1-20110714-D00000.png
US-2011004383-A1,Method for monitoring a drive train ,Getrag Getriebe-Und Zahnradfabrik Hermann Hagenmeyer Gmbh & Cie Kg,"Martin Seufert, Tobias Kalisch, Markus Goldbach, Michael Schachtmann, Ralf Hettich, Matthias Neundorf",2009-07-06,2010-06-24,2011-01-06,,https://patents.google.com/patent/US20110004383A1/en,https://patentimages.storage.googleapis.com/56/63/7e/fba7de49c5c68d/US20110004383A1-20110106-D00000.png
US-2011297855-A1,Motorized automate/manual push button system ,Jorge Maercovich,Jorge Maercovich,2008-07-22,2011-08-05,2011-12-08,,https://patents.google.com/patent/US20110297855A1/en,https://patentimages.storage.googleapis.com/40/f6/41/8b6911f39dcfd7/US20110297855A1-20111208-D00000.png
AT-E533977-T1,FAULT DETECTION METHOD FOR MOTOR VEHICLE TRANSMISSIONS ,Getrag Getriebe Zahnrad,"Martin Seufert, Ralf Hettich, Josef Glatthaar, Ralph Richter, Tobias Kalisch, Marius Bryzgalski, Joerg Moellmann",2007-10-17,2008-09-11,2011-12-15,2011-12-15,https://patents.google.com/patent/ATE533977T1/en,
AT-E536493-T1,METHOD FOR CONTROLLING AN AUTOMATED FRICTION CLUTCH ,Zahnradfabrik Friedrichshafen,"Rainer Petzold, Peter Herter, Franz Bitzer, Joachim Staudinger",2007-03-31,2008-03-25,2011-12-15,2011-12-15,https://patents.google.com/patent/ATE536493T1/en,
CN-102156480-A,Unmanned helicopter independent landing method based on natural landmark and vision navigation ,清华大学,"王冠林, 朱纪洪",2010-12-30,2010-12-30,2011-08-17,,https://patents.google.com/patent/CN102156480A/en,https://patentimages.storage.googleapis.com/ab/74/39/d55bc2a2eefda0/HSA00000413832300011.png
ES-2353181-A1,Device for continuous measuring of an analyte ,"Francisco Javie Garcia Saban, Jordi Marsinyach Montfort","Francisco Javie Garcia Saban, Jordi Marsinyach Montfort",2010-09-01,2010-09-01,2011-02-28,,https://patents.google.com/patent/ES2353181A1/en,
WO-2011039018-A1,Method for controlling and/or regulating an automated transmission ,Zf Friedrichshafen Ag,"Lutz MÜLLER, Joachim Staudinger",2009-09-29,2010-08-31,2011-04-07,,https://patents.google.com/patent/WO2011039018A1/en,
JP-2011043209-A,"Structure for fastening clip to trim board, clip, and clip fastening method ","Toyoda Iron Works Co Ltd, 豊田鉄工株式会社","Kenji Onuma, 健二 大沼",2009-08-21,2009-08-21,2011-03-03,,https://patents.google.com/patent/JP2011043209A/en,https://patentimages.storage.googleapis.com/ab/50/9c/fa21298a073c0a/2011043209-3.png
DE-102010015387-A1,Determination of the possible area for autonomous parking ,"GM Global Technology Operations, Inc., Detroit","Nikolai K. Grosse Pointe Moshchuk, Shih-Ken Troy Chen",2009-04-22,2010-04-19,2011-04-07,,https://patents.google.com/patent/DE102010015387A1/en,https://patentimages.storage.googleapis.com/ae/3d/ec/d45993df0e5256/00260000.png
DE-102010030576-A1,Powertrain with an automated group transmission ,Zf Friedrichshafen Ag,Dr. Kaltenbach Johannes,2010-06-28,2010-06-28,2011-12-29,,https://patents.google.com/patent/DE102010030576A1/en,https://patentimages.storage.googleapis.com/43/05/99/2c740bcf168a0c/00210000.png
PL-2032364-T3,Numbering device for typographic numbering ,Kba Notasys Sa,"Alain Würsch, Antoine Merminod",2006-06-23,2007-06-20,2011-06-30,,https://patents.google.com/patent/PL2032364T3/en,
DE-602007012097-D1,NUMBERING DEVICE FOR TYPOGRAPHIC NUMBERING ,Kba Giori Sa,"Alain Wuersch, Antoine Merminod",2006-06-23,2007-06-20,2011-03-03,,https://patents.google.com/patent/DE602007012097D1/en,
EP-2037160-A3,Method for controlling the switching of an automated group transmission ,ZF Friedrichshafen AG,"Josef Bader, Andreas Graf, Martin Miller, Mario Steinborn, Thomas Hafen",2007-09-15,2008-09-05,2011-09-07,,https://patents.google.com/patent/EP2037160A3/en,
KR-101082422-B1,"Operation status monitoring device of an automated robot, abnormal operation detection system and control method ",강원규,강원규,2011-03-16,2011-03-16,2011-11-10,2011-11-10,https://patents.google.com/patent/KR101082422B1/en,https://patentimages.storage.googleapis.com/57/cf/76/9051336610a573/112011019245524-pat00001.png
PT-2032364-E,Numbering device for typographic numbering ,Kba Giori Sa,"Alain Wuersch, Antoine Merminod",2006-06-23,2007-06-20,2011-03-17,,https://patents.google.com/patent/PT2032364E/en,
CN-102271961-A,Transport system capable of recharging vehicles while in motion ,北口弘正,北口弘正,2009-11-24,2010-11-11,2011-12-07,,https://patents.google.com/patent/CN102271961A/en,https://patentimages.storage.googleapis.com/f4/9f/a5/06048a525657ca/HPA00001392861900011.png
AT-E495893-T1,NUMBERING DEVICE FOR TYPOGRAPHIC NUMBERING ,Kba Giori Sa,"Alain Wuersch, Antoine Merminod",2006-06-23,2007-06-20,2011-02-15,2011-02-15,https://patents.google.com/patent/ATE495893T1/en,
DE-602006018631-D1,METHOD AND ARRANGEMENT FOR ADJUSTING GEAR CHANGING STRATEGIES IN HEAVY DUTY VEHICLES WITH AUTOMATIC GEARBOX UNDER PTO LOAD ,Volvo Lastvagnar Ab,"Svante Karlsson, Erik Lauri",2005-09-08,2006-09-08,2011-01-13,,https://patents.google.com/patent/DE602006018631D1/en,
CN-102292575-A,Control device for an automated geared transmission ,戴姆勒股份公司,M·布兰登伯格,2009-01-23,2009-12-16,2011-12-21,,https://patents.google.com/patent/CN102292575A/en,https://patentimages.storage.googleapis.com/0f/90/53/99fa0832adfa1f/HDA0000077729620000011.png
EP-2382404-A1,Control device for an automated geared transmission ,Daimler AG,Markus Brandenburg,2009-01-23,2009-12-16,2011-11-02,,https://patents.google.com/patent/EP2382404A1/en,
CN-102257296-A,Method for controlling an automated geared transmission ,Zf腓德烈斯哈芬股份公司,罗兰·梅尔,2008-12-17,2009-11-16,2011-11-23,,https://patents.google.com/patent/CN102257296A/en,https://patentimages.storage.googleapis.com/75/8e/bc/67313ce7a6a1ad/HPA00001389766600011.png
CN-102141797-A,Airport terminal service robot and control method thereof ,中国民航大学,"高庆吉, 董慧芬, 牛国臣, 王续乔, 徐萍",2010-12-15,2010-12-15,2011-08-03,,https://patents.google.com/patent/CN102141797A/en,https://patentimages.storage.googleapis.com/ca/96/ba/7798bbabb85922/HDA0000038344730000011.png
CN-102232184-A,Automatic isothermal titration microcalorimeter apparatus and method of use ,通用电气医疗集团生物科学公司,"M·布罗加, P·E·普里塞, S·史密斯",2008-12-02,2009-12-01,2011-11-02,,https://patents.google.com/patent/CN102232184A/en,https://patentimages.storage.googleapis.com/ce/77/52/db729dcb265fe4/HPA00001387374800011.png
KR-20110114971-A,"Copper Electrolytic Solution for Electrolytic Copper Foil, Manufacturing Method of Electrolytic Copper Foil and Electrolytic Copper Foil ",일진머티리얼즈 주식회사,"황덕영, 류종호, 송기덕, 양창열, 김상범",2010-04-14,2010-04-14,2011-10-20,,https://patents.google.com/patent/KR20110114971A/en,https://patentimages.storage.googleapis.com/33/f6/e6/1ef5e2382177c7/pat00001.png
DE-102009055922-A1,A method for transferring a drive train of a motor vehicle from a sail condition to a normal condition ,Volkswagen Ag,Stephan Dr.-Ing. Schaefer,2009-11-27,2009-11-27,2011-06-01,,https://patents.google.com/patent/DE102009055922A1/en,https://patentimages.storage.googleapis.com/ab/2b/e4/4476300bca7754/00110000.png
US-2011300252-A1,Concrete block machine having a controllable cutoff bar ,"Ness Inventions, Inc.","John T. Ness, Jeffrey A. Ness",2008-07-10,2011-08-22,2011-12-08,,https://patents.google.com/patent/US20110300252A1/en,https://patentimages.storage.googleapis.com/ec/e5/5b/ee3cb9848eadd8/US20110300252A1-20111208-D00000.png
AT-E533680-T1,MICROHYBRID SYSTEM FOR A MOTOR VEHICLE HAVING A CONTROL STRATEGY MODULE ,Valeo Equip Electr Moteur,"Oussama Rouis, Farouk Boudjemai, Brice Lecole, Julien Masfaraud, Magali Laurence, Matthieu Treguer, Hugues Doffin, Cedric Leboeuf, Ertugrul Taspinar, Paul Armiroli, Alain Gerard, Jean-Marc Dubus, Vries Arnaud De, Eric Blanc",2006-06-27,2007-05-04,2011-12-15,2011-12-15,https://patents.google.com/patent/ATE533680T1/en,
EP-2359031-A1,Method for controlling an automated geared transmission ,ZF Friedrichshafen AG,Roland Mair,2008-12-17,2009-11-16,2011-08-24,,https://patents.google.com/patent/EP2359031A1/en,
EP-2352993-A1,Automatic isothermal titration microcalorimeter apparatus and method of use ,GE Healthcare Bio-Sciences Corp.,"Martin Broga, Phillip E. Price, Stephen Smith",2008-12-02,2009-12-01,2011-08-10,,https://patents.google.com/patent/EP2352993A1/en,
CN-102140897-A,Automatic racking device for drill rod ,建湖县鸿达阀门管件有限公司,"吴启春, 仇品先",2011-04-02,2011-04-02,2011-08-03,,https://patents.google.com/patent/CN102140897A/en,https://patentimages.storage.googleapis.com/72/3d/b3/33b2919756e56b/110402003618.png
WO-2011003667-A1,Self-controlling vehicle ,Robert Bosch Gmbh,"Peter Biber, Amos Albert",2009-07-10,2010-05-21,2011-01-13,,https://patents.google.com/patent/WO2011003667A1/en,
KR-20110048384-A,Robot humidifier filling and water supply system ,주식회사 모뉴엘,"이만희, 허주표, 신형식",2009-11-02,2009-11-02,2011-05-11,,https://patents.google.com/patent/KR20110048384A/en,https://patentimages.storage.googleapis.com/e1/8c/a6/91bf7d9f307833/112009067382188-PAT00001.png
DE-102009027602-A1,Self-steering vehicle ,Robert Bosch Gmbh,"Peter Biber, Amos Albert",2009-07-10,2009-07-10,2011-01-20,,https://patents.google.com/patent/DE102009027602A1/en,https://patentimages.storage.googleapis.com/0a/7e/2a/3adc63848a47d6/00150000.png
WO-2010133902-A3,Regulation valve with hidraulic axial piston and its use ,Hydromat-Inzenjering D.O.O.,Slavko Canjuga,2009-05-20,2010-05-19,2011-01-20,,https://patents.google.com/patent/WO2010133902A3/en,
CN-101944295-A,Method for arranging traffic pattern of unmanned aerial vehicle ,北京航空航天大学,"方晓星, 王宏伦, 张翠萍",2010-09-08,2010-09-08,2011-01-12,,https://patents.google.com/patent/CN101944295A/en,https://patentimages.storage.googleapis.com/16/e9/7e/b08af0a6924191/HSA00000263073700012.png
CN-102005705-A,Suspended line walking robot ,西安交通大学,"冯祖仁, 杨德伟, 梁恺, 宋亮, 杨青",2010-10-29,2010-10-29,2011-04-06,,https://patents.google.com/patent/CN102005705A/en,https://patentimages.storage.googleapis.com/20/c5/91/4d3269065250c1/HDA0000030134150000011.png
AT-E529664-T1,METHOD FOR CONTROLLING AN AUTOMATED TRANSMISSION ,Getrag Ford Transmissions Gmbh,"Martin Leibbrandt, Ulrich Eggert",2008-08-25,2009-08-07,2011-11-15,2011-11-15,https://patents.google.com/patent/ATE529664T1/en,
DE-102010012749-A1,Method for operating an autonomous industrial truck ,Kuka Laboratories Gmbh,"Patrick Pfaff, Christoph Sprunk",2010-03-25,2010-03-25,2011-09-29,,https://patents.google.com/patent/DE102010012749A1/en,https://patentimages.storage.googleapis.com/78/04/25/8e6851b5970e81/00270000.png
WO-2011009011-A1,An integrated framework for vehicle operator assistance based on a trajectory prediction and threat assessment ,Massachusetts Institute Of Technology,"Sterling J. Anderson, Steven C. Peters, Karl D. Iagnemma",2009-07-15,2010-07-15,2011-01-20,,https://patents.google.com/patent/WO2011009011A1/en,
DE-502008002586-D1,DRIVER ASSISTANCE SYSTEM FOR A MOTOR VEHICLE ,Wabco Gmbh,"Karsten Breuer, Ruppert Kamping, Hartmut Kitterer",2007-10-20,2008-07-17,2011-03-24,,https://patents.google.com/patent/DE502008002586D1/en,
AT-E497903-T1,DRIVER ASSISTANCE SYSTEM FOR A MOTOR VEHICLE ,Wabco Gmbh,"Karsten Breuer, Ruppert Kamping, Hartmut Kitterer",2007-10-20,2008-07-17,2011-02-15,2011-02-15,https://patents.google.com/patent/ATE497903T1/en,
CN-101965301-A,computer activated fuel cap ,克劳迪奥·R·巴拉德,克劳迪奥·R·巴拉德,2008-03-07,2009-03-06,2011-02-02,,https://patents.google.com/patent/CN101965301A/en,https://patentimages.storage.googleapis.com/4c/3c/7c/641611f0df1c47/HPA00001214620500011.png
EP-2355994-A2,Integrated visual display system ,"Toyota Motor Engineering & Manufacturing North America, Inc.",Hideki Hada,2008-11-14,2009-11-10,2011-08-17,,https://patents.google.com/patent/EP2355994A2/en,
WO-2011115617-A1,Apparatus and method for gripping and releasing objects ,"Adept Technology, Inc.","Joseph D. Ellis, Michael Mcentire",2010-03-16,2010-03-16,2011-09-22,,https://patents.google.com/patent/WO2011115617A1/en,
WO-2010117162-A3,"Winch, and autonomous mobile apparatus comprising same ",삼성중공업 주식회사,"김상휘, 조승호, 김현구, 박영준, 조기수",2009-04-06,2010-04-01,2011-01-06,,https://patents.google.com/patent/WO2010117162A3/en,
FR-2960520-A1,AIRCRAFT COMPRISING A TRAIN ,Airbus Operations Sas,"Christophe Cros, Pierre Henri Brousse, Jeremy Bedarrides",2010-05-26,2010-05-26,2011-12-02,,https://patents.google.com/patent/FR2960520A1/en,
DE-102009045091-A1,Method for controlling and / or regulating an automated transmission ,Zf Friedrichshafen Ag,"Joachim Staudinger, Lutz MÜLLER",2009-09-29,2009-09-29,2011-03-31,,https://patents.google.com/patent/DE102009045091A1/en,https://patentimages.storage.googleapis.com/e2/98/9e/4f098d20ec2171/00070000.png
WO-2011117373-A1,"Method for actuating the stop & start function in a moving vehicle, especially an industrial or commercial or special vehicle ",Iveco S.P.A.,Marco Aimo Boot,2010-03-25,2011-03-25,2011-09-29,,https://patents.google.com/patent/WO2011117373A1/en,
CH-702282-A1,Vehicle for independent inspection of hard to reach interiors of. ,Alstom Technology Ltd,"Roland Richard Moser, Francesco Dr Mondada, Patrick Schoeneich, Fredric Rochat",2009-11-27,2009-11-27,2011-05-31,,https://patents.google.com/patent/CH702282A1/en,
AT-E530791-T1,METHOD FOR DETERMINING THE TEST POINT OF AN AUTOMATED CLUTCH ,Schaeffler Technologies Gmbh,Michael Reuschel,2007-07-12,2008-06-26,2011-11-15,2011-11-15,https://patents.google.com/patent/ATE530791T1/en,
CA-2786734-A1,Method of transferring containers and storage system for containers ,"Israel Aerospace Industries Ltd., Arie Perry",Arie Perry,2010-02-28,2011-02-28,2011-09-01,,https://patents.google.com/patent/CA2786734A1/en,
WO-2011104716-A1,Method of transferring containers and storage system for containers ,Israel Aerospace Industries Ltd.,Arie Perry,2010-02-28,2011-02-28,2011-09-01,,https://patents.google.com/patent/WO2011104716A1/en,
CA-2795022-A1,System for storing and transporting transporting containers ,"Dematic Gmbh, Michael Ten Hompel, Winfried Schroer, Thomas Albrecht","Michael Ten Hompel, Winfried Schroer, Thomas Albrecht",2010-04-15,2011-04-13,2011-10-20,,https://patents.google.com/patent/CA2795022A1/en,
WO-2011128384-A1,System for storing and transporting transporting containers ,Dematic Gmbh,"Michael Ten Hompel, Winfried Schroer, Thomas Albrecht",2010-04-15,2011-04-13,2011-10-20,,https://patents.google.com/patent/WO2011128384A1/en,
GB-201100886-D0,Controlling and managing a plurality of unmanned ground vehicles ,Automotive Robotic Industry Ltd,,2011-01-19,2011-01-19,2011-03-02,,https://patents.google.com/patent/GB201100886D0/en,
CN-101558271-B,Air-condition maintenance equipment for leakage test in an air conditioner ,沃尔坎洛克林管接头有限及两合公司,"A·施密特, G·伦纳",2006-11-06,2007-11-02,2011-10-12,2011-10-12,https://patents.google.com/patent/CN101558271B/en,
US-2011306463-A1,Automated manual transmission with hybrid drive ,"Nt Consulting International Pty, Ltd.","Richard Terrence Tamba, Simon Fitzgerald",2008-12-17,2009-12-17,2011-12-15,,https://patents.google.com/patent/US20110306463A1/en,https://patentimages.storage.googleapis.com/71/ac/43/4f7658bcbd028b/US20110306463A1-20111215-D00000.png
US-2011264360-A1,Emergency routing within a controllable transit system ,International Business Machines Corporation,"Gregory J. Boss, Christopher J. DAWSON, II Rick A. Hamilton, Benjamin G. Morris",2010-04-27,2010-04-27,2011-10-27,,https://patents.google.com/patent/US20110264360A1/en,https://patentimages.storage.googleapis.com/df/71/9c/09dad2163d7658/US20110264360A1-20111027-D00000.png
US-2011138955-A1,Shift device for an automated or automatic transmission ,Dr. Ing. H.C. F. Porsche Aktiengesellschaft,"Michael Sickart, Michael Funk",2006-07-28,2007-06-27,2011-06-16,,https://patents.google.com/patent/US20110138955A1/en,https://patentimages.storage.googleapis.com/59/da/fb/16b6df2692100f/US20110138955A1-20110616-D00000.png
US-2011297459-A1,Solar powered electric motor vehicle ,Hayek Engineering Ag,"Nicolas Georges Hayek, Nayla Hayek, Marianne Hayek",2007-12-18,2008-12-17,2011-12-08,,https://patents.google.com/patent/US20110297459A1/en,https://patentimages.storage.googleapis.com/b2/44/60/8330d398caf616/US20110297459A1-20111208-D00000.png
EP-2366964-A1,Solar field cleaning system and cleaning method used by said system ,"Sener Ingenieria Y Sistemas, S.A.","Antonio González Elias, Juan Antonio Escalera Piña, Michael William Hardt González, Jose Ramón Villa Navarro",2010-03-15,2010-03-15,2011-09-21,,https://patents.google.com/patent/EP2366964A1/en,https://patentimages.storage.googleapis.com/20/b5/8a/961b77f93bb285/imgf0001.png
US-2011125345-A1,Automated collective transport system ,Raoul Parienti,Raoul Parienti,2007-07-23,2008-07-23,2011-05-26,,https://patents.google.com/patent/US20110125345A1/en,https://patentimages.storage.googleapis.com/a9/19/c0/d1e8abf31da529/US20110125345A1-20110526-D00000.png
US-8073607-B2,Method for populating motor vehicle yaw gain tables for use in an electronic stability control system ,GM Global Technology Operations LLC,"David M. Sidlosky, Christopher A. Kinser",2008-01-28,2008-01-28,2011-12-06,2011-12-06,https://patents.google.com/patent/US8073607B2/en,https://patentimages.storage.googleapis.com/a9/d1/a5/9d50b03f80b6ce/US08073607-20111206-D00000.png
US-7930051-B2,Move lot size balancing system and method ,"Honda Motor Co., Ltd.","David B. Adair, James V. Burrell, Charles Chao, Mohan K. Gupta, Melissa Hirota, Patrick Jaillet, Lalit Jain, John Kealoha, III, Ryan K. Kita, Quang N. Mai, Dirk Niemeyer, Nirod Samal, Chung Wang, Flora F. Wang, Andrea L. Whobrey",2000-12-29,2008-04-23,2011-04-19,2011-04-19,https://patents.google.com/patent/US7930051B2/en,https://patentimages.storage.googleapis.com/eb/d0/39/a242a283e72498/US07930051-20110419-D00000.png
CN-201921822-U,Honeysuckle sieving machine ,简阳市川卉农业发展有限公司,胡行行,2010-11-22,2010-11-22,2011-08-10,2011-08-10,https://patents.google.com/patent/CN201921822U/en,https://patentimages.storage.googleapis.com/ab/cd/fd/205e12a2e9f508/101122095651.png
EP-2240561-B1,Rinse aid compositions with improved characteristics ,Evonik Degussa GmbH,"Andras Nagy, Saiid Mohammed, Dennis Parrish, Georg Schick, Ingo Hamann",2008-02-08,2009-02-05,2011-10-26,2011-10-26,https://patents.google.com/patent/EP2240561B1/en,
KR-101024886-B1,Jig assembly for welding automobile body reinforcement ,(주)태성정공,박영태,2010-12-29,2010-12-29,2011-03-31,2011-03-31,https://patents.google.com/patent/KR101024886B1/en,https://patentimages.storage.googleapis.com/aa/49/38/5c4245bf18db10/112010087064055-pat00010.png
CN-201742115-U,Self-service charging system for plug-in electromobile ,武汉理工大学,"谢长君, 全书海, 邓超, 陈启宏, 邓坚, 黄亮, 石英, 张立炎",2010-06-30,2010-06-30,2011-02-09,2011-02-09,https://patents.google.com/patent/CN201742115U/en,https://patentimages.storage.googleapis.com/36/6c/8b/a95399caa557e0/HDA0000022857610000011.png
US-2011144987-A1,Using pitch during speech recognition post-processing to improve recognition accuracy ,General Motors Llc,"Xufang Zhao, Uma Arun",2009-12-10,2009-12-10,2011-06-16,,https://patents.google.com/patent/US20110144987A1/en,https://patentimages.storage.googleapis.com/cf/fa/00/2386d616406bf4/US20110144987A1-20110616-D00000.png
US-2011184615-A1,Anti-rollback Control System for Hybrid and Conventional Powertrain Vehicles ,Essam Tawfik Marcus,Essam Tawfik Marcus,2011-02-01,2011-02-01,2011-07-28,,https://patents.google.com/patent/US20110184615A1/en,https://patentimages.storage.googleapis.com/a2/3b/dd/3481d541dd38f4/US20110184615A1-20110728-D00000.png
DE-102010008754-A1,"Drive system, in particular for a motor vehicle ","Dr. Ing. h.c. F. Porsche Aktiengesellschaft, 70435",Martin 70197 Füchtner,2010-02-15,2010-02-15,2011-08-18,,https://patents.google.com/patent/DE102010008754A1/en,https://patentimages.storage.googleapis.com/67/0c/5a/626337bfa22eb9/00240000.png
US-2011175753-A1,Robotic influenced self scheduling F.L.O.W. trafic management system ,James Jacob Free,James Jacob Free,2010-01-15,2010-01-15,2011-07-21,,https://patents.google.com/patent/US20110175753A1/en,https://patentimages.storage.googleapis.com/ee/b6/d0/d6ebd227d35149/US20110175753A1-20110721-D00000.png
US-2011266357-A1,System and method for land application of waste fluids ,"Summit Liability Solutions, Inc.","Russel Lloyd ORCUTT, Jason PECHT",2010-04-30,2010-12-01,2011-11-03,,https://patents.google.com/patent/US20110266357A1/en,https://patentimages.storage.googleapis.com/fd/83/42/6367d3df546a71/US20110266357A1-20111103-D00000.png
WO-2011163143-A1,Uav power line position and load parameter estimation ,"Optimal Ranging, Inc.","James W. Waite, Thorkell Gudmundsson, Dimitar Gargov",2010-06-21,2011-06-20,2011-12-29,,https://patents.google.com/patent/WO2011163143A1/en,
DE-102011100927-A1,Object and vehicle detection and tracking using 3-D laser rangefinder ,Gm Global Technology Operations Llc (N.D.Ges.D. Staates Delaware),Shuqing Zeng,2010-05-12,2011-05-09,2011-12-29,,https://patents.google.com/patent/DE102011100927A1/en,https://patentimages.storage.googleapis.com/d9/45/bb/776257b403c930/00350000.png
JP-2011172268-A,Sound tuning method ,"Harman Becker Automotive Systems Gmbh, ハーマン  ベッカー  オートモーティブ  システムズ  ゲーエムベーハー","Markus Christoph, クリストフ マルクス, Leander Scholz, ショルツ リーンデル",2007-04-25,2011-04-28,2011-09-01,,https://patents.google.com/patent/JP2011172268A/en,
CA-2793996-A1,Geofence-based triggers for automated data collection ,"United Parcel Service Of America, Inc., Christopher T. Schenken, Mark J. Davidson","Christopher T. Schenken, Mark J. Davidson",2010-03-23,2011-03-22,2011-09-29,,https://patents.google.com/patent/CA2793996A1/en,
WO-2011119538-A1,Geofence-based triggers for automated data collection ,"United Parcel Service Of America, Inc.",Christopher T. Schenken,2010-03-23,2011-03-22,2011-09-29,,https://patents.google.com/patent/WO2011119538A1/en,
WO-2011160878-A1,Method for controlling the driving mode of a motor vehicle ,Zf Friedrichshafen Ag,"Maik WÜRTHNER, Alexander Maier, Joachim Staudinger, Johannes Kemler",2010-06-22,2011-05-04,2011-12-29,,https://patents.google.com/patent/WO2011160878A1/en,
KR-20110026776-A,Multipath Planning Method of Real Robot ,부산대학교 산학협력단,"김성신, 김정민, 박정제",2009-09-08,2009-09-08,2011-03-16,,https://patents.google.com/patent/KR20110026776A/en,https://patentimages.storage.googleapis.com/f3/4d/6a/97b2e541165d97/112009055262395-PAT00015.png
AU-2010239639-A1,Multimode unmanned aerial vehicle ,Aerovironment,Carlos Miralles,2009-02-02,2010-02-02,2011-09-08,,https://patents.google.com/patent/AU2010239639A1/en,
SG-173856-A1,Multimode unmanned aerial vehicle ,Aerovironment Inc,Carlos Miralles,2009-02-02,2010-02-02,2011-09-29,,https://patents.google.com/patent/SG173856A1/en,
JP-2011518710-A,Battery exchange station ,ベター  プレイス  ゲーエムベーハー,"アガシ，シャイ, ヘイチャル，ヨアフ",2008-09-19,2009-09-18,2011-06-30,,https://patents.google.com/patent/JP2011518710A/en,https://patentimages.storage.googleapis.com/df/80/5c/750d57a514f193/2011518710-3.png
GB-2474338-A,Actuating an alert device of an electronic device corresponding to the determined operating environment ,Apple Inc,"Dave Pakula, Matthew Hill, Ethan Larry Huwe, Fletcher Rothkopf, Richard Hung Minh Dinh",2009-09-30,2010-09-30,2011-04-13,,https://patents.google.com/patent/GB2474338A/en,
WO-2011041535-A1,Self adapting haptic device ,Apple Inc.,"Dave Pakula, Matthew Hill, Ethan Larry Huwe, Fletcher Rothkopf, Richard Hung Minh Dinh",2009-09-30,2010-09-30,2011-04-07,,https://patents.google.com/patent/WO2011041535A1/en,
JP-2011530692-A,System and method for inspection of structures and objects by remote unmanned transport means ,ザ・ボーイング・カンパニー,"ジョン，  エル． ビアン，, アリ，  アール． マンスリー，, イマッド，  ダブリュ． サード，",2008-05-21,2009-05-08,2011-12-22,,https://patents.google.com/patent/JP2011530692A/en,https://patentimages.storage.googleapis.com/ce/1c/6f/42bcbe5f0300a6/2011530692-3.png
EP-2288970-A2,System and method for inspection of structures and objects by swarm of remote unmanned vehicles ,The Boeing Company,"John L. Vian, Ali R. Mansouri, Emad W. Saad",2008-05-21,2009-05-08,2011-03-02,,https://patents.google.com/patent/EP2288970A2/en,
EP-2289054-A2,Bicycle rental system and station ,8D Technologies Inc.,"Isabelle Bettez, Jean-Sebastien Bettez",2008-03-20,2009-03-20,2011-03-02,,https://patents.google.com/patent/EP2289054A2/en,
WO-2011064565-A2,Unmanned aerial vehicle ,Cyberhawk Innovations Limited,Malcolm Thomas Connolly,2009-11-25,2010-11-17,2011-06-03,,https://patents.google.com/patent/WO2011064565A2/en,
DE-102010030573-A1,Hybrid drive with an automated manual transmission ,Zf Friedrichshafen Ag,Dr. Kaltenbach Johannes,2010-06-28,2010-06-28,2011-12-29,,https://patents.google.com/patent/DE102010030573A1/en,https://patentimages.storage.googleapis.com/e0/33/82/2b30fa5ec9dd70/00430000.png
JP-2011096009-A,Intersection driving support apparatus ,"Fuji Heavy Ind Ltd, 富士重工業株式会社","Tomi Kushi, 東海 久志, Shinji Sawada, 慎司 澤田",2009-10-29,2009-10-29,2011-05-12,,https://patents.google.com/patent/JP2011096009A/en,https://patentimages.storage.googleapis.com/a7/dc/5e/6085b48698a0fa/2011096009-3.png
DE-102010038180-A1,Driving support device for vehicles in an intersection area ,"Fuji Jukogyo K.K., Shinjuku-Ku","Azumi Kushi, Shinji Sawada",2009-10-29,2010-10-14,2011-07-14,,https://patents.google.com/patent/DE102010038180A1/en,https://patentimages.storage.googleapis.com/e9/9a/b8/b00a2468bb8893/00230000.png
WO-2011031490-A2,Fruit tree pruner and harvesting machine ,Francis Wilson Moore,Francis Wilson Moore,2009-08-25,2010-08-25,2011-03-17,,https://patents.google.com/patent/WO2011031490A2/en,
EP-2362951-A2,Apparatus and method of controlling an unmanned vehicle ,Raytheon Company,"Joanne E. Wood, Jamil R. Hashimi, Fred G. Thourot, Stephen P. Johnson, Russell W. Goff, Douglas Carroll",2008-06-27,2009-06-26,2011-09-07,,https://patents.google.com/patent/EP2362951A2/en,
WO-2011109028-A1,Automated messaging response in wireless communication systems ,Qualcomm Incorporated,"Preston W. Mcwithey, Chirag D. Shah",2010-03-05,2010-03-08,2011-09-09,,https://patents.google.com/patent/WO2011109028A1/en,
JP-2011514863-A,Systems and devices for automatic built-in vehicle washing and other operations ,アーマッド，ナディーム,アーマッド，ナディーム,2008-02-27,2009-02-27,2011-05-12,,https://patents.google.com/patent/JP2011514863A/en,https://patentimages.storage.googleapis.com/98/c6/98/a58f6fc639075d/2011514863-46.png
WO-2011022716-A1,Crop automated relative maturity system ,Syngenta Participations Ag,"Walter Stachon, Ken Luebbert, Keith Bilyeu, Joe Strottman, Ryan Larson",2009-08-21,2010-08-23,2011-02-24,,https://patents.google.com/patent/WO2011022716A1/en,
AU-2010257460-A1,Autonomous cutting element for sculpting grass ,Deere & Company,"Noel W. Anderson, Anthony B. Annibale",2010-01-05,2010-12-24,2011-07-21,,https://patents.google.com/patent/AU2010257460A1/en,
JP-2011221869-A,Preceding vehicle position determination device ,"Toyota Motor Corp, トヨタ自動車株式会社","Mitsuo Shida, 充央 志田",2010-04-12,2010-04-12,2011-11-04,,https://patents.google.com/patent/JP2011221869A/en,https://patentimages.storage.googleapis.com/61/95/7d/233920f984643b/2011221869-3.png
WO-2011072986-A1,Drive train having an automated auxiliary transmission ,Zf Friedrichshafen Ag,"Johannes Glückler, Robert Januschevski, Kai Borntraeger",2009-12-16,2010-11-22,2011-06-23,,https://patents.google.com/patent/WO2011072986A1/en,
DE-102009054752-A1,Powertrain with an automated group transmission ,"ZF Friedrichshafen AG, 88046","Johannes 88045 Glückler, Robert 88069 Januschevski, Kai 88085 Bornträger",2009-12-16,2009-12-16,2011-06-22,,https://patents.google.com/patent/DE102009054752A1/en,https://patentimages.storage.googleapis.com/77/81/a0/e3d1b328d17c2b/00220000.png
CN-102016730-A,Autonomous adaptive semiconductor manufacturing ,东京毅力科创株式会社,"S·考歇尔, S·帕特尔, 杉岛贤次",2008-03-08,2009-03-05,2011-04-13,,https://patents.google.com/patent/CN102016730A/en,https://patentimages.storage.googleapis.com/bd/19/f9/4645a82bb6464e/HPA00001195024600011.png
GB-2477034-A,Subsea system providing inductive power transfer and acoustic and/or radio communication of navigation information and other data ,Wfs Technologies Ltd,"Mark Rhodes, Brendan Peter Hyland, Andrew Jaffrey",2010-01-15,2011-01-17,2011-07-20,,https://patents.google.com/patent/GB2477034A/en,
EP-2391863-A1,Multimode unmanned aerial vehicle ,Aerovironment,Carlos Miralles,2009-02-02,2010-02-02,2011-12-07,,https://patents.google.com/patent/EP2391863A1/en,
CN-102180094-A,Method for controlling upper part of special vehicle ,北京理工华创电动车技术有限公司,"林程, 孙逢春, 韩冰",2011-04-19,2011-04-19,2011-09-14,,https://patents.google.com/patent/CN102180094A/en,https://patentimages.storage.googleapis.com/9b/1c/71/03ce125a6c3865/110418131948.png
US-2011048120-A1,Tire test system ,"Matthias Dank, Johann Eitzinger, Michael Resl","Matthias Dank, Johann Eitzinger, Michael Resl",2009-08-27,2010-08-25,2011-03-03,,https://patents.google.com/patent/US20110048120A1/en,https://patentimages.storage.googleapis.com/2a/bc/ac/ecd4f03b22ccea/US20110048120A1-20110303-D00000.png
DE-102009039084-A1,"A method for assisting a driver of a motor vehicle when parking in a transverse parking space, Fahrassistzeinrichtung and motor vehicle with a driver assistance device ",Valeo Schalter Und Sensoren Gmbh,"Klaus Hoffsommer, Oliver Grimm",2009-08-27,2009-08-27,2011-03-03,,https://patents.google.com/patent/DE102009039084A1/en,https://patentimages.storage.googleapis.com/77/c8/a7/d81b69d6d07ca0/00220000.png
AT-E500654-T1,METHOD AND DEVICE FOR SAFE DISTANCE MONITORING ,Pilz Gmbh & Co Kg,Martin Hechinger,2006-07-07,2007-07-03,2011-03-15,2011-03-15,https://patents.google.com/patent/ATE500654T1/en,
DE-102009046341-A1,Method for controlling a rolling or sailing function of a vehicle ,Zf Friedrichshafen Ag,"Ingo Sauter, Maik Dr. Würthner, Joachim Staudinger, Johannes Kemler",2009-11-03,2009-11-03,2011-05-05,,https://patents.google.com/patent/DE102009046341A1/en,https://patentimages.storage.googleapis.com/32/7c/e2/27d14974bb3e63/00210000.png
WO-2011054635-A1,Method for controlling a rolling or coasting function of a vehicle ,Zf Friedrichshafen Ag,"Maik WÜRTHNER, Ingo Sauter, Joachim Staudinger, Johannes Kemler",2009-11-03,2010-10-13,2011-05-12,,https://patents.google.com/patent/WO2011054635A1/en,
EP-2366130-A1,Measuring of a landing platform of a ship ,Saab AB,"Johan Ehlin, Tomas HÖGSTRÖM",2008-12-15,2008-12-15,2011-09-21,,https://patents.google.com/patent/EP2366130A1/en,
WO-2011054621-A1,Method for controlling a rolling or coasting function of a vehicle ,Zf Friedrichshafen Ag,"Maik WÜRTHNER, Joachim Staudinger",2009-11-03,2010-10-11,2011-05-12,,https://patents.google.com/patent/WO2011054621A1/en,
DE-102009046340-A1,Method for controlling a rolling or sailing function of a vehicle ,Zf Friedrichshafen Ag,"Maik Dr. Würthner, Joachim Staudinger",2009-11-03,2009-11-03,2011-05-05,,https://patents.google.com/patent/DE102009046340A1/en,https://patentimages.storage.googleapis.com/04/00/35/6b425f5d55915a/00180000.png
WO-2011050924-A1,"Method for the continuous measure of the efficiency of a battery, especially a battery installed in motor vehicles, and a device utilizing this method. ",F.I.A.M.M. S.P.A.,"Roberto Aliberti, Silvia Cazzanti",2009-10-27,2010-10-21,2011-05-05,,https://patents.google.com/patent/WO2011050924A1/en,
DE-102010030346-A1,Method for driving control of a motor vehicle ,Zf Friedrichshafen Ag,"Alexander Maier, Dr. Würthner Maik, Joachim Staudinger, Johannes KEMLER",2010-06-22,2010-06-22,2011-12-22,,https://patents.google.com/patent/DE102010030346A1/en,https://patentimages.storage.googleapis.com/5a/1d/26/8f9d98d1df5b43/00240000.png
KR-20110062248-A,Vessel Underwater Cleaning Robot Using Radio Control ,대우조선해양 주식회사,"김태형, 김성엽, 박유재",2009-12-03,2009-12-03,2011-06-10,,https://patents.google.com/patent/KR20110062248A/en,https://patentimages.storage.googleapis.com/47/59/d0/cc0e56074b9381/112009074662008-PAT00001.png
JP-2011250021-A,Vehicle group managing method and arrayed vehicle running communication system ,"Toyota Infotechnology Center Co Ltd, 株式会社トヨタＩｔ開発センター, Toyota Motor Corp, トヨタ自動車株式会社","Ryokichi Onishi, 亮吉 大西, Altintas Onur, オヌル アルトゥンタシュ, Masaki Hoshino, 正喜 星野, Mitsuo Shida, 充央 志田",2010-05-25,2010-05-25,2011-12-08,,https://patents.google.com/patent/JP2011250021A/en,https://patentimages.storage.googleapis.com/bf/5f/d2/f02bbdcf414302/2011250021-3.png
JP-2011223008-A,Material handling system ,"Murata Mach Ltd, 村田機械株式会社","p sullivan Robert, ピー  サリヴァン ロバート, R Mariano Thomas, アール  マリアーノ トーマス, M Harris Clinton, エム  ハリス クリントン, J Pickrain Richard, ジェイ  ピクレイン リチャード",2010-04-06,2011-04-06,2011-11-04,,https://patents.google.com/patent/JP2011223008A/en,https://patentimages.storage.googleapis.com/74/37/ac/8da848f3e684b1/2011223008-3.png
EP-2291677-A2,Improvements in lidars ,BAE Systems PLC,"Richard Arthur Brimble, Christopher David Claxton",2008-04-18,2009-04-17,2011-03-09,,https://patents.google.com/patent/EP2291677A2/en,
CA-2726966-A1,Method of applying an input to an agricultural field ,"Deere & Company, Patrick Chinkiwsky",Patrick Chinkiwsky,2010-01-08,2011-01-07,2011-07-08,,https://patents.google.com/patent/CA2726966A1/en,
AU-2011200027-A1,Method of applying an input to an agricultural field ,Deere & Company,Patrick Chinkiwsky,2010-01-08,2011-01-04,2011-07-28,,https://patents.google.com/patent/AU2011200027A1/en,
EP-2328664-A1,Mobile projected sets ,"Disney Enterprises, Inc.","Gregory A. Wilzbach, Janice L. Mulholland, Thomas J. Fitzgerald, David A. Durham, David W. Crawford",2008-09-02,2009-08-05,2011-06-08,,https://patents.google.com/patent/EP2328664A1/en,
DE-102009047504-A1,Method for operating a park and park ,WAP Wöhr Automatikparksysteme GmbH & Co KG,"Wolfgang Lenke, Andreas Zangerle",2009-12-04,2009-12-04,2011-06-09,,https://patents.google.com/patent/DE102009047504A1/en,https://patentimages.storage.googleapis.com/ed/a5/3f/4c4faa8f770e50/00380000.png
WO-2011117372-A1,"Power steering system for a vehicle provided with means for actuating the stop & start function in a moving vehicle, especially an industrial or commercial or special vehicle ",Iveco S.P.A.,Marco Aimo Boot,2010-03-25,2011-03-25,2011-09-29,,https://patents.google.com/patent/WO2011117372A1/en,
EP-2285689-A1,Strapping device with an energy storage means ,Orgapack GmbH,"Mirco Neeser, Roland Widmer, Flavio Finzo",2008-04-23,2009-01-06,2011-02-23,,https://patents.google.com/patent/EP2285689A1/en,
EP-2277384-A1,Deboning method and deboning device of arm part or leg part ,"Mayekawa Mfg. Co., Ltd.","Tatsuya Umino, Shozo Kozu, Hiroyuki Usui, Osamu Goto",2008-05-12,2008-05-12,2011-01-26,,https://patents.google.com/patent/EP2277384A1/en,https://patentimages.storage.googleapis.com/bb/4f/61/10242e409d9a7d/imgf0001.png
ES-2360769-A1,Location method and system and locatable portable device ,"Navento Technologies, S.L","Alejandra Diaz Diaz, Miguel Angel Medina Herrero",2007-04-30,2008-03-14,2011-06-08,,https://patents.google.com/patent/ES2360769A1/en,
CN-102248947-A,Object and vehicle detecting and tracking using a 3-D laser rangefinder ,通用汽车环球科技运作有限责任公司,S.曾,2010-05-12,2011-05-11,2011-11-23,,https://patents.google.com/patent/CN102248947A/en,https://patentimages.storage.googleapis.com/28/2f/40/cf6aadc9fb95cc/859352.png
AT-E499287-T1,AIRCRAFT ,Burkhard Wiggerich,Burkhard Wiggerich,2006-06-26,2007-03-31,2011-03-15,2011-03-15,https://patents.google.com/patent/ATE499287T1/en,
CN-102076541-A,Path generation algorithm for automated lane centering and lane changing control system ,通用汽车环球科技运作公司,J·李,2008-06-20,2009-06-15,2011-05-25,,https://patents.google.com/patent/CN102076541A/en,https://patentimages.storage.googleapis.com/f9/15/c2/bc5c830060a330/HPA00001278450000011.png
CN-102160005-A,System and method for inspection of structures and objects by swarm of remote unmanned vehicles ,波音公司,"J·L·维安, A·R·曼苏里, E·W·萨阿德",2008-05-21,2009-05-08,2011-08-17,,https://patents.google.com/patent/CN102160005A/en,https://patentimages.storage.googleapis.com/6f/79/4a/aa6291528389fc/HPA00001257441900011.png
CN-101950479-A,Passenger travel-oriented intelligent urban public transport system and implementation method thereof ,张宇康,张宇康,2010-08-26,2010-08-26,2011-01-19,,https://patents.google.com/patent/CN101950479A/en,https://patentimages.storage.googleapis.com/9e/86/9f/2c26be13cfdf21/HSA00000246871100011.png
CN-102054365-A,Intersection driving support apparatus ,富士重工业株式会社,"久志东海, 泽田慎司",2009-10-29,2010-10-29,2011-05-11,,https://patents.google.com/patent/CN102054365A/en,https://patentimages.storage.googleapis.com/ec/f7/79/962123e9786916/HSA00000330766400011.png
TW-201136377-A,Automated messaging response in wireless communication systems ,Qualcomm Inc,"Preston W Mcwithey, Chirag D Shah",2010-03-05,2010-03-16,2011-10-16,,https://patents.google.com/patent/TW201136377A/en,
CN-102016827-A,Autonomous biologically based learning tool ,东京毅力科创株式会社,"S·考歇尔, S·J·帕特尔, 杉岛贤次",2008-03-08,2009-03-05,2011-04-13,,https://patents.google.com/patent/CN102016827A/en,https://patentimages.storage.googleapis.com/e6/2d/10/724b2203f7decf/HPA00001195025800011.png
CN-102264569-A,Integrated Visual Display System ,丰田自动车工程及制造北美公司,H·哈达,2008-11-14,2009-11-10,2011-11-30,,https://patents.google.com/patent/CN102264569A/en,https://patentimages.storage.googleapis.com/fa/9f/44/c0ae1698fab45d/HDA0000070790270000011.png
EP-2340187-A1,Method and apparatus for automated direction indication ,"Continental Teves AG & Co. oHG, Conti Temic Microelectronic GmbH","Stefan LÜKE, Matthias Happ",2008-10-22,2009-09-19,2011-07-06,,https://patents.google.com/patent/EP2340187A1/en,
WO-2011064565-A3,Unmanned aerial vehicle ,Cyberhawk Innovations Limited,Malcolm Thomas Connolly,2009-11-25,2010-11-17,2011-10-06,,https://patents.google.com/patent/WO2011064565A3/en,
WO-2011031490-A3,Fruit tree pruner and harvesting machine ,Francis Wilson Moore,Francis Wilson Moore,2009-08-25,2010-08-25,2011-06-30,,https://patents.google.com/patent/WO2011031490A3/en,
WO-2010039306-A9,Apparatus and method of controlling an unmanned vehicle ,Raytheon Company,"Joanne E. Wood, Jamil R. Hashimi, Fred G. Thourot, Stephen P. Johnson, Russell W. Goff, Douglas Carroll",2008-06-27,2009-06-26,2011-10-20,,https://patents.google.com/patent/WO2010039306A9/en,
WO-2010039306-A3,Apparatus and method of controlling an unmanned vehicle ,Raytheon Company,"Joanne E. Wood, Jamil R. Hashimi, Fred G. Thourot, Stephen P. Johnson, Russell W. Goff, Douglas Carroll",2008-06-27,2009-06-26,2011-07-28,,https://patents.google.com/patent/WO2010039306A3/en,
EP-2289054-A4,BIKE RENTAL SYSTEM AND STATION ,8D Technologies Inc,"Isabelle Bettez, Jean-Sebastien Bettez",2008-03-20,2009-03-20,2011-05-18,,https://patents.google.com/patent/EP2289054A4/en,
EP-2360399-A2,Shift stage display device ,"Honda Motor Co., Ltd.","Makoto Tsuyuguchi, Toru Takeda, Naoki Murasawa",2010-02-23,2011-02-07,2011-08-24,,https://patents.google.com/patent/EP2360399A2/en,https://patentimages.storage.googleapis.com/b4/2a/2b/f1b0615edae0d1/imgf0001.png
EP-2340701-A3,"Apparatus, method and computer program product for cutting element control ",Deere & Company,"Noel W Anderson, Anthony B. Annibale",2010-01-05,2010-12-16,2011-09-28,,https://patents.google.com/patent/EP2340701A3/en,
CN-101934858-A,Miniature electric ducted propeller type intelligent unmanned aerial vehicle ,"王泽峰, 王晓","王泽峰, 王晓",2010-07-08,2010-07-08,2011-01-05,,https://patents.google.com/patent/CN101934858A/en,https://patentimages.storage.googleapis.com/21/1c/c7/7d09e56af9833b/HSA00000176176700011.png
EP-2131553-A3,Vehicle information communication ,Telefonaktiebolaget L M Ericsson (publ),"Johan Hjelm, Martin Gerdes, Guido Gehlen",2008-06-05,2009-02-25,2011-08-31,,https://patents.google.com/patent/EP2131553A3/en,
EP-2289768-A3,"Method for supporting a driver of a motor vehicle when parking in a diagonal parking space, driver assistance device and motor vehicle with a driver assistance device ",Valeo Schalter und Sensoren GmbH,"Klaus Hoffsommer, Oliver Grimm",2009-08-27,2010-08-11,2011-10-12,,https://patents.google.com/patent/EP2289768A3/en,
AT-E515400-T1,ADAPTIVE SUSPENSION CONTROL FOR A MOTOR VEHICLE ,Gm Global Tech Operations Inc,"Youssef A Ghoneim, Veit Held",2008-04-02,2008-04-02,2011-07-15,2011-07-15,https://patents.google.com/patent/ATE515400T1/en,
PL-2035276-T3,Aircraft ,Burkhard Wiggerich,Burkhard Wiggerich,2006-06-26,2007-03-31,2011-07-29,,https://patents.google.com/patent/PL2035276T3/en,
DE-502007006549-D1,FLIGHT UNIT ,Burkhard Wiggerich,Burkhard Wiggerich,2006-06-26,2007-03-31,2011-04-07,,https://patents.google.com/patent/DE502007006549D1/en,
EP-2382402-A1,Hydraulic control device for an automated transmission ,Daimler AG,"Markus Brandenburg, Benjamin Kemmner, Jörg SCHINDLER",2009-01-23,2009-12-16,2011-11-02,,https://patents.google.com/patent/EP2382402A1/en,
CN-102292572-A,Hydraulic control device for an automated transmission ,戴姆勒股份公司,"M·布兰登伯格, B·克姆那, J·辛德勒",2009-01-23,2009-12-16,2011-12-21,,https://patents.google.com/patent/CN102292572A/en,https://patentimages.storage.googleapis.com/56/23/f7/5785c05b47b8a8/HDA0000077724740000012.png
US-8047671-B2,Clamp with lamp ,"Shanghai Greatway Electric & Tools, Ltd.","Yeping Fan, Yong Wu",2009-07-21,2009-07-21,2011-11-01,2011-11-01,https://patents.google.com/patent/US8047671B2/en,https://patentimages.storage.googleapis.com/7c/f4/0b/fce247e2e92877/US08047671-20111101-D00000.png
MX-2011004227-A,Automatic management and control system for controlling accessories and engine controls of a transport motored vehicle. ,J M Bastille Transp Inc,Gaetan Gamache,2008-10-21,2009-10-16,2011-09-27,,https://patents.google.com/patent/MX2011004227A/en,
JP-2011500446-A,Vehicle cabin air conditioning system and module including the system ,ワールプール，ソシエダッド  アノニマ,"ナザーリオ，マルセロ クリステッロ, ジャルシェル，マイコン, ヌネス，エルナニ，ジュニオール パウタッソ",2007-10-30,2008-10-30,2011-01-06,,https://patents.google.com/patent/JP2011500446A/en,https://patentimages.storage.googleapis.com/90/ac/0a/1e4f724301c647/2011500446-3.png
DE-102010055390-A1,Systems and methods for automated starting / stopping of internal combustion engines ,"GM Global Technology Operations LLC, Mich.","Awadesh Karnataka Tiwari, Vijay Karnataka Shettigar, Amit Karnataka Kumar, Srinivas B. Karnataka Chande",2010-01-04,2010-12-21,2011-07-07,,https://patents.google.com/patent/DE102010055390A1/en,https://patentimages.storage.googleapis.com/51/f4/eb/fbe1681c12a69f/00300000.png
CN-101734306-B,Production line device for disassembling scrapped cars ,青岛新天地环境保护有限责任公司,"韩清洁, 王军",2009-12-12,2009-12-12,2011-08-31,2011-08-31,https://patents.google.com/patent/CN101734306B/en,https://patentimages.storage.googleapis.com/6b/5d/5d/8e6f02c1407e49/H2009102310444E00011.png
KR-101036510-B1,Reinforcement projection welding machine using in the shock absorber parts of car ,(주)썬테크,"김상규, 장선",2009-06-04,2009-06-04,2011-05-24,2011-05-24,https://patents.google.com/patent/KR101036510B1/en,https://patentimages.storage.googleapis.com/a7/90/c0/702b95189119ec/112009033926028-pat00001.png
CN-102234016-A,Automated material handling system with identification features ,村田机械株式会社,"罗伯特·P·萨利文, 托马斯·R·马里亚诺, 克林顿·M·哈里斯, 理查德·J·皮克雷",2010-04-06,2011-04-02,2011-11-09,,https://patents.google.com/patent/CN102234016A/en,https://patentimages.storage.googleapis.com/29/85/b4/eee99df4d4ec60/HSA00000469030700011.png
BR-PI0711460-A2,process for determining the mass of a motor vehicle ,Zahnradfabrik Friedrichshafen,"Werner Wolfgang, Malk Wuerthner, Ingo Sauter",2006-05-12,2007-04-25,2011-11-08,,https://patents.google.com/patent/BRPI0711460A2/en,
WO-2010120894-A3,Vehicle body assembly and sequencing system ,"Comau, Inc.",Velibor Kilibarda,2009-04-15,2010-04-14,2011-03-24,,https://patents.google.com/patent/WO2010120894A3/en,
JP-2011189769-A,Automatic transport system ,"Hitachi Industrial Equipment Systems Co Ltd, 株式会社日立産機システム","Akira Oshima, 章 大島, Kenjiro Yamamoto, 健次郎 山本, Yuji Hosoda, 祐司 細田, Ryozo Masaki, 良三 正木",2010-03-12,2010-03-12,2011-09-29,,https://patents.google.com/patent/JP2011189769A/en,https://patentimages.storage.googleapis.com/05/db/a3/be9cf7acca2713/2011189769-3.png
DE-102010010686-A1,Method and device for the adhesive joining of large components in vehicle construction ,Fraunhofer-Gesellschaft zur Förderung der angewandten Forschung e.V.,"Dirk Dr. Niermann, Holger Frauen",2009-03-19,2010-03-08,2011-01-05,,https://patents.google.com/patent/DE102010010686A1/en,https://patentimages.storage.googleapis.com/a9/43/f9/cd7623946f80a9/00140000.png
KR-20110097128-A,Assembly device for backlight unit with shuttle ,(주)신세계엔지니어링,이강일,2010-02-24,2010-02-24,2011-08-31,,https://patents.google.com/patent/KR20110097128A/en,https://patentimages.storage.googleapis.com/35/dc/4e/f14e82ea6b8824/pat00001.png
KR-101076447-B1,Assembling apparatus of back light unit which having movable shuttles ,(주)신세계엔지니어링,이강일,2010-02-24,2010-02-24,2011-10-25,2011-10-25,https://patents.google.com/patent/KR101076447B1/en,https://patentimages.storage.googleapis.com/53/ac/25/1186a819af9f76/112010012183448-pat00001.png
DE-102009045256-A1,Method for operating a drive train ,Zf Friedrichshafen Ag,"Johannes Kemler, Joachim Staudinger, Maik Dr. Würthner, Ingo Sauter",2009-10-01,2009-10-01,2011-04-07,,https://patents.google.com/patent/DE102009045256A1/en,https://patentimages.storage.googleapis.com/91/71/54/ff3f0106c02b0e/00130000.png
CN-102030004-A,Control method for realizing hill-start of automatic transmission by utilizing pulse catching ,一汽解放青岛汽车厂,王玉海、王松、郑旭光、刘春梅,2009-09-25,2009-09-25,2011-04-27,,https://patents.google.com/patent/CN102030004A/en,https://patentimages.storage.googleapis.com/79/1b/d6/55c7a3780c62cc/H2009103077112E0000011.png
DE-112009002028-T5,Method for controlling a vehicle steering device ,"TRW Automotive U.S. LLC, Mich.","Daniel E. Ind. Williams, Anthony G. Ind. Gillam",2008-09-18,2009-09-14,2011-07-14,,https://patents.google.com/patent/DE112009002028T5/en,https://patentimages.storage.googleapis.com/b7/ff/c7/707a977b85c942/00190000.png
KR-20110139215-A,Actuator Position Capture ,섀플러 테크놀로지스 게엠베하 운트 코. 카게,"미햐엘 쉰들러, 마티아스 판처",2009-03-12,2010-03-01,2011-12-28,,https://patents.google.com/patent/KR20110139215A/en,https://patentimages.storage.googleapis.com/e8/1b/a5/58fd489c9bb25b/pct00001.png
EP-1916457-A3,Hydraulic controller device of an automated double clutch transmission ,ZF Friedrichshafen AG,"Thomas Walter, Thomas Busold, Eduard Steiner",2006-10-24,2007-10-10,2011-04-20,,https://patents.google.com/patent/EP1916457A3/en,
JP-2011017599-A,"Autonomous positioning program, autonomous positioning device and autonomous positioning method ","Fujitsu Ltd, 富士通株式会社","Kazuo Hida, 一生 肥田, Shinichiro Mori, 信一郎 森",2009-07-08,2009-07-08,2011-01-27,,https://patents.google.com/patent/JP2011017599A/en,https://patentimages.storage.googleapis.com/93/8d/86/81fc95a3767fd6/2011017599-10.png
CN-102152759-A,Auto rearview mirror with vision device ,上海智汽电子科技有限公司,"谢明, 张吉稳",2011-03-22,2011-03-22,2011-08-17,,https://patents.google.com/patent/CN102152759A/en,https://patentimages.storage.googleapis.com/4a/d0/53/d8bf0b1b4dbca5/110319182329.png
US-2011118869-A1,"Methods and Systems for Transporting Parts from a Primary Process to a Secondary Process in a First In, First Out Fashion ","Toyota Motor Engineering & Manufacturing North America, Inc.","Brian Hons Smith, Gary VanGorp",2009-11-17,2009-11-17,2011-05-19,,https://patents.google.com/patent/US20110118869A1/en,https://patentimages.storage.googleapis.com/60/db/9a/64de1df6f1f160/US20110118869A1-20110519-D00000.png
WO-2011078546-A2,Pedaling-assisting transmission ,(주)엠비아이,"정태진, 유혁, 안성철",2009-12-22,2010-12-21,2011-06-30,,https://patents.google.com/patent/WO2011078546A2/en,https://patentimages.storage.googleapis.com/12/58/ed/e1c5f993e8b9b9/PCTKR2010009145-appb-D000001.png
WO-2011078546-A3,Pedaling-assisting transmission ,(주)엠비아이,"정태진, 유혁, 안성철",2009-12-22,2010-12-21,2011-10-27,,https://patents.google.com/patent/WO2011078546A3/en,
WO-2011064322-A2,Method for controlling a drive unit of a motor vehicle ,Bayerische Motoren Werke Aktiengesellschaft,"Carsten Erbguth, Florian Gramer, Mathieu Front, Gerd Krämer",2009-11-27,2010-11-26,2011-06-03,,https://patents.google.com/patent/WO2011064322A2/en,
AU-2011239326-A1,Networked multi-role robotic vehicle ,"Deere & Company, Irobot Corporation","James Allard, William Robert Norris, Jeffery S. Puhalla, Kathleen A. Wienhold",2005-10-21,2011-10-25,2011-11-17,,https://patents.google.com/patent/AU2011239326A1/en,
KR-20110118965-A,Self-driving wheelchair system using gaze recognition ,대구대학교 산학협력단,"류정탁, 박세현, 이상윤, 전용준",2010-04-26,2010-04-26,2011-11-02,,https://patents.google.com/patent/KR20110118965A/en,https://patentimages.storage.googleapis.com/a1/e0/90/1e42d89b8a662d/pat00006.png
WO-2011124196-A1,Method for operating an automated clutch ,Schaeffler Technologies Gmbh & Co. Kg,"Michael Schindler, Jürgen EICH, Jürgen GERHART",2010-04-08,2011-03-21,2011-10-13,,https://patents.google.com/patent/WO2011124196A1/en,
KR-20110084082-A,Power supply apparatus and crane system ,미츠비시 쥬고교 가부시키가이샤,노부오 요시오까,2010-01-15,2010-07-27,2011-07-21,,https://patents.google.com/patent/KR20110084082A/en,https://patentimages.storage.googleapis.com/d6/03/61/1bcd6c46dd27b3/pat00001.png
CN-201729496-U,Automated assembly line for large-sized LED lamp ,大连九久光电制造有限公司,"江纬邦, 刘廷登, 杨鹏, 庞树军",2010-07-09,2010-07-09,2011-02-02,2011-02-02,https://patents.google.com/patent/CN201729496U/en,https://patentimages.storage.googleapis.com/b1/f6/70/642f8ad6b3e3ac/HSA00000183783000011.png
KR-101011467-B1,V guide pipe rail running system for horizontal and slope driving ,한국모노레일주식회사,황무영,2009-02-17,2009-02-17,2011-02-07,2011-02-07,https://patents.google.com/patent/KR101011467B1/en,https://patentimages.storage.googleapis.com/9d/59/3a/294f04986279ed/112009009609120-pat00001.png
EP-2258606-A3,Method for determining a steering curve for steering angles of steerable wheels of a vehicle and park assistance system for a vehicle ,Valeo Schalter und Sensoren GmbH,"Nicolas Jecker, Vsevolod Vovkushevsky, Tobias Geiger",2009-06-05,2010-05-27,2011-02-02,,https://patents.google.com/patent/EP2258606A3/en,
KR-20110033002-A,Lens Mold Separation Device for Contact Lens Semi-molded Manufacturing Automation System ,"(주)지오메디칼, 박화성",박화성,2009-09-23,2010-03-31,2011-03-30,,https://patents.google.com/patent/KR20110033002A/en,https://patentimages.storage.googleapis.com/8a/79/d2/fb7d3717ff2039/pat00002.png
KR-101070858-B1,A Lens Mold Separate device For Contact Lens Automation System ,"박화성, (주)지오메디칼",박화성,2009-09-23,2010-03-31,2011-10-06,2011-10-06,https://patents.google.com/patent/KR101070858B1/en,https://patentimages.storage.googleapis.com/de/61/fd/cf7cde7d57a840/112010020566767-pat00002.png
CN-101495820-B,Automated drive for fan and refrigerant system ,开利公司,"M·F·塔拉斯, T·J·多布梅尔, A·利夫森",2005-08-09,2006-06-26,2011-05-18,2011-05-18,https://patents.google.com/patent/CN101495820B/en,https://patentimages.storage.googleapis.com/5f/94/8d/8c962e80e09fa4/S2006800291405E00011.png
DE-102009056160-A1,Method for controlling a drive unit of a motor vehicle ,Bayerische Motoren Werke Aktiengesellschaft,"Carsten Erbguth, Florian Gramer, Mathieu Front, Gerd Dr. Krämer",2009-11-27,2009-11-27,2011-06-01,,https://patents.google.com/patent/DE102009056160A1/en,https://patentimages.storage.googleapis.com/5b/2d/9c/2bab6d16943d0f/00100000.png
SE-0901360-A1,Automated charging magazine ,Bae Systems Bofors Ab,Lars-Olov Lindskog,2009-10-21,2009-10-21,2011-04-22,,https://patents.google.com/patent/SE0901360A1/en,
SE-534616-C2,Automated charging magazine ,Bae Systems Bofors Ab,Lars-Olov Lindskog,2009-10-21,2009-10-21,2011-10-25,,https://patents.google.com/patent/SE534616C2/en,
WO-2011155040-A1,Conveyance system and method of communication in conveyance system ,ムラテックオートメーション株式会社,光哉 徳本,2010-06-10,2010-06-10,2011-12-15,,https://patents.google.com/patent/WO2011155040A1/en,https://patentimages.storage.googleapis.com/2c/9d/a1/c75623011bdbb9/JPOXMLDOC01-appb-D000001.png
KR-101091314-B1,Projection lens for side light and head lamp having thereof ,"주식회사 에스엘라이팅, 현대자동차주식회사","이경수, 김대곤, 윤병규, 고광민",2009-10-01,2009-10-01,2011-12-07,2011-12-07,https://patents.google.com/patent/KR101091314B1/en,https://patentimages.storage.googleapis.com/5c/bd/be/5b6058400b7cae/112009060613098-pat00001.png
US-8060276-B2,Method for operating a motor vehicle ,Zf Friedrichshafen Ag,"Oliver Buchhold, Wilhelm Moser",2006-11-04,2007-10-12,2011-11-15,2011-11-15,https://patents.google.com/patent/US8060276B2/en,https://patentimages.storage.googleapis.com/c8/c1/fe/9e29ebbcadb48f/US08060276-20111115-D00000.png
DE-102010028282-A1,Method for determining a starting gear in a motor vehicle ,Zf Friedrichshafen Ag,Dr. Mair Roland,2010-04-28,2010-04-28,2011-12-01,,https://patents.google.com/patent/DE102010028282A1/en,https://patentimages.storage.googleapis.com/9d/b2/c6/d0f27a30c7feb4/00290000.png
CN-102270960-A,Singlechip-based DC brushed motor controller ,"重庆金美通信有限责任公司, 綦江齿轮传动有限公司","万礼华, 王怀翊, 李鸿, 成崎, 罗光涛",2011-07-27,2011-07-27,2011-12-07,,https://patents.google.com/patent/CN102270960A/en,https://patentimages.storage.googleapis.com/37/3f/b6/3d745808e27b56/2011102111664100003DEST_PATH_IMAGE001.png
US-2011279283-A1,Product Tracking and Alert System ,"Rv-Id, Inc.",Jonathan Charles Corn,2006-08-10,2011-07-22,2011-11-17,,https://patents.google.com/patent/US20110279283A1/en,https://patentimages.storage.googleapis.com/fd/83/7f/e277fd33a7fd59/US20110279283A1-20111117-D00000.png
JP-2011012965-A,Lane determination device and navigation system ,"Clarion Co Ltd, クラリオン株式会社","Masato Imai, 正人 今井, Masatoshi Hoshino, 雅俊 星野, Masao Sakata, 雅男 坂田",2009-06-30,2009-06-30,2011-01-20,,https://patents.google.com/patent/JP2011012965A/en,https://patentimages.storage.googleapis.com/54/b4/35/6e56c545af9a72/2011012965-61.png
CN-102295065-A,Propeller propulsion unit of underwater autonomous navigation platform ,"中海油田服务股份有限公司, 天津大学","王树新, 王明田, 张宏伟, 段宝生, 吴义涛",2011-06-10,2011-06-10,2011-12-28,,https://patents.google.com/patent/CN102295065A/en,https://patentimages.storage.googleapis.com/d4/23/12/099bad94384bc6/HDA0000067353200000011.png
DE-102011014571-A1,Method for operating an automated clutch ,Schaeffler Technologies Gmbh & Co. Kg,"Michael Schindler, Dr. Eich Jürgen, Jürgen Gerhart",2010-04-08,2011-03-21,2011-10-13,,https://patents.google.com/patent/DE102011014571A1/en,
WO-2011134704-A1,Method for determining a starting speed in a motor vehicle ,Zf Friedrichshafen Ag,Roland Mair,2010-04-28,2011-03-02,2011-11-03,,https://patents.google.com/patent/WO2011134704A1/en,
US-8031277-B2,Method and device for regulation and control of transparence and translucence of glazing or oilcloth ,Nodar Maisuradze,"Nodar Maisuradze, Elgudja Zhgenti, Ivane Bakradze",2004-07-14,2007-02-02,2011-10-04,2011-10-04,https://patents.google.com/patent/US8031277B2/en,https://patentimages.storage.googleapis.com/26/cf/fc/3b77bd20dc16af/US08031277-20111004-D00000.png
WO-2011075852-A1,Railcar cover systems ,Ecofab Covers International Inc.,"Trevor Low, Mark Doldon, John Cruikshank, Marvin Hlynka",2009-12-21,2010-12-21,2011-06-30,,https://patents.google.com/patent/WO2011075852A1/en,
CA-2785247-A1,Railcar cover systems ,"Ecofab Covers International Inc., Trevor Low, Mark Doldon, John Cruikshank, Marvin Hlynka","Trevor Low, Mark Doldon, John Cruikshank, Marvin Hlynka",2009-12-21,2010-12-21,2011-06-30,,https://patents.google.com/patent/CA2785247A1/en,
US-2011162809-A1,Solar-powered window covering automation system ,Alex Liu,Alex Liu,2007-12-17,2008-12-16,2011-07-07,,https://patents.google.com/patent/US20110162809A1/en,https://patentimages.storage.googleapis.com/ae/79/94/3587c222327767/US20110162809A1-20110707-D00000.png
US-8012434-B2,Anti-clogging device and method for in-gel digestion applications ,Millipore Corporation,"Phillip Clark, Chris A. Scott, Marc Emerick, William Kopaciewicz, Donald B. Rising",2002-05-24,2008-10-22,2011-09-06,2011-09-06,https://patents.google.com/patent/US8012434B2/en,https://patentimages.storage.googleapis.com/97/85/08/93399ebb032961/US08012434-20110906-D00000.png
KR-101035247-B1,Automated manual transmission ,현대 파워텍 주식회사,구본민,2008-10-17,2008-10-17,2011-05-18,2011-05-18,https://patents.google.com/patent/KR101035247B1/en,https://patentimages.storage.googleapis.com/4d/fe/b1/ce466611a5fde9/112010066726529-pat00006.png
CN-101975103-A,Electronic-control urea pump water heating SCR urea system of pneumatic double urea box ,中国第一汽车集团公司,"李骏, 邢喜春, 戈非, 吴君华, 尹燕升, 纪英",2010-10-20,2010-10-20,2011-02-16,,https://patents.google.com/patent/CN101975103A/en,
JP-2011031801-A,Cart ,"Yanmar Co Ltd, ヤンマー株式会社","Hiromune Uchikawa, 博統 内川",2009-08-04,2009-08-04,2011-02-17,,https://patents.google.com/patent/JP2011031801A/en,https://patentimages.storage.googleapis.com/01/9a/25/3d352b451e5b27/2011031801-3.png
RU-2010123537-A,VEHICLE AND HYGIENE EQUIPMENT SYSTEM ,"Общество с ограниченной ответственностью ""Промышленные вакуумные системы"" (RU), Общество с ограниченной ответственностью ""Промышленные вакуумные системы""","Виктор Соломонович Душкин (RU), Виктор Соломонович Душкин, Яков Михайлович Зарецер (RU), Яков Михайлович Зарецер, Елена Владимировна Злоказова (RU), Елена Владимировна Злоказова",2010-06-10,2010-06-10,2011-12-20,,https://patents.google.com/patent/RU2010123537A/en,
FR-2953625-A3,METHOD AND SYSTEM FOR NAVIGATING A VEHICLE COMPRISING A USER WARNING WHEN PASSING THE VEHICLE NEAR THE LATEST CHARGE POINT REACHABLE. ,Renault Sa,Thierry Brajon,2009-12-09,2009-12-09,2011-06-10,,https://patents.google.com/patent/FR2953625A3/en,
KR-101063889-B1,Control system of the unicycle robot and its design method ,부산대학교 산학협력단,"이장명, 김홍철, 임훈, 황종명, 안부환, 이호원",2008-12-24,2008-12-24,2011-09-08,2011-09-08,https://patents.google.com/patent/KR101063889B1/en,https://patentimages.storage.googleapis.com/9d/dc/34/6d77dfa388464f/112008088873837-pat00210.png
CN-102222794-A,Fuel cell water disposal ,雷蒙德股份有限公司,"A·博尔迪尼, R·戴",2010-04-16,2010-09-16,2011-10-19,,https://patents.google.com/patent/CN102222794A/en,https://patentimages.storage.googleapis.com/71/02/44/e67cac4adbe05d/HSA00000281893200011.png
CA-2714835-A1,Fuel cell water disposal ,"The Raymond Corporation, Augustus Baldini, Richard M. Day","Augustus Baldini, Richard M. Day",2010-04-16,2010-09-09,2011-10-16,,https://patents.google.com/patent/CA2714835A1/en,
AU-2010214754-A1,Fuel cell water disposal ,The Raymond Corporation,"Augustus Baldini, Richard M. Day",2010-04-16,2010-09-01,2011-11-03,,https://patents.google.com/patent/AU2010214754A1/en,
CN-101567538-B,Stump-jump multi-divided conductor deicing robot ,中国电力科学研究院,"李翔, 詹涵菁, 李红旗, 陈明达, 陈懿夫, 陈志高",2008-04-21,2008-04-21,2011-09-28,2011-09-28,https://patents.google.com/patent/CN101567538B/en,https://patentimages.storage.googleapis.com/a4/e1/83/04de4caecb1eec/S2008101045019E00011.png
US-2011253465-A1,Fuel Cell Water Disposal ,"Augustus Baldini, Richard Day","Augustus Baldini, Richard Day",2010-04-16,2010-04-16,2011-10-20,,https://patents.google.com/patent/US20110253465A1/en,https://patentimages.storage.googleapis.com/4f/c1/9c/83ac81c5d2ca2b/US20110253465A1-20111020-D00000.png
CA-2533325-C,Exterior lamp check for motor vehicles ,"International Truck Intellectual Property Company, Llc, Jeremy A. Lahr, Allyson K. Kreft, Douglas R. Taylor, Steve F. Wagester, Marilyn R. Miars","Jeremy A. Lahr, Allyson K. Kreft, Douglas R. Taylor, Steve F. Wagester, Marilyn R. Miars",2005-02-01,2006-01-19,2011-07-26,2011-07-26,https://patents.google.com/patent/CA2533325C/en,
KR-20110096311-A,Power Train for Coupling Grid Forming Machine ,주식회사 우창카플링,문종석,2010-02-22,2010-02-22,2011-08-30,,https://patents.google.com/patent/KR20110096311A/en,https://patentimages.storage.googleapis.com/9b/c2/06/076afe28244803/pat00001.png
KR-20110056945-A,Banknote transfer method and device therefor in automated teller machine ,노틸러스효성 주식회사,"박창호, 황진용, 신경주",2009-11-23,2009-11-23,2011-05-31,,https://patents.google.com/patent/KR20110056945A/en,https://patentimages.storage.googleapis.com/70/f4/21/7df8b244710153/112009071874796-PAT00001.png
KR-20110048842-A,Starting Point Recognition System and Method for Automatically Operable Articulated Vehicles ,"한국철도기술연구원, 길 정보 시스템 주식회사","이강원, 장세기, 박영곤, 윤희택, 황의경, 유태신",2009-11-03,2009-11-03,2011-05-12,,https://patents.google.com/patent/KR20110048842A/en,https://patentimages.storage.googleapis.com/d2/f8/eb/9134d1310d69b8/112009067628338-PAT00001.png
KR-101082118-B1,starting point Recognition system and the method of Automatic driving articulated vehicle ,"길 정보 시스템 주식회사, 한국철도기술연구원","이강원, 장세기, 박영곤, 윤희택, 황의경, 유태신",2009-11-03,2009-11-03,2011-11-10,2011-11-10,https://patents.google.com/patent/KR101082118B1/en,https://patentimages.storage.googleapis.com/7b/db/51/2b59c90fc3396f/112009067628338-pat00001.png
WO-2011029549-A1,Safety device of a vehicle and method for operating such a safety device ,Daimler Ag,Stefan Hahn,2009-09-08,2010-09-01,2011-03-17,,https://patents.google.com/patent/WO2011029549A1/en,
JP-2011014038-A,Online risk recognition system ,"Fuji Heavy Ind Ltd, 富士重工業株式会社","Motoya Ogawa, 原也 小川",2009-07-03,2009-07-03,2011-01-20,,https://patents.google.com/patent/JP2011014038A/en,
US-8068964-B2,Method for determining the driving resistance of a motor vehicle ,Zf Friedrichshafen Ag,"Werner Wolfgang, Maik Würthner, Ingo Sauter",2006-05-12,2007-04-25,2011-11-29,2011-11-29,https://patents.google.com/patent/US8068964B2/en,https://patentimages.storage.googleapis.com/54/80/e8/95f2f60b7bcd5a/US08068964-20111129-D00000.png
AT-E536300-T1,ELECTRIC POWER STEERING SYSTEM OF A MOTOR VEHICLE ,Jtekt Europe Sas,"Stephane Cassar, Sebastien Herault, Jean-Marc Kasbarian, Pierre Pilaz, Pascal Moulaire",2008-07-07,2009-06-23,2011-12-15,2011-12-15,https://patents.google.com/patent/ATE536300T1/en,
EP-2307261-B1,Motor vehicle electric power assisted steering system ,JTEKT Europe,"Stéphane CASSAR, Sébastien HERAULT, Jean-Marc Kasbarian, Pierre Pilaz, Pascal Moulaire",2008-07-07,2009-06-23,2011-12-07,2011-12-07,https://patents.google.com/patent/EP2307261B1/en,https://patentimages.storage.googleapis.com/76/ab/30/9ed31118708591/imgf0001.png
EP-2307261-A2,Motor vehicle electric power assisted steering system ,JTEKT Europe,"Stéphane CASSAR, Sébastien HERAULT, Jean-Marc Kasbarian, Pierre Pilaz, Pascal Moulaire",2008-07-07,2009-06-23,2011-04-13,,https://patents.google.com/patent/EP2307261A2/en,
KR-20110105926-A,Driving route planning and route control method of synchronous controlled mobile robot using RFID tagging map ,(재)한국섬유기계연구소,"이석기, 정승현, 박대규, 전두환",2010-03-22,2010-03-22,2011-09-28,,https://patents.google.com/patent/KR20110105926A/en,https://patentimages.storage.googleapis.com/21/89/9d/95195e896f5319/pat00007.png
US-2011021315-A1,Shift control method in an automated manual transmission ,Zf Friedrichshafen Ag,"Bernd Dobele, Norbert Wiencek",2008-05-09,2009-03-23,2011-01-27,,https://patents.google.com/patent/US20110021315A1/en,https://patentimages.storage.googleapis.com/67/0a/ef/a29541c6b5efbb/US20110021315A1-20110127-D00000.png
EP-2271863-A2,Shift control method in an automated manual transmission ,ZF Friedrichshafen AG,"Bernd Döbele, Norbert Wiencek",2008-05-09,2009-03-23,2011-01-12,,https://patents.google.com/patent/EP2271863A2/en,
CN-102016360-A,Shift control method in an automated manual transmission ,Zf腓德烈斯哈芬股份公司,"伯恩特·多贝勒, 诺伯特·维恩切克",2008-05-09,2009-03-23,2011-04-13,,https://patents.google.com/patent/CN102016360A/en,https://patentimages.storage.googleapis.com/a8/0d/94/21aaa65d27b3dd/HPA00001253133300011.png
WO-2011154982-A1,Automated self-collapsible iso container ,"Ivo Giovannini, Enrico Bernini, Andrea Canonico","Ivo Giovannini, Enrico Bernini, Andrea Canonico",2010-06-09,2011-05-17,2011-12-15,,https://patents.google.com/patent/WO2011154982A1/en,
WO-2011142657-A1,Vehicle for displacing feed ,Lely Patent N.V.,"Karel Van Den Berg, Jan Martinus Van Kuilenburg, Werner Hendrikus Johannes Adrianus De Rooij, Nicolaas Johannes Wilhelmus Van Paassen",2010-05-12,2011-05-06,2011-11-17,,https://patents.google.com/patent/WO2011142657A1/en,
CA-2795217-A1,Vehicle for displacing feed ,"Lely Patent N.V., Karel Van Den Berg, Jan Martinus Van Kuilenburg, Werner Hendrikus Johannes Adrianus De Rooij, Nicolaas Johannes Wilhelmus Van Paassen","Karel Van Den Berg, Jan Martinus Van Kuilenburg, Werner Hendrikus Johannes Adrianus De Rooij, Nicolaas Johannes Wilhelmus Van Paassen",2010-05-12,2011-05-06,2011-11-17,,https://patents.google.com/patent/CA2795217A1/en,
BR-PI0617234-A2,electromechanical system for connecting to a power grid and surface drive system of a progressive oil well cavity pump ,Leroy Somer Moteurs,Christian Petit,2005-10-12,2006-10-12,2011-07-19,,https://patents.google.com/patent/BRPI0617234A2/en,
US-2011166756-A1,Anti-rollback Control System for Hybrid and Conventional Powertrain Vehicles ,Essam Tawfik Marcus,Essam Tawfik Marcus,2011-02-01,2011-03-14,2011-07-07,,https://patents.google.com/patent/US20110166756A1/en,https://patentimages.storage.googleapis.com/92/bd/40/728bb97734b2fd/US20110166756A1-20110707-D00000.png
KR-20110117597-A,"Electric Vehicle Sharing Device, System and Electric Vehicle Sharing Method ",한국전자통신연구원,"민병길, 김우년, 김신규, 장문수, 이건희, 서정택, 이철원",2010-04-21,2011-02-18,2011-10-27,,https://patents.google.com/patent/KR20110117597A/en,https://patentimages.storage.googleapis.com/98/2d/e8/a802d070261efd/pat00003.png
DE-102009040677-A1,Safety device of a vehicle and method for operating such a safety device ,Daimler Ag,Stefan Dipl.-Inf. Hahn,2009-09-08,2009-09-08,2011-03-10,,https://patents.google.com/patent/DE102009040677A1/en,https://patentimages.storage.googleapis.com/63/51/1e/e99360050aa94d/00110000.png
KR-20110024946-A,Hull shell blasting device ,현대중공업 주식회사,윤광원,2009-09-03,2009-09-03,2011-03-09,,https://patents.google.com/patent/KR20110024946A/en,https://patentimages.storage.googleapis.com/cd/6f/d0/89b6903b1f5db1/112009054437916-PAT00001.png
KR-101011386-B1,Pipeline floor plan cotton CT image inspection analysis method and system ,주식회사 호서,최연철,2010-12-24,2010-12-24,2011-01-28,2011-01-28,https://patents.google.com/patent/KR101011386B1/en,https://patentimages.storage.googleapis.com/1e/3d/60/19e518a692e8d7/112010085452155-pat00001.png
CN-102155882-A,120mm mortar GPS+ inertial navigation composite guided projectile ,吉林保利科技中试有限公司,"路靖, 高育红",2010-12-20,2010-12-20,2011-08-17,,https://patents.google.com/patent/CN102155882A/en,https://patentimages.storage.googleapis.com/75/4f/ed/4d5ff5d50677ca/HSA00000390087600011.png
CN-102102647-A,Autonomous fluid mixing system and method ,"通用汽车环球科技运作有限责任公司, 合金力学公司","A·L·布朗, N·L·约翰逊, J·H·布朗, X·高, P·W·亚历山大",2009-12-16,2010-12-16,2011-06-22,,https://patents.google.com/patent/CN102102647A/en,https://patentimages.storage.googleapis.com/1b/f5/3a/5ce2b1ba758d88/101209131654.png
US-8078363-B2,On-vehicle electronic device control system ,Denso Corporation,Hiroyuki Sakane,2007-08-29,2008-08-27,2011-12-13,2011-12-13,https://patents.google.com/patent/US8078363B2/en,https://patentimages.storage.googleapis.com/da/6d/b8/e3c366e44d9365/US08078363-20111213-D00000.png
US-2011239397-A1,Suction unit and autonomous vacuum cleaner ,Koninklijke Philips Electronics N.V.,"Jeroen Dekkers, Theo Anjes Maria Ruijl, Silvester Matheus Reijnders, Jan Van Eijk, Hubert Gerard Jean Joseph Amaury Vroomen, Thomas Petrus Hendricus Warmerdam, Robertus Mathijs Gerardus Rijs",2007-08-21,2008-08-18,2011-10-06,,https://patents.google.com/patent/US20110239397A1/en,https://patentimages.storage.googleapis.com/10/83/1f/47a729d12b570b/US20110239397A1-20111006-D00000.png
JP-2011504113-A,Suction unit and autonomous vacuum cleaner ,コーニンクレッカ  フィリップス  エレクトロニクス  エヌ  ヴィ,"イェロエン デッケルス, テオ  エイ  エム ルエイル, シルフェステル  エム レインデルス, エイク  ヤン ファン, ヒュベルト  ジー  ジェイ  ジェイ  エイ フローメン, トマス  ピー  エイチ ヴァルメルダム, ロベルトゥス  エム  ジー レイス",2007-08-21,2008-08-18,2011-02-03,,https://patents.google.com/patent/JP2011504113A/en,https://patentimages.storage.googleapis.com/49/fe/14/7cf9dae2a5475a/2011504113-3.png
CN-102223832-A,Suction unit and autonomous vacuum cleaner ,皇家飞利浦电子股份有限公司,"J·德克尔, T·A·M·瑞杰尔, S·M·雷杰恩德斯, J·范埃杰克, H·G·J·J·A·维鲁门, T·P·H·瓦尔默丹姆, R·M·G·里杰斯",2007-08-21,2008-08-18,2011-10-19,,https://patents.google.com/patent/CN102223832A/en,https://patentimages.storage.googleapis.com/48/d4/24/d5d3deb7b3acf6/HPA00001029699100011.png
CN-201882579-U,Connection platform capable of storing material temporarily and double-layer automatic delivery line with connection platform ,惠州市数码特信息电子有限公司,"谢华龙, 王小林, 文铁光, 祝迈, 陶建新, 汪海涛",2010-12-02,2010-12-02,2011-06-29,2011-06-29,https://patents.google.com/patent/CN201882579U/en,https://patentimages.storage.googleapis.com/6b/73/4a/32eaf4f5a9d7c1/101201104810.png
WO-2011027176-A1,Safety system ,Bae Systems Plc,David Andrew Wragg,2009-09-07,2010-09-07,2011-03-10,,https://patents.google.com/patent/WO2011027176A1/en,
WO-2011132899-A2,"Card reader for an automated teller machine, and control method for same ",노틸러스효성 주식회사,"강병찬, 이극형, 이동열",2010-04-20,2011-04-18,2011-10-27,,https://patents.google.com/patent/WO2011132899A2/en,https://patentimages.storage.googleapis.com/94/44/cd/e540dca1990ef2/PCTKR2011002757-appb-D000001.png
RU-109573-U1,"MOBILE ECOLOGICAL LABORATORY ""EXPRESS CONTROL"" ","Общество с ограниченной ответственностью ""АвтоЛИК""","Игорь Юрьевич Овчинников, Александр Петрович Шаховнин, Дмитрий Иванович Ледяев, Владимир Михайлович Соколов",2011-01-20,2011-01-20,2011-10-20,2011-10-20,https://patents.google.com/patent/RU109573U1/en,
JP-2011186907-A,Vehicle group formation determination device and vehicle group formation determination system ,"Denso Corp, 株式会社デンソー","Tadao Suzuki, 忠男 鈴木",2010-03-10,2010-03-10,2011-09-22,,https://patents.google.com/patent/JP2011186907A/en,https://patentimages.storage.googleapis.com/16/17/a7/0e53f9594a3024/2011186907-3.png
AT-E509179-T1,RECOVERY OF POTENTIAL ENERGY FROM THE TANK OF A ROLLER SHUTTER ,"Bubendorff Sa, Commissariat Energie Atomique",Antoine Labrunie,2007-08-09,2008-08-05,2011-05-15,2011-05-15,https://patents.google.com/patent/ATE509179T1/en,
CN-201841699-U,Automated paper drum production equipment ,枣阳天立包装实业有限公司,龚德宇,2010-11-17,2010-11-17,2011-05-25,2011-05-25,https://patents.google.com/patent/CN201841699U/en,https://patentimages.storage.googleapis.com/86/8b/b9/12a1611fc8d806/101116183109.png
JP-2011095960-A,Reverse travel alarm device ,"Toyota Motor Corp, トヨタ自動車株式会社","Daisuke Konaka, 大輔 古仲",2009-10-29,2009-10-29,2011-05-12,,https://patents.google.com/patent/JP2011095960A/en,https://patentimages.storage.googleapis.com/9e/e9/0f/5b8e8f94f9fcd1/2011095960-3.png
RU-107733-U1,DEVICE FOR REPAIR OF CARS ,Елена Ивановна Трошкина,"Елена Ивановна Трошкина, Михаил Владимирович Сапетов, Елена Николаевна Зайцева",2011-04-12,2011-04-12,2011-08-27,2011-08-27,https://patents.google.com/patent/RU107733U1/en,
KR-101090070-B1,Automated formwork Euroform cutting device ,(주)세명,김성용,2011-08-24,2011-08-24,2011-12-07,2011-12-07,https://patents.google.com/patent/KR101090070B1/en,https://patentimages.storage.googleapis.com/e4/ec/c0/6827382d1cad39/112011065741728-pat00001.png
JP-2011011264-A,Remote control system of robot and working robot for use in the same ,"Ihi Aerospace Co Ltd, 株式会社Ｉｈｉエアロスペース, Ihi Corp, 株式会社Ｉｈｉ","Hiroyuki Yashiro, 裕之 矢代",2009-06-30,2009-06-30,2011-01-20,,https://patents.google.com/patent/JP2011011264A/en,https://patentimages.storage.googleapis.com/d5/41/85/1c8ad2fb42764a/2011011264-3.png
WO-2011028167-A1,Device and method for performing a gear change of a vehicle ,Scania Cv Ab,"Fredrik Swartling, Magnus GRANSTRÖM, Mikael Hanson",2009-09-01,2010-08-31,2011-03-10,,https://patents.google.com/patent/WO2011028167A1/en,
JP-2011098617-A,Getting on/off system of movable body and control method of the same ,"Toyota Motor Corp, トヨタ自動車株式会社","Ko Kako, 航 加来, Mitsugi Kikuchi, 貢 菊地",2009-11-05,2009-11-05,2011-05-19,,https://patents.google.com/patent/JP2011098617A/en,https://patentimages.storage.googleapis.com/3e/77/87/ef01dd06394675/2011098617-3.png
PL-2176491-T3,Recovery of potential energy from the apron of a roller blind ,"Bubendorff Sa, Commissariat A Lenergie Atomique Etablissement Public",Antoine Labrunie,2007-08-09,2008-08-05,2011-12-30,,https://patents.google.com/patent/PL2176491T3/en,
KR-20110001326-A,Automated manual transmission and its control method ,현대 파워텍 주식회사,김태훈,2009-06-30,2009-06-30,2011-01-06,,https://patents.google.com/patent/KR20110001326A/en,https://patentimages.storage.googleapis.com/7e/be/74/528854a7fbefd2/112009039760008-PAT00001.png
SE-534255-C2,Apparatus and method for performing a switching step of a vehicle ,Scania Cv Ab,"Magnus Granstroem, Fredrik Swartling, Mikael Hanson",2009-09-01,2009-09-01,2011-06-21,,https://patents.google.com/patent/SE534255C2/en,
CN-102189459-A,Autonomous Grinding and Polishing Robot for Weld Seams of Large Structural Parts ,吉林大学,"张雷, 赵继, 曲兴田, 冀世军, 王昕�, 邵奎伟",2011-04-17,2011-04-17,2011-09-21,,https://patents.google.com/patent/CN102189459A/en,https://patentimages.storage.googleapis.com/ca/b7/df/941e65f0035d1a/110417174007.png
SE-0950624-A1,Apparatus and method for performing a switching step of a vehicle ,Scania Cv Ab,"Magnus Granstroem, Fredrik Swartling, Mikael Hanson",2009-09-01,2009-09-01,2011-03-02,,https://patents.google.com/patent/SE0950624A1/en,
JP-2011200971-A,Autonomous moving device ,"Sony Corp, ソニー株式会社","Wataru Kokubo, 亘 小久保, Satoru Shimizu, 悟 清水, Masakuni Nagano, 雅邦 永野, Hirokazu Shirato, 寛和 白土, Yoshiaki Iwai, 嘉昭 岩井, Atsushi Miyamoto, 敦史 宮本, Yasunori Kawanami, 康範 川浪",2010-03-25,2010-03-25,2011-10-13,,https://patents.google.com/patent/JP2011200971A/en,https://patentimages.storage.googleapis.com/16/08/03/abd0629a4713b9/2011200971-3.png
CN-101905222-B,Automated dynamic cleaning device and method of tellurium-cadmium-mercury wafer solvent solution ,中国科学院上海技术物理研究所,"朱建妹, 王正官",2010-06-11,2010-06-11,2011-11-30,2011-11-30,https://patents.google.com/patent/CN101905222B/en,https://patentimages.storage.googleapis.com/a4/2b/f5/019a544d35502d/HSA00000151980600011.png
KR-101006698-B1,Firefighting device and method in pole tunnel using RFID ,(주) 신우하이텍,"이상인, 이병택, 김욱",2009-12-29,2009-12-29,2011-01-10,2011-01-10,https://patents.google.com/patent/KR101006698B1/en,https://patentimages.storage.googleapis.com/0c/34/17/576937e016b69e/112009081042200-pat00001.png
KR-101058723-B1,Automation System of Tire Crane ,광진정보기술(주),고영석,2010-09-27,2010-09-27,2011-08-22,2011-08-22,https://patents.google.com/patent/KR101058723B1/en,https://patentimages.storage.googleapis.com/ed/f8/78/1f27eeda18432a/112010061736772-pat00001.png
WO-2011148017-A1,Support structure for omni-directional vehicle with automatic control of the movement thereof. ,"Automatismos Y Sistemas De Transporte Interno, S.A.U.",Angel Maria PASCUAL SALDAÑA,2010-05-25,2011-05-19,2011-12-01,,https://patents.google.com/patent/WO2011148017A1/en,
ES-2366897-T3,RECOVERY OF POTENTIAL ENERGY FROM THE BOARD OF A ROLLING BLIND. ,"Bubendorff Société Anonyme, Commissariat à l'Energie Atomique (Etablissement Public)",Antoine Labrunie,2007-08-09,2008-08-05,2011-10-26,2011-10-26,https://patents.google.com/patent/ES2366897T3/en,
WO-2011089506-A1,An athletic training device ,Stellenbosch University,"Frank Janse Van Vuuren, Pieter Gabriel Greeff, Joseph Edward Ehlers, Ruan Van Der Merwe",2010-01-21,2011-01-20,2011-07-28,,https://patents.google.com/patent/WO2011089506A1/en,
WO-2011132899-A3,"Card reader for an automated teller machine, and control method for same ",노틸러스효성 주식회사,"강병찬, 이극형, 이동열",2010-04-20,2011-04-18,2011-12-22,,https://patents.google.com/patent/WO2011132899A3/en,
KR-20110092074-A,Transmission lever device of automatic manual transmission and its positioning method ,현대모비스 주식회사,이상원,2010-02-08,2010-02-08,2011-08-17,,https://patents.google.com/patent/KR20110092074A/en,https://patentimages.storage.googleapis.com/68/c5/0b/aee2f2da907b25/pat00001.png
BR-PI0905101-A2,"low cost conversion kit or conversion kit used to transform any automotive vehicle powered by fossil fuels and / or biomass (gasoline, diesel, natural gas, alcohol, biodiesel, flex, etc.) into pure electric vehicle, with zero emission of atmospheric pollutants, with regenerative brake, which provides high running time for the electric vehicle ","Wellington Saad Larciperetti, Nicolas Del Collado Larcipretti","Wellington Saad Larcipretti, Nicolas Del Collado Larcipretti",2009-10-30,2009-10-30,2011-06-21,,https://patents.google.com/patent/BRPI0905101A2/en,
CN-202000642-U,Automated wall scraping device ,朱建彬,朱建彬,2011-03-16,2011-03-16,2011-10-05,2011-10-05,https://patents.google.com/patent/CN202000642U/en,https://patentimages.storage.googleapis.com/ff/e9/7b/4344703031f26a/HSA00000451383900011.png
EP-2176491-B1,Recovery of potential energy from the apron of a roller blind ,"BUBENDORFF Société Anonyme, Commissariat à l'Energie Atomique (Etablissement Public)",Antoine Labrunie,2007-08-09,2008-08-05,2011-05-11,2011-05-11,https://patents.google.com/patent/EP2176491B1/en,
JP-2011152908-A,Device and method for controlling travel ,"Equos Research Co Ltd, 株式会社エクォス・リサーチ","Kazuhiro Kuno, 和宏 久野",2010-01-28,2010-01-28,2011-08-11,,https://patents.google.com/patent/JP2011152908A/en,https://patentimages.storage.googleapis.com/3b/86/4f/7fe6abaf06908c/2011152908-3.png
KR-101080977-B1,Pipe route detecting System ,"영진전문대학 산학협력단, 주식회사 구마이엔씨","임창길, 이승수",2009-05-22,2009-05-22,2011-11-09,2011-11-09,https://patents.google.com/patent/KR101080977B1/en,https://patentimages.storage.googleapis.com/f5/00/6c/2b4813f7b3178f/112009030970989-pat00001.png
KR-101080976-B1,self-propelled car for detecting pipe route ,"영진전문대학 산학협력단, 주식회사 구마이엔씨","임창길, 이승수",2009-05-22,2009-05-22,2011-11-09,2011-11-09,https://patents.google.com/patent/KR101080976B1/en,https://patentimages.storage.googleapis.com/c5/bc/84/509e229dccc67c/112009030971890-pat00001.png
JP-2011093370-A,Vehicle and control method therefor ,"Toyota Motor Corp, トヨタ自動車株式会社","Yoshiyuki Senba, 快之 仙波, Naoki Motoi, 直樹 元井, Yoichi Sugiura, 陽一 杉浦",2009-10-28,2009-10-28,2011-05-12,,https://patents.google.com/patent/JP2011093370A/en,https://patentimages.storage.googleapis.com/f3/7b/7e/f4502796ef6601/2011093370-3.png
US-7881835-B2,"Method and system for controlling start-up of a motor vehicle by dialogue of the engine controlling computer with the piloted mechanical gearbox, during restart of the vehicle in stop and start mode ",Peugeot Citroen Automobiles Sa,Jean-Christophe Denis,2005-04-06,2006-03-31,2011-02-01,2011-02-01,https://patents.google.com/patent/US7881835B2/en,https://patentimages.storage.googleapis.com/41/b0/ab/541f774833a0fb/US07881835-20110201-D00000.png
CN-101973695-A,Automatic air inflation mechanism in laminated segmented plate of hollow glass production line ,济南德佳玻璃机器有限公司,王相伟,2010-11-03,2010-11-03,2011-02-16,,https://patents.google.com/patent/CN101973695A/en,https://patentimages.storage.googleapis.com/3d/06/3a/8f2407fa6b0146/101102163727.png
US-2011172870-A1,Robotic platform for collecting data to emulate material handling vehicle mast angles ,Fudala David G,David G. Fudala,2007-04-23,2008-06-18,2011-07-14,,https://patents.google.com/patent/US20110172870A1/en,https://patentimages.storage.googleapis.com/bc/01/d2/6121f72fa6ee32/US20110172870A1-20110714-D00000.png
KR-101031104-B1,Drain board manufacturing apparatus and manufacturing method for civil construction ,김용래,김용래,2008-06-10,2008-06-10,2011-04-25,2011-04-25,https://patents.google.com/patent/KR101031104B1/en,https://patentimages.storage.googleapis.com/ec/b0/81/ed728b2b0c3137/112008041384653-pat00001.png
WO-2011048921-A1,Long-sheet transporting unit ,株式会社フジシールインターナショナル,"利之 牛建, 孝之 石井, 康裕 小林",2009-10-21,2010-09-30,2011-04-28,,https://patents.google.com/patent/WO2011048921A1/en,https://patentimages.storage.googleapis.com/1c/a8/9f/3ba11f3af8591e/JPOXMLDOC01-appb-D000001.png
EP-2385265-A1,Clutch device between a shaft and a pulley and motor bloc suitable for a car with this clutch device ,Peugeot Citroën Automobiles SA,"Michaël Wascheul, Marc Giannoni, Armel Le Lièvre, Julien Berger",2010-05-03,2011-05-03,2011-11-09,,https://patents.google.com/patent/EP2385265A1/en,https://patentimages.storage.googleapis.com/1a/29/c5/b9a7f6207b3c60/imgf0001.png
DE-502008002093-D1,METHOD FOR CONTROLLING AN AUTOMATED STAGE SWITCHING GEAR ,Zahnradfabrik Friedrichshafen,"Werner Wolfgang, Maik Wuerthner, Ingo Sauter",2007-06-16,2008-05-27,2011-02-03,,https://patents.google.com/patent/DE502008002093D1/en,
AT-E492756-T1,METHOD FOR CONTROLLING AN AUTOMATED STEP-SHIFT TRANSMISSION ,Zahnradfabrik Friedrichshafen,"Werner Wolfgang, Maik Wuerthner, Ingo Sauter",2007-06-16,2008-05-27,2011-01-15,2011-01-15,https://patents.google.com/patent/ATE492756T1/en,
CN-101953736-A,Wheelchair positioning platform mounted on a special vehicle ,胡达广,胡达广,2010-08-29,2010-08-29,2011-01-26,,https://patents.google.com/patent/CN101953736A/en,https://patentimages.storage.googleapis.com/d4/0a/d5/f945e6046b1d5e/HSA00000266243300011.png
US-2011107862-A1,Gear shift unit for automated manual transmission ,Hyundai Motor Company,Wooyeol Jeong,2009-11-12,2010-06-29,2011-05-12,,https://patents.google.com/patent/US20110107862A1/en,https://patentimages.storage.googleapis.com/40/6a/48/b0c26bda15b5fe/US20110107862A1-20110512-D00000.png
KR-20110107640-A,High yield centrifugal juice extractor ,주식회사 퓨어니스,이인선,2010-03-25,2010-03-25,2011-10-04,,https://patents.google.com/patent/KR20110107640A/en,https://patentimages.storage.googleapis.com/f5/c8/c0/0e39a498d1baa0/pat00001.png
US-7909173-B2,Combined centrifugal separator ,Boris Elyevich Zhornitskiy,Boris Elyevich Zhornitskiy,2007-10-30,2007-10-30,2011-03-22,2011-03-22,https://patents.google.com/patent/US7909173B2/en,https://patentimages.storage.googleapis.com/0b/7b/e0/6b7977b73fad39/US07909173-20110322-D00000.png
DE-102010005045-A1,"Driving gear selecting method for internal combustion engine of commercial motor vehicle, involves determining shifting processes required for driving through distance section based on prediction of vehicle operating condition variable ","MAN Truck & Bus AG, 80995","Martin 81243 Huber, Peter 80997 Drimml",2010-01-20,2010-01-20,2011-07-21,,https://patents.google.com/patent/DE102010005045A1/en,https://patentimages.storage.googleapis.com/68/3b/d9/fc732130a0c8a8/00190000.png
CN-202015800-U,High-precision automated steel bar bender with automatic material clamping device ,康百世朝田液压机电(中国)有限公司,"饶锦富, 邱水来",2010-12-23,2010-12-23,2011-10-26,2011-10-26,https://patents.google.com/patent/CN202015800U/en,https://patentimages.storage.googleapis.com/98/41/b2/c939a2ecd26d66/HSA00000401709700011.png
CN-201936006-U,Self-propelled synthetic aperture sonar platform ,中国船舶重工集团公司第七一○研究所,"刘忠辉, 杨海鹏, 罗云虎, 杨邦清, 雷敏",2010-12-16,2010-12-16,2011-08-17,2011-08-17,https://patents.google.com/patent/CN201936006U/en,https://patentimages.storage.googleapis.com/78/3a/20/15749f1778c79d/HSA00000394700700011.png
DE-102009059252-A1,Device for automated wet cleaning and drying of production or storage containers ,"Ramhorst, Bernd, 33729",Bernd Ramhorst,2009-12-22,2009-12-22,2011-06-30,,https://patents.google.com/patent/DE102009059252A1/en,https://patentimages.storage.googleapis.com/0b/16/99/5c1eaf86ee4159/00150000.png
DE-102009050056-A1,"Method for displaying information in vehicle, involves detecting parameter between standard mode and travel mode, where speed progression is detected in time interval, where speed progression is provided as another parameter ",Volkswagen Ag,Christoph Dr. Wäller,2009-10-21,2009-10-21,2011-05-05,,https://patents.google.com/patent/DE102009050056A1/en,https://patentimages.storage.googleapis.com/d8/75/c3/98e327fccfbe49/00180000.png
KR-20110038413-A,Press coupling device of sheave valve assembly device for cosmetic container ,(주)연우,기중현,2009-10-08,2009-10-08,2011-04-14,,https://patents.google.com/patent/KR20110038413A/en,https://patentimages.storage.googleapis.com/1c/c3/54/814ff182f1608b/112009061726263-PAT00001.png
KR-20110022458-A,Remote control power measurement and automatic control device and method of power equipment ,"한국전력공사, 주식회사 이피아테크","유재식, 유정수, 한승호, 이준호, 조중삼, 박진호, 조찬호, 한상윤",2009-08-27,2009-08-27,2011-03-07,,https://patents.google.com/patent/KR20110022458A/en,https://patentimages.storage.googleapis.com/d0/69/2d/7f413c69eb83e0/112009052771702-PAT00001.png
KR-101081464-B1,Remote power consumption measuring and automatic controlling apparatus and method of power consumption device ,"주식회사 이피아테크, 한국전력공사","유재식, 유정수, 한승호, 이준호, 조중삼, 박진호, 조찬호, 한상윤",2009-08-27,2009-08-27,2011-11-08,2011-11-08,https://patents.google.com/patent/KR101081464B1/en,https://patentimages.storage.googleapis.com/b0/91/b1/aacdbf4fc2b6bd/112009052771702-pat00001.png
RU-2422315-C1,System for locomotive movement control during shunting operations ,"Открытое Акционерное Общество ""Российские Железные Дороги""","Ефим Наумович Розенберг (RU), Ефим Наумович Розенберг, Алексей Михайлович Замышляев (RU), Алексей Михайлович Замышляев, Борис Моисеевич Гордон (RU), Борис Моисеевич Гордон, Игорь Наумович Розенберг (RU), Игорь Наумович Розенберг, Александр Григорьевич Савицкий (RU), Александр Григорьевич Савицкий, Виталий Михайлович Кайнов (RU), Виталий Михайлович Кайнов, Гурам Дмитриевич Казиев (RU), Гурам Дмитриевич Казиев, Сергей Борисович Кузин (RU), Сергей Борисович Кузин, Сергей Иванович Долганюк (RU), Сергей Иванович Долганюк, Владимир Ильич Уманский (RU), Владимир Ильич Уманский",2010-02-04,2010-02-04,2011-06-27,2011-06-27,https://patents.google.com/patent/RU2422315C1/en,
GB-2477786-A,Controlled remote deactivation of a power source ,Ac Global Systems Ltd,"Henry A Trujillo, Daniel N Ashman",2010-02-15,2010-02-15,2011-08-17,,https://patents.google.com/patent/GB2477786A/en,
AT-E516187-T1,METHOD FOR CONTROLLING AND/OR REGULATING A STARTING OR MANUFACTURING PROCESS IN AN AUTOMATED TRANSMISSION ,Zahnradfabrik Friedrichshafen,"Rainer Petzold, Mario Steinborn",2007-06-16,2008-05-27,2011-07-15,2011-07-15,https://patents.google.com/patent/ATE516187T1/en,
PL-2052994-T3,Storage and retrieval machine with on-board boom lift with conveyor for an automated storage warehouse ,Savoye,"Pascal Dury, Pierre Kress, Fabrice Valentin",2007-10-24,2008-10-17,2011-10-31,,https://patents.google.com/patent/PL2052994T3/en,
CN-101995212-A,High-precision laser wheel detection system ,戴晓枫,戴晓枫,2009-08-26,2009-08-26,2011-03-30,,https://patents.google.com/patent/CN101995212A/en,https://patentimages.storage.googleapis.com/30/5f/94/49e054b63dcf88/H2009100134043E0000011.png
BR-PI0903996-A2,automated toothpaste dispensing process and device ,Gilberto Alves Correa,Gilberto Alves Correa,2009-10-06,2009-10-06,2011-06-07,,https://patents.google.com/patent/BRPI0903996A2/en,
JP-2011009928-A,Folding roof mount antenna for vehicle ,"Harada Ind Co Ltd, 原田工業株式会社","Hidekazu Kobayashi, 秀和 小林",2009-06-24,2009-06-24,2011-01-13,,https://patents.google.com/patent/JP2011009928A/en,
KR-20110010986-A,Foreign body removal device ,주식회사 포스코,"강순재, 이명국, 안태근",2009-07-27,2009-07-27,2011-02-08,,https://patents.google.com/patent/KR20110010986A/en,https://patentimages.storage.googleapis.com/85/76/95/71e1bf9130c193/112009045837628-PAT00001.png
KR-20110014308-A,Automatic transmission shift control ,서울대학교산학협력단,이경수,2009-08-05,2009-08-05,2011-02-11,,https://patents.google.com/patent/KR20110014308A/en,https://patentimages.storage.googleapis.com/d1/56/b5/eb5d7617f08fa0/112009047830566-PAT00001.png
DE-102009028510-A1,Method for controlling an automated gearbox ,Zf Friedrichshafen Ag,"Andreas Neuer, Wilhelm Moser",2009-08-13,2009-08-13,2011-02-17,,https://patents.google.com/patent/DE102009028510A1/en,https://patentimages.storage.googleapis.com/f9/76/16/50958b860f189c/00080000.png
RU-2010107550-A,COMPLEX OF UNIFIED MEANS OF MILITARY REPAIR ,"Открытое акционерное общество ""Головной центр сервисного обслуживания и ремонта Концерна ПВО ""Алмаз-Антей"" ""Гранит"" (RU), Открытое акционерное общество ""Головной центр сервисного обслуживания и ремонта Концерна ПВО ""Алмаз-Антей"" ""Гранит""","Алексей Федорович Страхов (RU), Алексей Федорович Страхов, Александр Владимирович Прокопченко (RU), Александр Владимирович Прокопченко, Марина Геннадьевна Плющёва (RU), Марина Геннадьевна Плющёва, Станислав Александрович Ломаченко (RU), Станислав Александрович Ломаченко, Вадим Леонидович Криволапов (RU), Вадим Леонидович Криволапов, Михаил Вячеславович Комаров (RU), Михаил Вячеславович Комаров",2010-03-02,2010-03-02,2011-09-10,,https://patents.google.com/patent/RU2010107550A/en,
JP-2011127557-A,Actuator ,"Toki Corporation Kk, トキコーポレーション株式会社","Masaru Honma, 大 本間",2009-12-21,2009-12-21,2011-06-30,,https://patents.google.com/patent/JP2011127557A/en,https://patentimages.storage.googleapis.com/d6/56/86/3c35861bace8d6/2011127557-3.png
DE-102010009731-A1,Battery for a car ,Audi Ag,Norbert Enning,2010-03-01,2010-03-01,2011-09-01,,https://patents.google.com/patent/DE102010009731A1/en,https://patentimages.storage.googleapis.com/aa/6d/c1/d10c9f24383de6/00090000.png
DE-102010028219-A1,"Cooking apparatus i.e. heat drawer, has driving device including drive unit with drive connections for hot air blower unit and cooling unit, where shiftable gear unit adjusts power characteristic of blower unit and/or cooling unit ",BSH Bosch und Siemens Hausgeräte GmbH,"Aric Jennings, Frank Wittrock",2010-04-27,2010-04-27,2011-10-27,,https://patents.google.com/patent/DE102010028219A1/en,https://patentimages.storage.googleapis.com/be/61/2b/225cee007d7d27/00100000.png
KR-20110136930-A,Goods automatic transport system ,(주) 퓨처로봇,"송세경, 이광형",2010-06-16,2010-06-16,2011-12-22,,https://patents.google.com/patent/KR20110136930A/en,https://patentimages.storage.googleapis.com/b2/b0/af/e3250a9698960d/pat00001.png
CA-2722369-A1,System and method for land application of waste fluids ,"Summit Liability Solutions, Inc., Russel L. Orcutt, Jason Pecht","Russel L. Orcutt, Jason Pecht",2010-04-30,2010-12-01,2011-02-08,,https://patents.google.com/patent/CA2722369A1/en,
WO-2011018290-A1,Method for actuating an automated transmission ,Zf Friedrichshafen Ag,"Wilhelm Moser, Andreas Neuer",2009-08-13,2010-07-14,2011-02-17,,https://patents.google.com/patent/WO2011018290A1/en,
IT-DP20100015-A1,DOSAFACILE ,"Commerciale Sicula Srl, Armando Vinciprova",Armando Vinciprova,2010-12-13,2010-12-13,2011-03-14,,https://patents.google.com/patent/ITDP20100015A1/en,
ES-1074103-U,"Robotic tractor powered by solar energy (Machine-translation by Google Translate, not legally binding) ",Damian Bover Trobat,Damian Bover Trobat,2010-12-14,2010-12-14,2011-03-22,,https://patents.google.com/patent/ES1074103U/en,
CN-102207486-A,"Apparatus for measuring contents of magnetic iron, nickel and cobalt in metal material and specific saturation magnetism of metal material ",杨贤友,杨贤友,2011-03-25,2011-03-25,2011-10-05,,https://patents.google.com/patent/CN102207486A/en,https://patentimages.storage.googleapis.com/94/a6/c0/c683553b43073d/110324171735.png
RU-108172-U8,MULTI-MODAL MOBILE INFORMATION SERVICE AUTOMATIC ,Учреждение Российской академии наук Санкт-Петербургский институт информатики и автоматизации РАН,"Андрей Леонидович Ронжин, Мария Викторовна Прищепа, Виктор Юрьевич Будков, Алексей Анатольевич Карпов",2011-03-30,2011-03-30,2011-12-10,2011-12-10,https://patents.google.com/patent/RU108172U8/en,
CN-102029889-A,"Hybrid power transmission mechanism for driving clutch to be separated and combined, and gear shifting method ",镇江海普电子科技有限责任公司,"何仁, 姜博, 江蕴梅",2010-12-13,2010-12-13,2011-04-27,,https://patents.google.com/patent/CN102029889A/en,https://patentimages.storage.googleapis.com/16/22/22/4d346393c085d2/101213084205.png
CN-102189473-A,Plane polishing device for steel heald ,无锡众磊氨基模塑成套设备厂,朱万荣,2010-12-13,2010-12-13,2011-09-21,,https://patents.google.com/patent/CN102189473A/en,https://patentimages.storage.googleapis.com/99/7e/84/184b9eb5bd8646/101213095416.png
WO-2011138416-A3,Communication bus for multi-part track based vehicle ,Siemens Aktiengesellschaft,Wolfgang Grimm,2010-05-06,2011-05-05,2011-12-29,,https://patents.google.com/patent/WO2011138416A3/en,
CN-102295145-A,Linear servo conveying system ,济南奥图自动化工程有限公司,"苗金钟, 王丛, 管西晓",2011-06-02,2011-06-02,2011-12-28,,https://patents.google.com/patent/CN102295145A/en,https://patentimages.storage.googleapis.com/f9/1c/70/e3f067362bae52/110602095612.png
WO-2011101302-A1,Passenger car sunshade device ,Karl Wieser,Karl Wieser,2010-02-22,2011-02-14,2011-08-25,,https://patents.google.com/patent/WO2011101302A1/en,
WO-2011107250-A2,Battery for a car ,Audi Ag,Norbert Enning,2010-03-01,2011-03-01,2011-09-09,,https://patents.google.com/patent/WO2011107250A2/en,
GB-2479433-A,Method for the selective display of a vehicle camera and vehicle ,Gm Global Tech Operations Inc,Holger Wolf,2010-03-16,2011-03-16,2011-10-12,,https://patents.google.com/patent/GB2479433A/en,
WO-2011138416-A2,Track based vehicle ,Siemens Aktiengesellschaft,Wolfgang Grimm,2010-05-06,2011-05-05,2011-11-10,,https://patents.google.com/patent/WO2011138416A2/en,
CA-2747371-A1,Forward or reverse ratchet single or dual pedals/levers transmission drive bicycle or wheelchair ,Kenneth G. Hilliam,Kenneth G. Hilliam,2011-07-13,2011-07-13,2011-10-04,,https://patents.google.com/patent/CA2747371A1/en,
RU-111607-U1,AUTONOMOUS MOBILE DEVICE FOR PIPELINE INSPECTION ,"Общество с ограниченной ответственностью ""ЗД-Технологии.РУ""","Александр Валерьевич Самойлов, Валерий Анатольевич Смирнов, Андрей Владимирович Кулай, Максим Владимирович Алексеев",2011-06-15,2011-06-15,2011-12-20,2011-12-20,https://patents.google.com/patent/RU111607U1/en,
JP-3171896-U,Hybrid power generation system ,"完 森田, 完 森田","完 森田, 完 森田",2011-07-29,2011-07-29,2011-11-24,2011-11-24,https://patents.google.com/patent/JP3171896U/en,https://patentimages.storage.googleapis.com/5f/8a/8c/a50626886daa5c/0003171896-3.png
AU-2011100975-A4,Equipment Lifter ,"Bevilacqua, Claudio Mr, Liersch, David Mr","Claudio Bevilacqua, David Liersch",2011-08-05,2011-08-05,2011-09-29,2011-09-29,https://patents.google.com/patent/AU2011100975A4/en,
US-2011185940-A1,Automated Railcar Gate Operating System ,"Calbrandt, Inc.",Calvin J. Brandt,2010-01-29,2010-01-29,2011-08-04,,https://patents.google.com/patent/US20110185940A1/en,https://patentimages.storage.googleapis.com/6a/84/a3/9b280fc9fa4754/US20110185940A1-20110804-D00000.png
US-2011048257-A1,System and method for self-administering automated hand-markings ,Museum Of Science,"Jonathan Burke, Heather Calvin, Aileen Duffy, Michael Horvath, Kevin Mceleney",2009-07-02,2010-07-01,2011-03-03,,https://patents.google.com/patent/US20110048257A1/en,https://patentimages.storage.googleapis.com/99/4e/be/5ea4ad1187c8f4/US20110048257A1-20110303-D00000.png
EP-2366900-A2,Energy generating wheel ,Emilio Argentino,Emilio Argentino,2010-02-02,2011-01-12,2011-09-21,,https://patents.google.com/patent/EP2366900A2/en,https://patentimages.storage.googleapis.com/9c/ce/77/c455fac94e341d/imgf0001.png
BR-PI0709722-A2,process and device for controlling a fluid activated control system ,Zahnradfabrik Friedrichshafen,"Robert Ingenbleek, Markus Ulbricht, Armin Brentel, Mario Steinborn",2006-04-07,2007-04-02,2011-07-26,,https://patents.google.com/patent/BRPI0709722A2/en,
DE-102011103461-A1,Method for detecting the presence of a driver in a motor vehicle ,Schaeffler Technologies Gmbh & Co. Kg,Mario Jung,2010-06-28,2011-06-03,2011-12-29,,https://patents.google.com/patent/DE102011103461A1/en,
CN-101308207-B,Calculation method of GPS directional distance measurement and directional distance measurement module using the method ,浙江正原电气股份有限公司,"梁奋强, 柯美鑫, 杨夏格, 张远, 滕栖龙",2008-02-04,2008-02-04,2011-01-19,2011-01-19,https://patents.google.com/patent/CN101308207B/en,https://patentimages.storage.googleapis.com/c9/f5/31/e4b33dc2894b40/S2008100598147E00011.png
AT-E512852-T1,METHOD FOR CONTROLLING AND/OR REGULATING A HYBRID DRIVE ARRANGEMENT ,Zahnradfabrik Friedrichshafen,"Johannes Kaltenbach, Stefan Wallner",2007-09-01,2008-08-08,2011-07-15,2011-07-15,https://patents.google.com/patent/ATE512852T1/en,
ES-2364795-T3,CONVEYOR WITH INTEGRATED CONVEYOR NOZZLE FOR STOCKS AUTOMATED STOCKS. ,Savoye,"Pascal Dury, Pierre Kress, Fabrice Valentin",2007-10-24,2008-10-17,2011-09-14,2011-09-14,https://patents.google.com/patent/ES2364795T3/en,
EP-2167355-B1,Method for controlling and/or regulating a starting or maneuvering process in an automatic transmission ,ZF Friedrichshafen AG,"Rainer Petzold, Mario Steinborn",2007-06-16,2008-05-27,2011-07-13,2011-07-13,https://patents.google.com/patent/EP2167355B1/en,https://patentimages.storage.googleapis.com/c1/ff/23/98088b1a5f5616/imgf0001.png
EP-2052994-B1,Storage and retrieval machine with on-board boom lift with conveyor for an automated storage warehouse ,Savoye,"Pascal Dury, Pierre Kress, Fabrice Valentin",2007-10-24,2008-10-17,2011-04-13,2011-04-13,https://patents.google.com/patent/EP2052994B1/en,https://patentimages.storage.googleapis.com/d3/7f/e4/fe3ad499caac4c/imgf0001.png
CN-101586286-B,Computer cycloidal jacquard knitter ,李相国,李相国,2009-06-25,2009-06-25,2011-01-12,2011-01-12,https://patents.google.com/patent/CN101586286B/en,https://patentimages.storage.googleapis.com/13/cb/6f/9a00b8c9fdd900/H2009101508994E00011.png
KR-101077322-B1,Cash transaction machine ,노틸러스효성 주식회사,"이원준, 이동식",2008-12-31,2008-12-31,2011-10-26,2011-10-26,https://patents.google.com/patent/KR101077322B1/en,https://patentimages.storage.googleapis.com/b1/92/5a/75e2050ec5b411/112008091002037-pat00001.png
EP-2136106-A3,Method for controlling an automatic transmission and transmission control device ,ZF Friedrichshafen AG,Andelko Vesenjak,2008-06-16,2009-05-08,2011-12-14,,https://patents.google.com/patent/EP2136106A3/en,
KR-101062454-B1,Polarizer Attachment Device ,엘아이지에이디피 주식회사,"조현우, 김용민, 강석제, 전진철, 강재환",2009-01-29,2009-01-29,2011-09-05,2011-09-05,https://patents.google.com/patent/KR101062454B1/en,https://patentimages.storage.googleapis.com/5e/5b/a5/35279adc6c7763/112009005847041-pat00001.png
DE-102009010761-A1,"Method for prevention of unintended brake interruption in motor car, involves replacing critical pedal gradient by raised critical pedal gradient during time period after introduction of brake applying process ","ADC Automotive Distance Control Systems GmbH, 88131, Bayerische Motoren Werke Aktiengesellschaft, 80809","Martin 64291 Kallnik, Michael 63225 Klug, Thorsten 63768 Staab, Matthias Dr. 64291 Kopf, Christoph 63768 Sturm",2009-02-27,2009-02-27,2011-08-04,,https://patents.google.com/patent/DE102009010761A1/en,https://patentimages.storage.googleapis.com/c5/f1/53/eb95b477f5c913/00110000.png
KR-101080978-B1,System and method for processing pipe ditecting data ,"영진전문대학 산학협력단, 주식회사 구마이엔씨","임창길, 이승수",2009-05-22,2009-05-22,2011-11-09,2011-11-09,https://patents.google.com/patent/KR101080978B1/en,https://patentimages.storage.googleapis.com/99/74/71/4519a0b376951f/112009030971025-pat00001.png
CN-102033544-A,Posture synchronization-based remote control method ,宗鹏,宗鹏,2009-09-24,2009-09-24,2011-04-27,,https://patents.google.com/patent/CN102033544A/en,https://patentimages.storage.googleapis.com/59/4d/01/dd9cfba681ebc4/H2009101766178E0000011.png
RU-2411532-C1,Device for determining distance between aircraft ,"Виктор Иванович Дикарев, Виталий Владимирович Журкович, Валентина Георгиевна Сергеева, Леонид Всеволодович Рыбкин, Севда Исмаил кызы Гянджаева, Виктор Анатольевич Михайлов","Виктор Иванович Дикарев (RU), Виктор Иванович Дикарев, Виталий Владимирович Журкович (RU), Виталий Владимирович Журкович, Валентина Георгиевна Сергеева (RU), Валентина Георгиевна Сергеева, Леонид Всеволодович Рыбкин (RU), Леонид Всеволодович Рыбкин, Севда Исмаил кызы Гянджаева (RU), Севда Исмаил кызы Гянджаева, Виктор Анатольевич Михайлов (RU), Виктор Анатольевич Михайлов",2009-09-16,2009-09-16,2011-02-10,2011-02-10,https://patents.google.com/patent/RU2411532C1/en,https://patentimages.storage.googleapis.com/03/5e/89/77c9ac0498acd0/00000020.png
CN-201703854-U,Flexible turning device for standard box body ,贵阳普天物流技术股份有限公司,"张正明, 陈思顺",2010-03-18,2010-03-18,2011-01-12,2011-01-12,https://patents.google.com/patent/CN201703854U/en,https://patentimages.storage.googleapis.com/57/51/26/8a96b982d543c8/100318160016.png
DE-102009031629-A1,Method for controlling an automated dual-clutch transmission ,Dr. Ing. H.C. F. Porsche Aktiengesellschaft,"Peter Baur, Jan-Peter Hoffmeister, Jochen Möckl",2009-07-03,2009-07-03,2011-01-05,,https://patents.google.com/patent/DE102009031629A1/en,https://patentimages.storage.googleapis.com/a4/42/c0/9bc87f92796724/00120000.png
KR-20110005137-A,RFID tag device for guiding the movement of autonomous mobile robot ,(주) 한호기술,"김경근, 황기태",2009-07-09,2009-07-09,2011-01-17,,https://patents.google.com/patent/KR20110005137A/en,https://patentimages.storage.googleapis.com/56/d4/5c/ee31658fb26247/112009041917117-PAT00001.png
ES-2343832-B1,AUXILIARY CART FOR PRODUCTION LINES. ,Seat S.A.,"Ricardo Valle Dominguez, Cristian Denian Rubio Moreno, Pedro Martinez Garcia, Anabel Rofin Gimeno, Manuel Maside Maside, Gustavo Garcia Blanco",2010-04-05,2010-04-05,2011-06-28,2011-06-28,https://patents.google.com/patent/ES2343832B1/en,
KR-20110008119-A,Automation system for ship block reinforcement welding ,정길수,정길수,2009-07-18,2009-07-18,2011-01-26,,https://patents.google.com/patent/KR20110008119A/en,https://patentimages.storage.googleapis.com/79/03/cb/d7283b7aa89331/112009043785897-PAT00001.png
CN-201707808-U,Electric drive training device ,深圳职业技术学院,"何跃军, 刘先明, 陈伟",2010-05-10,2010-05-10,2011-01-12,2011-01-12,https://patents.google.com/patent/CN201707808U/en,https://patentimages.storage.googleapis.com/97/ef/58/f80279e0fd5916/HSA00000116284700011.png
KR-20110017493-A,Internal imaging of high-pressure water pipe ,"한라산업개발 주식회사, 탑전자산업 주식회사","고영균, 최동철, 임진영, 이상수, 이성재, 황기섭",2009-08-14,2009-08-14,2011-02-22,,https://patents.google.com/patent/KR20110017493A/en,https://patentimages.storage.googleapis.com/43/b4/9e/3148f78997f1e8/112009049623962-PAT00001.png
KR-101039368-B1,System and method for information transmitting ,한국과학기술원,"조동호, 김진규, 이순종, 최유준",2009-12-11,2009-12-11,2011-06-08,2011-06-08,https://patents.google.com/patent/KR101039368B1/en,https://patentimages.storage.googleapis.com/1a/21/0a/1dbf1768ae5f7d/112009076682091-pat00001.png
KR-20110034835-A,Automated manual transmission and its control method ,현대 파워텍 주식회사,"김철진, 이병민, 서각하, 구본민",2009-09-29,2009-09-29,2011-04-06,,https://patents.google.com/patent/KR20110034835A/en,https://patentimages.storage.googleapis.com/bc/fd/70/b17478ec9031bf/112009059815258-PAT00001.png
RU-101339-U1,MOBILE INFORMATION LIBRARY SERVICE COMPLEX (CIBO) ,"Некоммерческий фонд поддержки книгоиздания, образования и новых информационных технологий ""Пушкинская библиотека""","Мария Александровна Веденяпина, Сергей Александрович Сидзиневский",2010-03-05,2010-03-05,2011-01-20,2011-01-20,https://patents.google.com/patent/RU101339U1/en,
FR-2956174-A1,DEVICE FOR COUPLING BETWEEN A SHAFT AND A PULLEY AND MOTOR BLOCK THAT CAN EQUIP A MOTOR VEHICLE AND COMPRISING THE COUPLING DEVICE ,Peugeot Citroen Automobiles Sa,"Michael Wascheul, Marc Giannoni, Lievre Armel Le, Julien Berger",2010-02-09,2010-02-09,2011-08-12,,https://patents.google.com/patent/FR2956174A1/en,
CN-201728437-U,Fully automatic end tooth broaching fixture of heavy-duty car transmission shaft end face tooth flange yoke ,重庆重汽远东传动轴有限责任公司,"胡全明, 潘峰, 刘益凡, 湛于, 曹卫东",2010-04-30,2010-04-30,2011-02-02,2011-02-02,https://patents.google.com/patent/CN201728437U/en,https://patentimages.storage.googleapis.com/00/1e/b5/89ed8012ee7348/HSA00000107746200011.png
KR-20110055783-A,Automated window and door systems ,주식회사 이건창호,황성현,2009-11-20,2009-11-20,2011-05-26,,https://patents.google.com/patent/KR20110055783A/en,https://patentimages.storage.googleapis.com/38/2d/8b/a8f683a31759ad/112009071243099-PAT00001.png
CN-201704085-U,Cryolite rotary steel belt cooling machine ,南京三普造粒装备有限公司,"李锦山, 陈刚",2010-06-02,2010-06-02,2011-01-12,2011-01-12,https://patents.google.com/patent/CN201704085U/en,https://patentimages.storage.googleapis.com/2e/86/c3/493a386500901b/HSA00000153644100011.png
CN-102114870-A,Application of arc steel plates in production of internal and external plates of engine cover of motor vehicle ,哈飞汽车股份有限公司,"常喜, 冯浩, 唐向东",2009-12-31,2009-12-31,2011-07-06,,https://patents.google.com/patent/CN102114870A/en,https://patentimages.storage.googleapis.com/6a/f8/3b/2d249fce86510e/H2009102174736E00011.png
CN-201932660-U,Air transport vehicle for greenhouse potted flower trays ,天津滨海国际花卉科技园区股份有限公司,田秋丰,2010-12-27,2010-12-27,2011-08-17,2011-08-17,https://patents.google.com/patent/CN201932660U/en,https://patentimages.storage.googleapis.com/fb/85/77/0d4e964afad527/HDA0000040802240000012.png
CN-201921486-U,Acousto-optic device by baby ,孟奇志,孟奇志,2010-12-31,2010-12-31,2011-08-10,2011-08-10,https://patents.google.com/patent/CN201921486U/en,https://patentimages.storage.googleapis.com/62/93/ad/005c30628b041f/HDA0000042315640000012.png
RU-101677-U1,MOBILE FUEL FILLING ITEM ,"Общество с ограниченной ответственностью ""Энергодар АЭС""","Владимир Семенович Абрамкин, Андрей Васильевич Галкин, Александр Рубенович Минасян, Алексей Петрович Рочев",2010-07-29,2010-07-29,2011-01-27,2011-01-27,https://patents.google.com/patent/RU101677U1/en,
JP-2011145743-A,Autonomous mobile robot system ,"Ihi Aerospace Co Ltd, 株式会社Ｉｈｉエアロスペース, Ihi Corp, 株式会社Ｉｈｉ","Takao Kunihiro, 孝生 國弘, Hiroki Murakami, 弘記 村上, Hajime Sakano, 肇 坂野",2010-01-12,2010-01-12,2011-07-28,,https://patents.google.com/patent/JP2011145743A/en,https://patentimages.storage.googleapis.com/1f/1a/6b/131d8f59cc191d/2011145743-3.png
EP-2387676-A1,Motor vehicle with transmission ,Scania CV AB (PUBL),Elvedin Ramic,2009-01-14,2010-01-14,2011-11-23,,https://patents.google.com/patent/EP2387676A1/en,
CN-201922184-U,Novel mistake prevention device for differential component of vehicle body ,奇瑞汽车股份有限公司,"蔡交华, 王进文, 马振文",2011-01-14,2011-01-14,2011-08-10,2011-08-10,https://patents.google.com/patent/CN201922184U/en,https://patentimages.storage.googleapis.com/1e/79/cc/c3fd4f3b69bdcd/HDA0000043788770000011.png
CN-201757450-U,Oil screen fixing device of range hood ,樱花卫厨（中国）股份有限公司,廖金柱,2010-08-19,2010-08-19,2011-03-09,2011-03-09,https://patents.google.com/patent/CN201757450U/en,https://patentimages.storage.googleapis.com/30/ec/30/f9f2e3d38ae3ad/HSA00000236439800011.png
JP-2011163765-A,Current position specifying device and program ,"Denso Corp, 株式会社デンソー","Kensuke Yokoi, 健介 横井",2010-02-04,2010-02-04,2011-08-25,,https://patents.google.com/patent/JP2011163765A/en,https://patentimages.storage.googleapis.com/de/46/af/81eaeac873bec4/2011163765-3.png
CN-201802436-U,Multi-parameter detector for mine ventilation ,陕西斯达煤矿安全装备有限公司,文新国,2010-09-21,2010-09-21,2011-04-20,2011-04-20,https://patents.google.com/patent/CN201802436U/en,https://patentimages.storage.googleapis.com/33/6d/33/4bf086f2c43ad4/HSA00000281490000011.png
TW-201141727-A,Refrigeration vehicle compartment with automatic cleaning and disinfecting system ,Nat Univ Chin Yi Technology,"wen-da Zheng, Jin-Xiong Lin, Wei-Xiu Chen, Yi-Chen Guo, Chun-Ren Wu",2010-05-28,2010-05-28,2011-12-01,,https://patents.google.com/patent/TW201141727A/en,
DE-102010022912-A1,"Method for actuating hybrid drive train of passenger car, involves delivering torque by electrical machine arrangement, and controlling torque such that realized drive characteristics correspond to drive characteristics of drive unit ","Gertrag Ford Transmissions Gmbh, Getrag Getriebe- Und Zahnradfabrik Hermann Hagenmeyer Gmbh & Cie Kg","Uli Christian Blessing, Alexander Strube",2010-05-31,2010-05-31,2011-12-01,,https://patents.google.com/patent/DE102010022912A1/en,
DE-102010010352-A1,Controlled buoyancy behavior of elements located in drinking containers ,"Siegfried Brandstetter, Franz Höllinger",Anmelder Gleich,2010-03-05,2010-03-05,2011-09-29,,https://patents.google.com/patent/DE102010010352A1/en,https://patentimages.storage.googleapis.com/d6/3d/17/55362f30047c60/00120000.png
CN-202036935-U,Emulsifying device ,廖京,廖京,2011-03-29,2011-03-29,2011-11-16,2011-11-16,https://patents.google.com/patent/CN202036935U/en,
CA-2555636-C,Method and apparatus for removing carts from a trailer ,"Waltco Truck Equipment Company, Charles Ellsworth Wilson",Charles Ellsworth Wilson,2005-08-08,2006-08-07,2011-02-08,2011-02-08,https://patents.google.com/patent/CA2555636C/en,
CN-201857222-U,Hoisting device for locomotive ,北京二七轨道交通装备有限责任公司,"梁妮娜, 董来福, 王克林",2010-11-15,2010-11-15,2011-06-08,2011-06-08,https://patents.google.com/patent/CN201857222U/en,https://patentimages.storage.googleapis.com/c5/ae/c9/0f6b92d51c5ddb/HSA00000347681500011.png
JP-2011212092-A,Mobile robot and method of controlling the same ,"Toyota Motor Corp, トヨタ自動車株式会社","Naoki Motoi, 直樹 元井",2010-03-31,2010-03-31,2011-10-27,,https://patents.google.com/patent/JP2011212092A/en,https://patentimages.storage.googleapis.com/36/c8/dd/58f917f19d692b/2011212092-10.png
DE-102010028075-A1,transmission brake ,Zf Friedrichshafen Ag,"Andreas Acker, Frank Miehle",2010-04-22,2010-04-22,2011-10-27,,https://patents.google.com/patent/DE102010028075A1/en,https://patentimages.storage.googleapis.com/ed/de/91/5d081b3a61bf04/00100000.png
JP-2011234327-A,Communication apparatus and communication method ,"Univ Of Electro-Communications, 国立大学法人電気通信大学","Hisaaki Tanaka, 久陽 田中, Kenta Shinohara, 健太 篠原",2010-04-30,2010-04-30,2011-11-17,,https://patents.google.com/patent/JP2011234327A/en,https://patentimages.storage.googleapis.com/bb/68/30/2176f1cdd71163/2011234327-6.png
KR-200453575-Y1,Stand type auto bolt fastener ,안재은,안재은,2011-01-11,2011-01-11,2011-05-17,2011-05-17,https://patents.google.com/patent/KR200453575Y1/en,https://patentimages.storage.googleapis.com/29/68/cb/7ea90adee1417f/112011002094607-utm00001.png
DE-102010028670-A1,Method for carrying out a switching process in automated transmissions ,Zf Friedrichshafen Ag,"Florian Schneider, Mario Steinborn",2010-05-06,2010-05-06,2011-11-10,,https://patents.google.com/patent/DE102010028670A1/en,https://patentimages.storage.googleapis.com/98/ca/07/7127972b82f924/00090000.png
CN-202087950-U,Handball cover assembling device ,宁波富诚汽车饰件有限公司,李明军,2011-02-01,2011-02-01,2011-12-28,2011-12-28,https://patents.google.com/patent/CN202087950U/en,https://patentimages.storage.googleapis.com/70/31/e1/5389eb7fbfdd67/HSA00000430755800011.png
JP-2011241070-A,Automated warehouse system ,"Itoki Corp, 株式会社イトーキ","Nobuhiko Kitada, 暢彦 北田",2010-05-20,2010-05-20,2011-12-01,,https://patents.google.com/patent/JP2011241070A/en,https://patentimages.storage.googleapis.com/66/51/fd/4c10dad31f9d33/2011241070-3.png
RU-108172-U1,MULTI-MODAL MOBILE INFORMATION SERVICE AUTOMATIC ,Учреждение Российской академии наук Санкт-Петербургский институт информатики и автоматизации РАН,"Андрей Львович Ронжин, Мария Викторовна Прищепа, Виктор Юрьевич Будков, Алексей Анатольевич Карпов",2011-03-30,2011-03-30,2011-09-10,2011-09-10,https://patents.google.com/patent/RU108172U1/en,
CN-202063566-U,Pebble-coal stainless-steel crawler-conveying mechanism ,河北省电力勘测设计研究院,"樊祥芳, 郭书华",2011-03-31,2011-03-31,2011-12-07,2011-12-07,https://patents.google.com/patent/CN202063566U/en,https://patentimages.storage.googleapis.com/34/45/ee/bca77a751e080a/HSA00000463319000011.png
DE-102010033205-A1,engine ,Johnson Electric S.A.,"Harry Hang Fung Chang, Yiu Leung Man, Yao Fei Li",2009-08-05,2010-08-03,2011-04-14,,https://patents.google.com/patent/DE102010033205A1/en,https://patentimages.storage.googleapis.com/e9/6a/26/9dc3207456ccde/00100000.png
RU-109725-U1,DEVICE FOR SENSING RAIL FILL ,Закрытое акционерное общество Научно-производственный центр информационных и транспортных систем (ЗАО НПЦ ИНФОТРАНС),"Игорь Константинович Михалкин, Олег Борисович Симаков, Юрий Александрович Седелкин, Анатолий Михайлович Панов",2011-06-14,2011-06-14,2011-10-27,2011-10-27,https://patents.google.com/patent/RU109725U1/en,
KR-101062405-B1,Multi-system for vehicle window electronic control unit inspection ,"임춘영, 오경석, 최용권","임춘영, 최용권, 오경석",2011-07-08,2011-07-08,2011-09-05,2011-09-05,https://patents.google.com/patent/KR101062405B1/en,https://patentimages.storage.googleapis.com/24/00/f6/0896619dd4b890/112011052364231-pat00001.png
WO-2011076173-A3,Method for monitoring the operation of a drive train ,Schaeffler Technologies Gmbh & Co. Kg,"Mario Jung, Björn Stehle",2009-12-21,2010-12-13,2011-10-27,,https://patents.google.com/patent/WO2011076173A3/en,
DE-102010054285-A1,A method of monitoring the operation of a powertrain ,"Schaeffler Technologies GmbH & Co. KG, 91074","Mario 76547 Jung, Björn 77830 Stehle",2009-12-21,2010-12-13,2011-06-22,,https://patents.google.com/patent/DE102010054285A1/en,
RU-110856-U1,VEHICLE VOLTAGE FIXING SYSTEM VEHICLE ,"Общество С Ограниченной Ответственностью ""Автодория""",Александр Викторович Николаев,2011-08-08,2011-08-08,2011-11-27,2011-11-27,https://patents.google.com/patent/RU110856U1/en,
CN-102019552-A,Flute mouthpiece shaping machine ,天津市津宝乐器有限公司,刘学忠,2010-11-26,2010-11-26,2011-04-20,,https://patents.google.com/patent/CN102019552A/en,https://patentimages.storage.googleapis.com/33/14/25/9fa9b035422515/HDA0000034535480000011.png
WO-2011069490-A1,Method for starting up a drive train ,Schaeffler Technologies Gmbh & Co. Kg,Werner Schmitt,2009-12-10,2010-12-06,2011-06-16,,https://patents.google.com/patent/WO2011069490A1/en,
WO-2011076173-A2,Method for monitoring the operation of a drive train ,Schaeffler Technologies Gmbh & Co. Kg,"Mario Jung, Björn Stehle",2009-12-21,2010-12-13,2011-06-30,,https://patents.google.com/patent/WO2011076173A2/en,
WO-2011131403-A1,Transmission brake ,Zf Friedrichshafen Ag,"Andreas Acker, Frank Miehle",2010-04-22,2011-03-02,2011-10-27,,https://patents.google.com/patent/WO2011131403A1/en,
WO-2011138099-A1,Method for carrying out a gear shifting operation in automated transmissions ,Zf Friedrichshafen Ag,"Mario Steinborn, Florian Schneider",2010-05-06,2011-04-01,2011-11-10,,https://patents.google.com/patent/WO2011138099A1/en,
US-2011128177-A1,Apparatus and Methods Thereof for Reducing Energy Consumption for PWM Controlled Integrated Circuits in Vehicles ,Scaleo Chip,"Khaled Douzane, Pascal Jullien",2009-12-02,2009-12-02,2011-06-02,,https://patents.google.com/patent/US20110128177A1/en,https://patentimages.storage.googleapis.com/ab/3c/18/3fa777824d9df3/US20110128177A1-20110602-D00000.png
KR-101078790-B1,Robot cleaner with air brush ,주식회사 한울로보틱스,"김병수, 최재영, 이세원, 김상희",2008-06-12,2008-06-12,2011-11-02,2011-11-02,https://patents.google.com/patent/KR101078790B1/en,https://patentimages.storage.googleapis.com/15/2f/cd/ecdccbbd94a4e1/112008041906732-pat00001.png
US-2011003662-A1,Method for controlling an automated dual clutch transmission ,Dr. Ing. H.C. F. Porsche Aktiengesellschaft,"Peter Baur, Jan-Peter Hoffmeister, Jochen Möckl",2009-07-03,2010-05-26,2011-01-06,,https://patents.google.com/patent/US20110003662A1/en,https://patentimages.storage.googleapis.com/8b/bc/40/2fdc4a2cd0f512/US20110003662A1-20110106-D00000.png
US-2011302035-A1,Advertising system and method using a potential customer's vehicle information ,Anthony Stasio,Anthony Stasio,2010-06-02,2010-06-02,2011-12-08,,https://patents.google.com/patent/US20110302035A1/en,https://patentimages.storage.googleapis.com/fb/69/7a/3137043f68fbc6/US20110302035A1-20111208-D00000.png
US-8062181-B2,Method and control device for adjusting a rotational speed of a shaft of a gear change transmission ,Daimler Ag,"Ulrich Bartels, Manfred Guggolz, Werner Hillenbrand, David Ulmer",2005-08-03,2008-02-01,2011-11-22,2011-11-22,https://patents.google.com/patent/US8062181B2/en,https://patentimages.storage.googleapis.com/9d/5b/c6/9a36ce45583b9b/US08062181-20111122-D00000.png
US-2011031835-A1,Motor ,"Chang Harry Hang Fung, Yiu Leung Man, Li yao fei","Harry Hang Fung CHANG, Yiu Leung Man, Yao Fei Li",2009-08-05,2010-08-05,2011-02-10,,https://patents.google.com/patent/US20110031835A1/en,https://patentimages.storage.googleapis.com/c4/37/11/c9342df3be7498/US20110031835A1-20110210-D00000.png
EP-2340766-A1,Method and system for automatically positioning a mammography imaging system ,General Electric Company,"Rajeev Ranjan, Raja Shekhara",2009-12-29,2010-12-15,2011-07-06,,https://patents.google.com/patent/EP2340766A1/en,https://patentimages.storage.googleapis.com/54/ec/b9/69580e939bf317/imgf0001.png
CN-106507999-B,Unmanned plane minimum altitude Protection control system ,成都飞机工业（集团）有限责任公司,"夏斌, 李涛, 宋承志",2006-05-19,2006-05-19,2011-02-16,2011-02-16,https://patents.google.com/patent/CN106507999B/en,
ES-2341422-B1,DEVICE FOR THE AUTOMATIC ELEVATION OF A SIGNALING LIGHT IN POLICE VEHICLES. ,"Federal Signal Vama, S.A.",Jose Bastus Torrens,2008-10-30,2008-10-30,2011-05-06,2011-05-06,https://patents.google.com/patent/ES2341422B1/en,
EP-2009397-A3,Method and device for transferring information to passengers in a vehicle ,Robert Bosch Gmbh,"Jens Faenger, Andreas Kynast",2007-06-29,2008-05-09,2011-06-22,,https://patents.google.com/patent/EP2009397A3/en,
EP-2183138-B1,Method for controlling and/or regulating a hybrid drive arrangement ,ZF Friedrichshafen AG,"Johannes Kaltenbach, Stefan Wallner",2007-09-01,2008-08-08,2011-06-15,2011-06-15,https://patents.google.com/patent/EP2183138B1/en,https://patentimages.storage.googleapis.com/53/9d/e7/ebfc8dc0e396b0/imgf0001.png
KR-101034393-B1,Precise Position Recognition and Stopping System for Automatic Driving Vehicles ,"주식회사 한터기술, 한국철도기술연구원","변윤섭, 목재균, 윤희택, 이상남, 류희문, 김동운",2008-09-30,2008-09-30,2011-05-12,2011-05-12,https://patents.google.com/patent/KR101034393B1/en,https://patentimages.storage.googleapis.com/92/0d/b6/bee823c89599e4/112008068888077-pat00001.png
CN-101939666-A,Method for computer-aided calculation of object motion using sensor data ,西门子公司,"文德林·费坦恩, 米夏埃尔·菲格尔特",2008-02-11,2009-02-06,2011-01-05,,https://patents.google.com/patent/CN101939666A/en,https://patentimages.storage.googleapis.com/94/e8/02/4dc193599848eb/HPA00001189462800011.png
JP-2011511943-A,A method for calculating the motion of an object from sensor data with the aid of a computer ,シーメンス  アクチエンゲゼルシヤフト,"ファイテン ヴェンデリン, フィーゲルト ミヒャエル",2008-02-11,2009-02-06,2011-04-14,,https://patents.google.com/patent/JP2011511943A/en,https://patentimages.storage.googleapis.com/9a/a9/4e/5a3087d4b727c1/2011511943-16.png
CN-201820273-U,Parking lot intelligent management system ,东莞市友美电源设备有限公司,"颜晓英, 张元�",2010-06-24,2010-06-24,2011-05-04,2011-05-04,https://patents.google.com/patent/CN201820273U/en,https://patentimages.storage.googleapis.com/a1/49/81/4b19311c71d877/HSA00000187687400011.png
CN-101263325-B,Method for identifying road surface conditions while a vehicle is running ,沃尔沃拉斯特瓦格纳公司,"马库斯·斯滕, 安德斯·埃里克森",2005-09-08,2006-07-07,2011-08-03,2011-08-03,https://patents.google.com/patent/CN101263325B/en,https://patentimages.storage.googleapis.com/4f/66/01/18ebb2b30590f0/S2006800331370E00011.png
CN-101085399-B,High technology mobile workbench ,上海华硅科技有限公司,"张传忠, 刘宏亮",2006-06-05,2006-06-05,2011-05-18,2011-05-18,https://patents.google.com/patent/CN101085399B/en,https://patentimages.storage.googleapis.com/5f/7c/34/2c10b50395ad6b/S06127288720060619E000011.png
KR-101084530-B1,Wedge cutter ,"오환상, 주식회사 상신기공",오환상,2011-07-11,2011-07-11,2011-11-18,2011-11-18,https://patents.google.com/patent/KR101084530B1/en,https://patentimages.storage.googleapis.com/4a/71/39/34b403b707792c/112011052756270-pat00001.png
EP-1871627-B1,"Method and device for applying a sealing profiled element to a component, especially the periphery of an opening edge of a motor vehicle ",ThyssenKrupp Drauz Nothelfer GmbH,"Horst-Günter HAUPENTHAL, Theo Rauland",2005-04-20,2006-04-11,2011-03-02,2011-03-02,https://patents.google.com/patent/EP1871627B1/en,https://patentimages.storage.googleapis.com/f1/66/62/be24f45f7b6099/imgf0001.png
RU-111532-U1,CRANE MANIPULATOR WITH AN AUTOMATED CONTROL SYSTEM FOR MOVING A CONTAINER WITH RADIOACTIVE WASTE ,"Общество с Ограниченной Ответственностью ""Инженерное Бюро Воронежского Акционерного Самолетостроительного Общества""",Юрий Викторович Красников,2011-07-05,2011-07-05,2011-12-20,2011-12-20,https://patents.google.com/patent/RU111532U1/en,
ES-2359331-T3,"PROCEDURE AND DEVICE FOR THE APPLICATION OF A JOINT PROFILE IN A COMPONENT, PARTICULARLY IN THE PERIPHERY OF A CLOSING EDGE OF A CAR HOLE. ",Thyssenkrupp Drauz Nothelfer Gmbh,"Horst-Günter HAUPENTHAL, Theo Rauland",2005-04-20,2006-04-11,2011-05-20,2011-05-20,https://patents.google.com/patent/ES2359331T3/en,
CN-201720482-U,Processing device of burglar alarm accessory three-hole steel column ,金军勇,金军勇,2010-07-13,2010-07-13,2011-01-26,2011-01-26,https://patents.google.com/patent/CN201720482U/en,https://patentimages.storage.googleapis.com/5b/ca/80/c4a0727fa82938/HSA00000195359800011.png
RU-105835-U1,SYSTEM OF WATER FOAM COMMUNICATIONS OF THE NORTHERN FIRE RESCUE VEHICLE PERFORMED IN THE CLIMATE PERFORMANCE OF THE CL (FOR COLD CLIMATE) (OPTIONS) ,"Открытое акционерное общество ""Варгашинский завод противопожарного и специального оборудования""","Михаил Владимирович Алешков, Владимир Николаевич Казаков, Евгений Анатольевич Емельянов, Александр Владимирович Плосконосов",2010-04-12,2010-04-12,2011-06-27,2011-06-27,https://patents.google.com/patent/RU105835U1/en,
FR-2949896-A1,METHOD FOR INSTALLING A VEHICLE CONTROL APPARATUS ,Sagem Securite,"Jerome Claudon, Antonin Haeberlin",2009-09-10,2009-09-10,2011-03-11,,https://patents.google.com/patent/FR2949896A1/en,
EP-2313669-A1,Transmission ,ZF Friedrichshafen AG,"Mario Steinborn, Ulrich Reith",2008-08-20,2009-07-09,2011-04-27,,https://patents.google.com/patent/EP2313669A1/en,
KR-20110008638-A,Food device handle molding apparatus and its driving method ,주식회사 백산상사,이충관,2009-07-20,2009-07-20,2011-01-27,,https://patents.google.com/patent/KR20110008638A/en,https://patentimages.storage.googleapis.com/10/84/0d/8f1e34755a8950/112009044153459-PAT00001.png
CN-201864269-U,Three-dimensional warehousing system for steering frame of motor train unit ,北京星达技术开发公司,"宗文波, 韩建超, 田静, 张小苏, 许志伟",2010-11-17,2010-11-17,2011-06-15,2011-06-15,https://patents.google.com/patent/CN201864269U/en,https://patentimages.storage.googleapis.com/87/f2/dc/2a7f591b128881/HSA00000349606000011.png
CN-202092653-U,Navigation system for substation inspection robot ,华北电力大学,"李卫国, 刘瑶, 芦竹茂, 李俊霖, 渠展展, 石海鹏, 李熙",2010-12-27,2010-12-27,2011-12-28,2011-12-28,https://patents.google.com/patent/CN202092653U/en,https://patentimages.storage.googleapis.com/99/03/f0/be5ed5fa2095c7/HSA00000409789500011.png
CN-201826555-U,Protective cabin of ATM (automated teller machine) ,余伟华,余伟华,2010-10-28,2010-10-28,2011-05-11,2011-05-11,https://patents.google.com/patent/CN201826555U/en,https://patentimages.storage.googleapis.com/61/84/d9/6e359707868acb/101025153013.png
US-2011031764-A1,Recovery of potential energy from the apron of a roller blind ,"Bubendorff, Commissariat A L'energie Atomique",Antoine Labrunie,2007-08-09,2008-08-05,2011-02-10,,https://patents.google.com/patent/US20110031764A1/en,
CN-201857789-U,Automatic multilayer parking device ,武汉理工大学,"谭跃刚, 黄�俊",2010-11-10,2010-11-10,2011-06-08,2011-06-08,https://patents.google.com/patent/CN201857789U/en,https://patentimages.storage.googleapis.com/1a/4f/13/dfaf868ce4f188/HDA0000031646950000011.png
US-2011169207-A1,Automated storage accessories ,Maria Rosaria Seghezzi,Maria Rosaria Seghezzi,2008-06-30,2008-06-30,2011-07-14,,https://patents.google.com/patent/US20110169207A1/en,https://patentimages.storage.googleapis.com/83/ea/ca/0d154d712c5b11/US20110169207A1-20110714-D00000.png
CN-201742900-U,Seasoning proportioning device ,潍坊加州阳光美食礼品有限公司,温涛,2010-08-05,2010-08-05,2011-02-16,2011-02-16,https://patents.google.com/patent/CN201742900U/en,https://patentimages.storage.googleapis.com/52/26/bc/6074636bd41beb/HSA00000217718800011.png
CN-201725336-U,Fire-fighting measuring and calculating device and fire-fighting vehicle using the same ,彭庆辉,彭庆辉,2010-08-05,2010-08-05,2011-01-26,2011-01-26,https://patents.google.com/patent/CN201725336U/en,https://patentimages.storage.googleapis.com/19/ef/75/21b1e882cced4b/HSA00000218203500011.png
RU-103789-U1,MICROPROCESSOR SYSTEM OF AUTOMATED MANAGEMENT OF PASSENGER ELECTRIC TRUCKS ,"Общество с ограниченной ответственностью ""АВП Технология"" (ООО ""АВП Тихнология"")","Максим Юрьевич Богатков, Евгений Евгеньевич Завьялов, Александр Алексеевич Макаров, Сергей Владимирович Минаев, Александр Евгеньевич Филипчук, Сергей Александрович Фролов",2010-06-07,2010-06-07,2011-04-27,2011-04-27,https://patents.google.com/patent/RU103789U1/en,
DE-102009042470-A1,"Arrangement for collecting toll charge of lorry on highway roads, has edge lines for arrangement of position of vehicle to tracks by traffic lane, where toll charges are detected and stored according to different toll lanes ","Bähring, Horst, Dr.",Horst Baehring,2009-09-24,2009-09-24,2011-03-31,,https://patents.google.com/patent/DE102009042470A1/en,https://patentimages.storage.googleapis.com/5d/a2/37/1219f41774e0a0/00230000.png
CN-201950730-U,Stone automatic spray burning machine ,徐智法,徐智法,2010-12-09,2010-12-09,2011-08-31,2011-08-31,https://patents.google.com/patent/CN201950730U/en,https://patentimages.storage.googleapis.com/75/1a/3b/a3e940f9d2335c/HSA00000379987500011.png
CN-201952504-U,Blanking equipment of inert-electrode aluminum electrolytic cell ,中国铝业股份有限公司,"杨建红, 李旺兴, 包生重, 唐新平, 刘彦辉",2010-12-15,2010-12-15,2011-08-31,2011-08-31,https://patents.google.com/patent/CN201952504U/en,https://patentimages.storage.googleapis.com/06/72/d4/46d789bebfed66/101213165644.png
KR-101070367-B1,System for inventorying emission using camera real time of road transfer atmospheric and method therefor ,건국대학교 산학협력단,"우정헌, 임상범, 김은이",2010-01-05,2010-01-05,2011-10-05,2011-10-05,https://patents.google.com/patent/KR101070367B1/en,https://patentimages.storage.googleapis.com/49/74/d5/8be8c07c2103d2/112010000314564-pat00004.png
CN-201823797-U,Manual pipe bending device ,中国华冶科工集团有限公司,"王涛, 曲龙, 王文凯",2010-09-26,2010-09-26,2011-05-11,2011-05-11,https://patents.google.com/patent/CN201823797U/en,https://patentimages.storage.googleapis.com/41/56/91/cc905a45402f08/HSA00000283407100011.png
BR-PI1001981-A2,"robotic method and system for washing mining trucks, utility vehicles and other dirty environments ",Abb Ltda,"Valmir Aparecido Magalhaes, Osvaldo Lima, Carlos Tatsuo Saito, Luiz Massaru Koreeda",2010-03-31,2010-03-31,2011-11-22,,https://patents.google.com/patent/BRPI1001981A2/en,
US-2011208395-A1,Method and device for controlling an automated gearbox ,Zf Friedrichshafen Ag,"Bernd Doebele, Norbert Wiencek",2006-05-24,2007-04-25,2011-08-25,,https://patents.google.com/patent/US20110208395A1/en,https://patentimages.storage.googleapis.com/e7/2e/d7/e5dad99d057c6e/US20110208395A1-20110825-D00000.png
DE-102010028074-A1,Method for assisting the driver of a motor vehicle during startup operations ,Zf Friedrichshafen Ag,Dr. Mair Roland,2010-04-22,2010-04-22,2011-10-27,,https://patents.google.com/patent/DE102010028074A1/en,
KR-20110112088-A,Powder medicine dispenser ,이돈일,이돈일,2010-04-06,2010-04-06,2011-10-12,,https://patents.google.com/patent/KR20110112088A/en,https://patentimages.storage.googleapis.com/43/11/d7/1232d4c76a0624/pat00001.png
WO-2010151663-A3,Method and system for automated control of transmission ratio change ,"Toyota Motor Engineering & Manufacturing North America, Inc.",Samuel S. Ahn,2009-06-25,2010-06-24,2011-04-21,,https://patents.google.com/patent/WO2010151663A3/en,
CN-202045049-U,Lead-acid storage battery plate brushing machine ,江西新威动力能源科技有限公司,钱顺荣,2011-04-25,2011-04-25,2011-11-23,2011-11-23,https://patents.google.com/patent/CN202045049U/en,https://patentimages.storage.googleapis.com/4e/77/d0/3f0a7015507846/HDA0000057229820000011.png
KR-101099631-B1,Moving apparatus of welding robot for climbing over the longitudinal ,대우조선해양 주식회사,"강성원, 김수호, 김강욱, 이재승",2009-04-16,2009-04-16,2011-12-29,2011-12-29,https://patents.google.com/patent/KR101099631B1/en,https://patentimages.storage.googleapis.com/eb/21/81/cec0756386e380/112009022936476-pat00001.png
CN-101549704-B,Automatic traction method and apparatus of a continous controllable train ,中国铁道科学研究院机车车辆研究所,"康熊, 曾宇清, 于卫东, 扈海军",2009-05-13,2009-05-13,2011-04-13,2011-04-13,https://patents.google.com/patent/CN101549704B/en,https://patentimages.storage.googleapis.com/c4/d4/8c/be33135cfac02d/H2009100839631E00011.png
DE-102008057446-B4,Mobile robot and method for its activation ,Fraunhofer-Gesellschaft zur Förderung der angewandten Forschung e.V.,"Georg Arbeiter, Birgit Graf, Jens Dr. Kubacki",2008-11-14,2008-11-14,2011-04-28,2011-04-28,https://patents.google.com/patent/DE102008057446B4/en,https://patentimages.storage.googleapis.com/dc/3b/70/356872d69556a7/00260000.png
KR-200454118-Y1,Automated Safety Winch Device for Aerial Work ,대우조선해양 주식회사,"김성락, 배경수, 홍성범, 권순도, 김대영",2008-10-29,2008-10-29,2011-06-16,2011-06-16,https://patents.google.com/patent/KR200454118Y1/en,https://patentimages.storage.googleapis.com/1c/7c/b4/525b3628dccf59/112008075101613-utm00001.png
US-2011219981-A1,Automated Railcar Gate Operating System ,"Calbrandt, Inc.",Calvin J. Brandt,2010-01-29,2011-05-25,2011-09-15,,https://patents.google.com/patent/US20110219981A1/en,https://patentimages.storage.googleapis.com/fc/93/2b/b1a97bf7355eaa/US20110219981A1-20110915-D00000.png
EP-2310303-A1,Automated storage accessories ,"Ferrinox Automotive SRO, Maria Rosaria Seghezzi",Maria Rosaria Seghezzi,2008-06-30,2008-06-30,2011-04-20,,https://patents.google.com/patent/EP2310303A1/en,
US-8056332-B2,Method for activating an actuating means ,Zf Friedrichshafen Ag,"Bernd Doebele, Martin Miller",2006-05-10,2007-04-25,2011-11-15,2011-11-15,https://patents.google.com/patent/US8056332B2/en,https://patentimages.storage.googleapis.com/d5/d4/5b/66322fcf727e1a/US08056332-20111115-D00000.png
EP-1925857-A3,Method and apparatus for changing shift schedulling modes of automated mechanical transmission ,ZF Friedrichshafen AG,"Anthony Robert Sayman, Thomas M. Balamucki",2006-11-27,2007-11-05,2011-08-03,,https://patents.google.com/patent/EP1925857A3/en,
KR-20110117810-A,Automotive Transmission ,엘에스엠트론 주식회사,"이상헌, 김상현",2010-04-22,2010-04-22,2011-10-28,,https://patents.google.com/patent/KR20110117810A/en,https://patentimages.storage.googleapis.com/b5/37/f7/4a28ed2db90195/pat00001.png
US-7870986-B2,Method and device for clearance adjustment for lead-in roller clearance adjustment mechanism ,Komori Corporation,Hideaki Kuroda,2005-11-04,2006-11-02,2011-01-18,2011-01-18,https://patents.google.com/patent/US7870986B2/en,https://patentimages.storage.googleapis.com/8e/e6/c2/098e272218b5d7/US07870986-20110118-D00000.png
DE-102010024938-A1,"Drive strand regulating method for motor vehicle, involves increasing moment transferable over friction clutch when actual speed of drive shaft is larger than target speed of drive shaft ",Luk Lamellen Und Kupplungsbau Beteiligungs Kg,Michael Reuschel,2009-07-13,2010-06-24,2011-01-20,,https://patents.google.com/patent/DE102010024938A1/en,https://patentimages.storage.googleapis.com/80/5e/65/c23073b609faf2/00120000.png
CN-1958420-B,Method and device for clearance adjustment for lead-in roller clearance adjustment mechanism ,小森公司,黑田秀明,2005-11-04,2006-11-03,2011-11-09,2011-11-09,https://patents.google.com/patent/CN1958420B/en,https://patentimages.storage.googleapis.com/3c/53/d5/502b7694dce55f/H061E3928020061116E000051.png
CY-1106277-T1,INTEGRATED LIFTING ARRANGEMENT AUTO-LEVELING ,Roberto Maggiori,Roberto Maggiori,2001-11-02,2006-12-05,2011-10-12,,https://patents.google.com/patent/CY1106277T1/en,
AT-E500082-T1,"METHOD AND DEVICE FOR ATTACHING A SEALING PROFILE TO A COMPONENT, IN PARTICULAR THE PERIPHERY OF AN OPENING CLOSURE OF A MOTOR VEHICLE ",Thyssenkrupp Drauz Nothelfer,"Horst-Guenter Haupenthal, Theo Rauland",2005-04-20,2006-04-11,2011-03-15,2011-03-15,https://patents.google.com/patent/ATE500082T1/en,
DE-502006008996-D1,METHOD AND DEVICE FOR ATTACHING A DICHRIPHERIE OF AN OPENING TERMINATION OF A MOTOR VEHICLE ,Thyssenkrupp Drauz Nothelfer,"Horst-Guenter Haupenthal, Theo Rauland",2005-04-20,2006-04-11,2011-04-14,,https://patents.google.com/patent/DE502006008996D1/en,
CN-102231211-A,Intelligent man-machine interface self-service equipment for driver ,续爱禅,侯巨祥,2011-04-19,2011-04-19,2011-11-02,,https://patents.google.com/patent/CN102231211A/en,https://patentimages.storage.googleapis.com/b3/e8/9f/bf9d8da226c7a0/HSA00000479028100021.png
WO-2011131405-A1,Method for controlling the starting of a motor vehicle ,Zf Friedrichshafen Ag,Roland Mair,2010-04-22,2011-03-02,2011-10-27,,https://patents.google.com/patent/WO2011131405A1/en,
CN-202029210-U,Double combined type quadruple aerated concrete brick device ,邹城市东基新热力管道防腐保温有限公司,"孙志中, 尹东华",2011-04-07,2011-04-07,2011-11-09,2011-11-09,https://patents.google.com/patent/CN202029210U/en,https://patentimages.storage.googleapis.com/76/37/0d/a991ae51da39cc/110407153130.png
CN-101966804-A,Vehicle suspension control device and method based on automaton technology ,江苏大学,"陈龙, 黄晨, 江浩斌, 陈蓉蓉",2010-10-27,2010-10-27,2011-02-09,,https://patents.google.com/patent/CN101966804A/en,https://patentimages.storage.googleapis.com/7e/70/08/f40ff36c5883da/101026094635.png
CN-101982638-A,Road three-dimensional parking device based on automatic rising ,北京工业大学,"左国玉, 朱晓庆, 阮晓钢, 文雯, 龚道雄, 孙荣毅",2010-10-22,2010-10-22,2011-03-02,,https://patents.google.com/patent/CN101982638A/en,https://patentimages.storage.googleapis.com/f9/9d/65/753fe45dd06689/HSA00000322466900011.png
CN-201959539-U,Robot pk system ,南京工业大学,"林锦国, 卓晓冬, 汪苑",2011-01-17,2011-01-17,2011-09-07,2011-09-07,https://patents.google.com/patent/CN201959539U/en,https://patentimages.storage.googleapis.com/69/3c/2c/cff1ba534df8e6/110117162021.png
CN-201990204-U,Automatic mobile robot for carrying field crops ,台州职业技术学院,"章永华, 何建慧",2011-01-12,2011-01-12,2011-09-28,2011-09-28,https://patents.google.com/patent/CN201990204U/en,https://patentimages.storage.googleapis.com/2f/fb/70/476b98abff6709/110112094546.png
CN-201887948-U,Vehicle-mounted terminal monitoring system based on Beidou satellite ,东风汽车公司,"杨诚, 陈健, 杨国超, 李凯, 杨长松",2010-12-24,2010-12-24,2011-06-29,2011-06-29,https://patents.google.com/patent/CN201887948U/en,https://patentimages.storage.googleapis.com/38/42/e0/5e3ed34165734e/HDA0000040393820000011.png
DE-102010028072-A1,Method for starting control of a motor vehicle ,Zf Friedrichshafen Ag,Dr. Mair Roland,2010-04-22,2010-04-22,2011-10-27,,https://patents.google.com/patent/DE102010028072A1/en,https://patentimages.storage.googleapis.com/86/2f/aa/b01b77fb505591/00300000.png
KR-200452866-Y1,Road Cutter with Automatic Tilting ,(주)하나메탈,남태호,2010-07-19,2010-07-19,2011-03-25,2011-03-25,https://patents.google.com/patent/KR200452866Y1/en,https://patentimages.storage.googleapis.com/f2/35/5e/c31058936a4596/112010046217858-utm00001.png
KR-20110113541-A,Rotor Design Method of Gerotor Oil Pump Using Various Tooth Curves ,"주식회사 삼한, 부산대학교 산학협력단","이근수, 이현철, 권진규, 김문태, 최태훈, 정성윤, 김철",2010-04-09,2010-04-09,2011-10-17,,https://patents.google.com/patent/KR20110113541A/en,https://patentimages.storage.googleapis.com/a1/cd/de/e223926bf1fafd/pat00073.png
JP-2011212590-A,Dry ice blast-type cleaning device ,"Central Japan Railway Co, 東海旅客鉄道株式会社, Iwatani Internatl Corp, 岩谷産業株式会社","Makoto Okada, 誠 岡田, Koji Tachibana, 幸治 橘, Taro Muraoka, 太朗 村岡, Hiroshi Nakamura, 大志 中村, Keiichiro Inoue, 敬一朗 井上, Masaaki Hashimoto, 正明 橋本",2010-03-31,2010-03-31,2011-10-27,,https://patents.google.com/patent/JP2011212590A/en,https://patentimages.storage.googleapis.com/06/2d/b2/fc3bd0f02fb96a/2011212590-3.png
KR-20110101607-A,Vehicle control device and control method thereof ,경상대학교산학협력단,"양영일, 김도현",2010-03-09,2010-03-09,2011-09-16,,https://patents.google.com/patent/KR20110101607A/en,https://patentimages.storage.googleapis.com/70/6c/b1/65800bca6f3366/pat00001.png
WO-2011020461-A1,Method for controlling an automated clutch system ,Schaeffler Technologies Gmbh & Co. Kg,"Mario Jung, Olaf Werner",2009-08-20,2010-08-05,2011-02-24,,https://patents.google.com/patent/WO2011020461A1/en,
EP-2396189-A1,Device and method for managing the level of electric charge during the charging of an electrochemical storage source onboard a vehicle ,Peugeot Citroën Automobiles Société Anonyme,"Denis Porcellato, Frédéric LARGE",2009-02-12,2010-02-09,2011-12-21,,https://patents.google.com/patent/EP2396189A1/en,
KR-101080733-B1,Load balancing server with dynamic generation of rule-based virtual machine and autonomous load balancing method using the same ,주식회사 넥스알,한재선,2010-04-30,2010-04-30,2011-11-07,2011-11-07,https://patents.google.com/patent/KR101080733B1/en,https://patentimages.storage.googleapis.com/8d/31/ba/bc52da1638e972/112010028153464-pat00001.png
DE-102010005327-A1,"Method for securing of parking process of motor car using remote control, involves producing evaluation signal based on checked state of barrier, and producing output signals for release of driving process based on evaluation signal ","Volkswagen AG, 38440","Frank Dipl.-Ing. 38154 Schwitters, Nico 38468 Bogner",2010-01-22,2010-01-22,2011-07-28,,https://patents.google.com/patent/DE102010005327A1/en,https://patentimages.storage.googleapis.com/d4/4b/6d/4140c46eb99717/00110000.png
KR-20110080208-A,System and Method for Estimating Pollutant Emissions of Real-time Road Movement Pollution Source Using Camera ,건국대학교 산학협력단,"우정헌, 임상범, 김은이",2010-01-05,2010-01-05,2011-07-13,,https://patents.google.com/patent/KR20110080208A/en,https://patentimages.storage.googleapis.com/07/1a/9c/07d533369d7715/pat00004.png
KR-101081876-B1,Towed underwater acoustic sensor ,국방과학연구소,"김원호, 조치영, 김형렬",2009-12-30,2009-12-30,2011-11-09,2011-11-09,https://patents.google.com/patent/KR101081876B1/en,https://patentimages.storage.googleapis.com/26/35/d9/00ff05e3c243e1/112009081459954-pat00001.png
KR-20110038414-A,Jig transfer assembly device of sheave valve assembly device for cosmetic container ,(주)연우,기중현,2009-10-08,2009-10-08,2011-04-14,,https://patents.google.com/patent/KR20110038414A/en,https://patentimages.storage.googleapis.com/34/58/1a/92f565f83067a5/112009061726319-PAT00001.png
KR-20110028930-A,Automated Shooting Target Device ,이명대,이명대,2009-09-14,2009-09-14,2011-03-22,,https://patents.google.com/patent/KR20110028930A/en,https://patentimages.storage.googleapis.com/25/c3/ff/344ea7f6b5db20/112009056457471-PAT00001.png
CN-201736811-U,Control system for automated electronic-control mechanical gearbox ,"曾卫东, 潘亚敏","曾卫东, 孙力, 潘亚敏",2009-12-20,2009-12-20,2011-02-09,2011-02-09,https://patents.google.com/patent/CN201736811U/en,https://patentimages.storage.googleapis.com/fe/c8/e3/cc83e68f473e0f/H200920317917920091220E000011.png
FR-2949516-A1,MINI HYDROELECTRIC POWER PLANT ,Ivano Crugnale,Ivano Crugnale,2009-09-01,2009-09-01,2011-03-04,,https://patents.google.com/patent/FR2949516A1/en,
KR-200453307-Y1,Compact auto truck with motor built-in roller ,현대엘리베이터주식회사,이태연,2009-06-26,2009-06-26,2011-04-19,2011-04-19,https://patents.google.com/patent/KR200453307Y1/en,https://patentimages.storage.googleapis.com/8a/97/e5/b0e3f3158fd61d/112009038803836-utm00001.png
DE-102009021795-B4,Switching method for a stepped transmission ,Getrag Getriebe- Und Zahnradfabrik Hermann Hagenmeyer Gmbh & Cie Kg,"Tobias Kalisch, Holger Schmidt",2009-05-18,2009-05-18,2011-06-01,2011-06-01,https://patents.google.com/patent/DE102009021795B4/en,https://patentimages.storage.googleapis.com/f4/87/b7/25fffd5e00ea87/00260000.png
ES-2353626-T3,MOUNTING DEVICE FOR A BELT PROVIDED WITH A BALL FIXING SYSTEM. ,Peugeot Citroën Automobiles Société Anonyme,Fabien Debuire,2006-12-01,2007-11-27,2011-03-03,2011-03-03,https://patents.google.com/patent/ES2353626T3/en,
WO-2011030034-A1,Method for installing a vehicle-monitoring apparatus ,Morpho,"Jérôme CLAUDON, Antonin Haeberlin",2009-09-10,2010-08-23,2011-03-17,,https://patents.google.com/patent/WO2011030034A1/en,
EP-1945973-B1,Method for self-configuring automated mechanical transmission and electronic controller ,ZF Friedrichshafen AG,"Robert Anthony Sayman, Ronald Peter Muetzel, James Henry Devore, Christopher B. Ross",2005-11-08,2006-11-06,2011-02-23,2011-02-23,https://patents.google.com/patent/EP1945973B1/en,https://patentimages.storage.googleapis.com/e9/c6/a3/945ee3c71677ea/imgf0001.png
US-2011276330-A1,Methods and Devices for Appending an Address List and Determining a Communication Profile ,"Motorola, Inc.","Michael L. Charlier, Kevin L. Weirich",2010-05-06,2010-05-06,2011-11-10,,https://patents.google.com/patent/US20110276330A1/en,https://patentimages.storage.googleapis.com/6d/63/29/94467f63b8e7a2/US20110276330A1-20111110-D00000.png
US-7870996-B1,Automated transaction machine ,"Diebold Self-Service Systems, Division Of Diebold, Incorporated","H. Thomas Graef, R. Matthew Dunlap, Zachary Utz, Daniel Schoeffler, Shawn Griggy, Natarajan Ramachandran",2002-10-18,2006-10-05,2011-01-18,2011-01-18,https://patents.google.com/patent/US7870996B1/en,https://patentimages.storage.googleapis.com/f0/1e/1e/7d4e0cbd765188/US07870996-20110118-D00000.png
CN-101995576-A,Vehicle position determining system ,"中国神华能源股份有限公司, 神华黄骅港务有限责任公司","李长安, 李靖宇, 董传博",2010-11-12,2010-11-12,2011-03-30,,https://patents.google.com/patent/CN101995576A/en,https://patentimages.storage.googleapis.com/4d/fb/16/62b1a760308d66/HSA00000346117800011.png
US-2011142584-A1,Autonomous Mobile Robot ,Wang Chin-Hsiung,Chin-Hsiung WANG,2009-12-11,2009-12-11,2011-06-16,,https://patents.google.com/patent/US20110142584A1/en,https://patentimages.storage.googleapis.com/b6/82/86/e1469047014918/US20110142584A1-20110616-D00000.png
US-2011098028-A1,Method and system for updating a mobile dialing number of a telematics-equipped mobile vehicle ,General Motors Company,"George A. Economos, Gregory T. Brink",2009-10-22,2009-10-22,2011-04-28,,https://patents.google.com/patent/US20110098028A1/en,https://patentimages.storage.googleapis.com/f2/09/b2/eeada318742574/US20110098028A1-20110428-D00000.png
CN-102279363-A,Automatic checking system for delivery inspection of generator ,姚牧,姚牧,2011-07-20,2011-07-20,2011-12-14,,https://patents.google.com/patent/CN102279363A/en,https://patentimages.storage.googleapis.com/95/77/b2/6c30c1ef209602/110718144444.png
KR-20110126531-A,Laser head adjusting method and device ,레나 게엠베하,마티아스 니세,2010-05-17,2011-04-26,2011-11-23,,https://patents.google.com/patent/KR20110126531A/en,https://patentimages.storage.googleapis.com/ed/1a/84/5b97d5e79805ef/pat00001.png
WO-2011104369-A2,Method and system for mobility in an urban and extra-urban environment ,Alta Lab S.R.L.,"Nunzio Alberto Borghese, Giuseppe Rotondo, Gianfranco Venturino",2010-02-25,2011-02-25,2011-09-01,,https://patents.google.com/patent/WO2011104369A2/en,
TW-M411829-U,Luggage case with power assistant unit ,Yi-Ping Lee,"Ying-Jeng Engin Wu, Yi-Ping Lee, Ming-Shiou Liu",2011-04-12,2011-04-12,2011-09-21,,https://patents.google.com/patent/TWM411829U/en,
GB-201102985-D0,Metering network for vehicle parking ,Mobile Res Solutions Ltd,,2011-02-22,2011-02-22,2011-04-06,,https://patents.google.com/patent/GB201102985D0/en,
CN-102064468-A,Low-voltage self-adaptive optical communication laser driver circuit ,烽火通信科技股份有限公司,"蒋湘, 周华",2010-12-15,2010-12-15,2011-05-18,,https://patents.google.com/patent/CN102064468A/en,https://patentimages.storage.googleapis.com/dc/a6/3c/4cd1909cf557f0/HSA00000385323200011.png
CN-102063783-A,Dangerous good railway transportation environment stress monitoring system ,中国人民解放军军事交通学院,"柳贵东, 付少波, 孙昱, 叶鹏",2010-12-21,2010-12-21,2011-05-18,,https://patents.google.com/patent/CN102063783A/en,https://patentimages.storage.googleapis.com/01/cb/3f/b1b4d37b62eeb9/101220203308.png
RU-110070-U1,SYSTEM OF AUTONOMOUS LANDING OF AN UNMANNED FLYING APPARATUS ON A MOVING BOAT ,"Российская Федерация, от имени которой выступает Министерство промышленности и торговли Российской Федерации (Минпромторг России)","Сергей Николаевич Шаров, Елена Сергеевна Петухова, Михаил Сергеевич Дворяшин, Валерий Владимирович Каманин, Андрей Григорьевич Юрескул",2011-06-28,2011-06-28,2011-11-10,2011-11-10,https://patents.google.com/patent/RU110070U1/en,
RU-109880-U1,AUTOMATED COMPLEX OF CHECKING THE STATE AND FUNCTIONING OF ON-BOARD MEANS OF CONTROL SYSTEMS OF ROCKET-CARRIER BLOCKS ,"Федеральное казенное предприятие ""Научно-испытательный центр ракетно-космической промышленности""","Олег Анатольевич Волнухин, Вадим Александрович Лисейкин, Валерий Вячеславович Милютин, Игорь Александрович Тожокин",2011-06-22,2011-06-22,2011-10-27,2011-10-27,https://patents.google.com/patent/RU109880U1/en,
WO-2011039019-A1,Method for controlling and/or regulating an automated transmission ,Zf Friedrichshafen Ag,"Joachim Staudinger, Maik WÜRTHNER, Ingo Sauter, Johannes Kemler",2009-09-29,2010-08-31,2011-04-07,,https://patents.google.com/patent/WO2011039019A1/en,
CN-202066379-U,Composite skip car ,浙江浩大工业炉有限公司,宋生权,2011-05-31,2011-05-31,2011-12-07,2011-12-07,https://patents.google.com/patent/CN202066379U/en,https://patentimages.storage.googleapis.com/41/c4/78/b19050db42aaee/HDA0000065417880000011.png
WO-2011015179-A1,Method for controlling an inching procedure of a motor vehicle ,Schaeffler Technologies Gmbh & Co. Kg,Michael Reuschel,2009-08-03,2010-07-26,2011-02-10,,https://patents.google.com/patent/WO2011015179A1/en,
KR-20110136157-A,Dredging and repairing device of circular pipe ,최인환,최인환,2010-06-14,2010-06-14,2011-12-21,,https://patents.google.com/patent/KR20110136157A/en,https://patentimages.storage.googleapis.com/ac/66/6a/c3f7b4bc158dcc/pat00001.png
CN-201996256-U,Vane curtain system ,广州市瑞翔机电有限公司,"陈卫平, 赵敏",2011-03-10,2011-03-10,2011-10-05,2011-10-05,https://patents.google.com/patent/CN201996256U/en,https://patentimages.storage.googleapis.com/a2/93/90/efb2bc42a62401/110310161709.png
DE-102010021841-A1,"Safety detection and evaluation system for classifying safety in endangered situation on e.g. road tunnel during construction of e.g. tunnel, has video detection system displaying safety-relevant events for visualizing real time rating ","Bundesrepublik Deutschland, vertreten durch den Bundesminister für Verkehr, Bau und Stadtentwicklung, vertreten durch den Präsidenten der Bundesanstalt für Straßenwesen, Herrn Prof. Dr. Peter Reichelt","Dr. Krieger Jürgen, Dr. Heimbecher Frank, Ingo Kaundinya",2010-05-28,2010-05-28,2011-12-01,,https://patents.google.com/patent/DE102010021841A1/en,https://patentimages.storage.googleapis.com/94/f0/5c/d3bf0a0aeb6e46/00130000.png
CN-102092573-B,Heavy-duty steel rail conveying trolley ,湖北三丰智能输送装备股份有限公司,"徐锦胜, 朱汉平",2011-02-16,2011-02-16,2011-12-14,2011-12-14,https://patents.google.com/patent/CN102092573B/en,https://patentimages.storage.googleapis.com/8e/d9/05/66ad6faecf80f5/110216162728.png
KR-20110116486-A,Molding cutting device for vehicle ,우영산업 주식회사,현우식,2010-04-19,2010-04-19,2011-10-26,,https://patents.google.com/patent/KR20110116486A/en,https://patentimages.storage.googleapis.com/4c/e3/0b/3e43ce9f0bb471/pat00001.png
RU-2010123836-A,SPECIAL CAR FOR TRANSPORTING AND TEMPORARY STORAGE OF LIQUID RADIOACTIVE WASTE ,"Закрытое акционерное общество ""Альянс-Гамма"" (RU), Закрытое Акционерное Общество ""Альянс-Гамма""","Артур Эдуардович Арустамов (RU), Артур Эдуардович Арустамов, Сергей Юрьевич Цветков (RU), Сергей Юрьевич Цветков, Ольга Владимировна Черникова (RU), Ольга Владимировна Черникова, Артем Александрович Гончаров (RU), Артем Александрович Гончаров, Ирина Юрьевна Соломатина (RU), Ирина Юрьевна Соломатина",2010-06-11,2010-06-11,2011-12-20,,https://patents.google.com/patent/RU2010123836A/en,
CN-201932390-U,Automated detection packaging machine ,开平帛汉电子有限公司,林昌亮,2011-01-11,2011-01-11,2011-08-17,2011-08-17,https://patents.google.com/patent/CN201932390U/en,https://patentimages.storage.googleapis.com/ec/82/7e/d5a6d4041b62ae/HDA0000043426030000011.png
CN-102024350-A,Anti-skid control training platform for project-oriented rail traffic vehicle ,同济大学,左建勇,2010-12-03,2010-12-03,2011-04-20,,https://patents.google.com/patent/CN102024350A/en,https://patentimages.storage.googleapis.com/38/68/aa/5eba44a21b8c31/HDA0000036016390000011.png
CN-101979131-A,Pneumatic dual-urea tank urea one-way valve control water heating silicon controlled rectifier (SCR) urea system ,中国第一汽车集团公司,"李骏, 邢喜春, 戈非, 吴君华, 尹燕升, 纪英",2010-10-20,2010-10-20,2011-02-23,,https://patents.google.com/patent/CN101979131A/en,https://patentimages.storage.googleapis.com/ea/66/1a/58d340d271a912/101012202548.png
RU-103208-U1,ELECTRONIC PAYMENT SYSTEM FOR AUTOMATED PAID PARKING PARK ,Олег Анатольевич Золотарев,"Екатерина Александровна Гринина, Олег Анатольевич Золотарев, Иван Владимирович Кузнецов, Ксения Олеговна Брыкалова",2010-12-21,2010-12-21,2011-03-27,2011-03-27,https://patents.google.com/patent/RU103208U1/en,
JP-2011183976-A,Welfare vehicle system ,"Toyota Motor Corp, トヨタ自動車株式会社","Ko Kako, 航 加来",2010-03-10,2010-03-10,2011-09-22,,https://patents.google.com/patent/JP2011183976A/en,https://patentimages.storage.googleapis.com/e5/70/ba/4f306f6a7a1e45/2011183976-3.png
CN-201980064-U,Combination-type displacing range-extended electric capacity vehicle ,窦观一,窦观一,2011-02-10,2011-02-10,2011-09-21,2011-09-21,https://patents.google.com/patent/CN201980064U/en,https://patentimages.storage.googleapis.com/14/74/b0/78580cb9651a5b/110210102714.png
JP-2011156954-A,Travel control device and travel control method ,"Equos Research Co Ltd, 株式会社エクォス・リサーチ","Kazuhiro Kuno, 和宏 久野",2010-01-29,2010-01-29,2011-08-18,,https://patents.google.com/patent/JP2011156954A/en,https://patentimages.storage.googleapis.com/5f/8e/48/1c970dbceb9c88/2011156954-3.png
CN-201865387-U,Vertical lift parking building ,薛其熊,薛其熊,2010-12-11,2010-12-11,2011-06-15,2011-06-15,https://patents.google.com/patent/CN201865387U/en,https://patentimages.storage.googleapis.com/c4/08/41/25e7ce1d375484/HDA0000037553770000011.png
KR-20110077100-A,Towed Underwater Acoustic Sensor ,국방과학연구소,"김원호, 조치영, 김형렬",2009-12-30,2009-12-30,2011-07-07,,https://patents.google.com/patent/KR20110077100A/en,https://patentimages.storage.googleapis.com/7a/da/c5/19bb87f08a8884/112009081459954-PAT00001.png
CN-201944130-U,Non-matched sleeve-ring removing device of bearing sleeve-closing instrument ,"宁波惠联自动化设备有限公司, 张惠邦",张惠邦,2010-09-20,2010-09-20,2011-08-24,2011-08-24,https://patents.google.com/patent/CN201944130U/en,https://patentimages.storage.googleapis.com/50/a6/36/6e179abe45a874/100920142845.png
CN-201835561-U,Automatic lifting based stereoscopic parking device on road ,北京工业大学,"左国玉, 朱晓庆, 阮晓钢, 文雯, 龚道雄, 孙荣毅",2010-10-22,2010-10-22,2011-05-18,2011-05-18,https://patents.google.com/patent/CN201835561U/en,https://patentimages.storage.googleapis.com/06/28/6e/11524335a8bd0f/HSA00000322445000011.png
CN-201786382-U,Carrying robot ,西安科技大学,"魏娟, 马宏伟",2010-09-27,2010-09-27,2011-04-06,2011-04-06,https://patents.google.com/patent/CN201786382U/en,https://patentimages.storage.googleapis.com/cb/6e/91/429ead17654be3/HSA00000288397400012.png
TW-201123097-A,Automatic traffic violation detection system and method of the same ,Gorilla Technology Inc,"Sze-Yao Ni, Yuang-Tzong Lan, Tom Zhong-Yi Lin, Yi-Wei Chen",2009-12-23,2009-12-23,2011-07-01,,https://patents.google.com/patent/TW201123097A/en,
KR-101028789-B1,Ring taping device ,주식회사 아레스,안창원,2010-07-06,2010-07-06,2011-04-11,2011-04-11,https://patents.google.com/patent/KR101028789B1/en,https://patentimages.storage.googleapis.com/d1/b4/5c/39a7a9c36ff1bc/112010073017104-pat00010.png
KR-20110038452-A,Food waste collection vehicle system and its management method ,"주식회사 제이디씨텍, 주식회사 플레닉스","이석구, 박용근",2009-10-08,2009-10-08,2011-04-14,,https://patents.google.com/patent/KR20110038452A/en,https://patentimages.storage.googleapis.com/83/bc/07/137ca0bbde48f0/112009061755917-PAT00001.png
CN-201888886-U,Wheelchair positioning platform mounted on a special vehicle ,胡达广,胡达广,2010-08-29,2010-08-29,2011-07-06,2011-07-06,https://patents.google.com/patent/CN201888886U/en,https://patentimages.storage.googleapis.com/5c/bc/15/b95a68fe8ef99e/HSA00000261605400011.png
KR-20110028018-A,Sampling device ,주식회사 포스코,조상훈,2009-09-11,2009-09-11,2011-03-17,,https://patents.google.com/patent/KR20110028018A/en,https://patentimages.storage.googleapis.com/0f/1e/27/c8981fcae8dc9c/112009056082161-PAT00001.png
CN-201796724-U,Cutting knife group of a winding adhesive plaster wrapping machine ,德宙佑电电子(深圳)有限公司,"李文龙, 郭登焜",2010-05-21,2010-05-21,2011-04-13,2011-04-13,https://patents.google.com/patent/CN201796724U/en,https://patentimages.storage.googleapis.com/55/3a/ac/0a258cd7b8dfc6/HSA00000129713500011.png
CN-201756496-U,Wet-sludge low-temperature steam drier ,史海峰,史海峰,2010-06-28,2010-06-28,2011-03-09,2011-03-09,https://patents.google.com/patent/CN201756496U/en,https://patentimages.storage.googleapis.com/21/f4/f0/84584f929974b7/HDA0000022764080000011.png
RU-108980-U1,FIRE ADJUSTMENT OF THE NORTHERN FIRE RESCUE VEHICLE PERFORMED IN THE CLIMATE PERFORMANCE OF THE CL (FOR COLD CLIMATE) (OPTIONS) ,"Открытое акционерное общество ""Варгашинский завод противопожарного и специального оборудования""","Михаил Владимирович Алешков, Владимир Николаевич Казаков, Евгений Анатольевич Емельянов, Александр Владимирович Плосконосов",2010-04-12,2010-04-12,2011-10-10,2011-10-10,https://patents.google.com/patent/RU108980U1/en,
DE-102009045089-A1,Method for controlling and / or regulating an automated transmission ,Zf Friedrichshafen Ag,"Joachim Staudinger, Maik Dr. Würthner, Ingo Sauter, Johannes Kemler",2009-09-29,2009-09-29,2011-03-31,,https://patents.google.com/patent/DE102009045089A1/en,
CN-201719829-U,Model car tracking device based on CCD camera ,长安大学,"朱敏, 刘伟, 任德锟, 张元艺, 王良刚, 阎景波",2010-06-03,2010-06-03,2011-01-26,2011-01-26,https://patents.google.com/patent/CN201719829U/en,https://patentimages.storage.googleapis.com/5b/04/26/b77a66d19ac95a/100603101404.png
CN-201785379-U,Automated Xiaoqu liquor making line with traditional process ,章锋,章锋,2010-05-18,2010-05-18,2011-04-06,2011-04-06,https://patents.google.com/patent/CN201785379U/en,
KR-20110000007-U,Mini transfer vehicle ,현대엘리베이터주식회사,이태연,2009-06-26,2009-06-26,2011-01-03,,https://patents.google.com/patent/KR20110000007U/en,https://patentimages.storage.googleapis.com/4d/21/16/9b04c868de4a82/112009038803836-UTM00001.png
CN-201869053-U,Automatic insertion machine for motor magnetic steel ,苏州工业园区泰格电子科技有限公司,"严小斌, 薛振江, 张鑫",2009-12-28,2009-12-28,2011-06-15,2011-06-15,https://patents.google.com/patent/CN201869053U/en,https://patentimages.storage.googleapis.com/b7/b9/33/986e7003b6c22d/DEST_PATH_HSB00000310878500012.png
EP-2307768-A1,Method and device for controlling the transmission of a motor vehicle power plant ,Renault S.A.S.,Rémi Vandekerkhove,2008-07-10,2009-06-30,2011-04-13,,https://patents.google.com/patent/EP2307768A1/en,
CN-102166418-A,Acousto-optic device controlled by baby and control method thereof ,孟奇志,孟奇志,2010-12-31,2010-12-31,2011-08-31,,https://patents.google.com/patent/CN102166418A/en,https://patentimages.storage.googleapis.com/7a/11/cd/2bd040ff550a31/HDA0000042315730000011.png
US-7913830-B2,Bill storage device in automated teller machine and method for storing bill in the same ,Nautilus Hyosung Inc.,"Woo Ho Lee, Jae Hoon Kwak, Jin Yong HWANG, Hee Chang Lee",2008-09-09,2009-09-08,2011-03-29,2011-03-29,https://patents.google.com/patent/US7913830B2/en,https://patentimages.storage.googleapis.com/40/a2/35/d1a9da835c2d9d/US07913830-20110329-D00000.png
KR-101033105-B1,Automatic driving control method using multiple laser lights ,경희대학교 산학협력단,예윤해,2009-09-04,2009-09-04,2011-05-06,2011-05-06,https://patents.google.com/patent/KR101033105B1/en,https://patentimages.storage.googleapis.com/47/b8/48/5e32435f5103a1/112009054485346-pat00001.png
US-8045431-B2,Signal conversion module and optical disc apparatus using the same ,"Hitachi Consumer Electronics Co., Ltd.",Atsushi Kikugawa,2008-07-30,2009-07-27,2011-10-25,2011-10-25,https://patents.google.com/patent/US8045431B2/en,https://patentimages.storage.googleapis.com/b0/99/2c/9d316f15e614a8/US08045431-20111025-D00000.png
EP-2313669-B1,Transmission ,ZF Friedrichshafen AG,"Mario Steinborn, Ulrich Reith",2008-08-20,2009-07-09,2011-12-21,2011-12-21,https://patents.google.com/patent/EP2313669B1/en,https://patentimages.storage.googleapis.com/09/e6/fc/ffd00b91e1bdf6/imgf0001.png
CN-101646258-B,Data chain channel allocating method for automatic formation of unmanned air vehicle ,北京航空航天大学,"吴森堂, 刘星, 穆晓敏, 彭琛, 孙健, 杜阳, 冀湘予, 张有光, 唐积强",2009-09-11,2009-09-11,2011-05-18,2011-05-18,https://patents.google.com/patent/CN101646258B/en,https://patentimages.storage.googleapis.com/5b/cd/d0/329f46b0da160a/H2009100924225E00011.png
US-8049643-B2,Vehicle tracking system for vehicle washing ,Pete Ness,Pete Ness,2009-02-04,2009-02-04,2011-11-01,2011-11-01,https://patents.google.com/patent/US8049643B2/en,https://patentimages.storage.googleapis.com/31/b8/2b/19997310907bd8/US08049643-20111101-D00000.png
FR-2933759-B1,METHOD AND DEVICE FOR CONTROLLING THE TRANSMISSION OF A MOTORPOWER GROUP OF A MOTOR VEHICLE ,Renault Sas,Remi Vandekerkhove,2008-07-10,2008-07-10,2011-01-14,2011-01-14,https://patents.google.com/patent/FR2933759B1/en,
JP-WO2009075030-A1,Plastic film peeling device ,"株式会社 ベアック, 株式会社  ベアック","慎一 羽生, 慎一 羽生",2007-12-12,2007-12-12,2011-04-28,,https://patents.google.com/patent/JPWO2009075030A1/en,https://patentimages.storage.googleapis.com/16/e5/8b/c232091e64bdc4/2009075030-3.png
CN-101439765-B,Boxing machine ,宁波正力药品包装有限公司,曹波,2007-11-22,2007-11-22,2011-07-13,2011-07-13,https://patents.google.com/patent/CN101439765B/en,https://patentimages.storage.googleapis.com/65/6e/c5/4b1c331207cb50/S2007101571128E00011.png
WO-2011116441-A1,Passenger transport system using small-size vehicles on raised roadways powered by solar energy ,Roberto Saturnino Duarte,Roberto Saturnino Duarte,2010-03-22,2011-02-08,2011-09-29,,https://patents.google.com/patent/WO2011116441A1/en,
CN-102112332-A,Hybrid earth mover ,利莫－里德公司,J·A·奥布赖恩二世,2006-03-31,2007-04-02,2011-06-29,,https://patents.google.com/patent/CN102112332A/en,https://patentimages.storage.googleapis.com/39/53/07/d3a77774d885d3/H2007800190964E00011.png
CN-102092573-A,Heavy-duty steel rail conveying trolley ,湖北三丰智能输送装备股份有限公司,"徐锦胜, 朱汉平",2011-02-16,2011-02-16,2011-06-15,,https://patents.google.com/patent/CN102092573A/en,https://patentimages.storage.googleapis.com/b2/74/e7/c34416bae59c2b/110216162728.png
WO-2011159344-A1,Apparatus for applying a liquid material to glass and method of using same ,Pilkington Group Limited,"Matthew A. Rapin, David M. Kovach, Douglas G. Burwell",2010-06-18,2011-06-14,2011-12-22,,https://patents.google.com/patent/WO2011159344A1/en,
US-2011144873-A1,Transmission ,Zf Friedrichshafen Ag,"Ulrich Reith, Mario Steinborn",2008-08-20,2009-07-09,2011-06-16,,https://patents.google.com/patent/US20110144873A1/en,https://patentimages.storage.googleapis.com/9c/d8/68/a5bbbacf50af0d/US20110144873A1-20110616-D00000.png
US-2011175390-A1,Retractable Tarp System with Automated Opening/Closing Mechanism ,"VTI Holdings, Inc.","Lloyd Verduyn, Peter Braun",2010-01-15,2010-01-15,2011-07-21,,https://patents.google.com/patent/US20110175390A1/en,https://patentimages.storage.googleapis.com/58/80/50/5f6dfecf93972f/US20110175390A1-20110721-D00000.png
BR-PI0618365-A2,method for automated mechanical transmission autoconfiguration and electronic controller ,Zahnradfabrik Friedrichshafen,"Robert Anthony Sayman, Ronald Peter Muetzel, James Henry Devore, Christopher B Ross",2005-11-08,2006-11-06,2011-08-30,,https://patents.google.com/patent/BRPI0618365A2/en,
AT-E499551-T1,METHOD FOR SELF-ADJUSTING AUTOMATIC MECHANICAL TRANSMISSION AND ELECTRONIC CONTROL ,Zahnradfabrik Friedrichshafen,"Robert Anthony Sayman, Ronald Peter Muetzel, James Henry Devore, Christopher B Ross",2005-11-08,2006-11-06,2011-03-15,2011-03-15,https://patents.google.com/patent/ATE499551T1/en,
EP-2338761-A1,System and method for draining sewage from the vehicles ,General Vacuum s.r.l.,Gianluca Della Valle,2009-12-21,2010-12-21,2011-06-29,,https://patents.google.com/patent/EP2338761A1/en,https://patentimages.storage.googleapis.com/cd/44/70/6060f3130a28d2/imgf0001.png
DE-602006020319-D1,PROCESS FOR SELF-ADJUSTING AUTOMATIC MECHANICAL TRANSMISSION AND ELECTRONIC CONTROL ,Zahnradfabrik Friedrichshafen,"Robert Anthony Sayman, Ronald Peter Muetzel, James Henry Devore, Christopher B Ross",2005-11-08,2006-11-06,2011-04-07,,https://patents.google.com/patent/DE602006020319D1/en,
RU-108683-U1,COMPLEX OF PREPARATION OF OPERATOR OPERATORS FOR UNABILABLE REMOTE CONTROLLED UNDERWATER UNIT ,"Российская Федерация, от имени которой выступает государственный заказчик Министерство промышленности и торговли Российской Федерации (Минпромторг России)","Роберт Цовакович Гулиянц, Денис Сергеевич Вичевич, Сергей Николаевич Соколов, Илья Валентинович Мартынов",2011-04-26,2011-04-26,2011-09-20,2011-09-20,https://patents.google.com/patent/RU108683U1/en,
RU-108739-U1,DEVICE FOR IMPROVING STABILITY AND HARNESS OF VEHICLES ,"Федеральное государственное образовательное учреждение высшего профессионального образования ""Челябинская государственная агроинженерная академия""","Юрий Германович Горшков, Евгения Анатольевна Лещенко, Антон Александрович Калугин",2011-04-13,2011-04-13,2011-09-27,2011-09-27,https://patents.google.com/patent/RU108739U1/en,
CN-202083957-U,Free Tracking Robot ,德州学院,王芳,2011-03-30,2011-03-30,2011-12-21,2011-12-21,https://patents.google.com/patent/CN202083957U/en,https://patentimages.storage.googleapis.com/6a/ec/a1/2831f982a65fb6/HSA00000462358700011.png
CN-102191870-A,Car self-driving elevator-lifting multilayer flat ground parking lot ,介国安,"介国安, 吴辉",2011-03-25,2011-03-25,2011-09-21,,https://patents.google.com/patent/CN102191870A/en,https://patentimages.storage.googleapis.com/b1/d5/3a/d55f09ff2bb5d9/HSA00000465484500011.png
CN-102162776-A,Paraffin switching valve for tissue dehydrator ,常州市中威电子仪器有限公司,"陈雨平, 曹松, 姜义法, 方立东",2011-03-23,2011-03-23,2011-08-24,,https://patents.google.com/patent/CN102162776A/en,https://patentimages.storage.googleapis.com/4f/b5/ab/d3729b60133656/HDA0000051601840000011.png
CN-202038705-U,Automatic feeder ,李学甫,李学甫,2011-03-18,2011-03-18,2011-11-16,2011-11-16,https://patents.google.com/patent/CN202038705U/en,https://patentimages.storage.googleapis.com/b4/57/7f/cef5b7e59eaab9/HDA0000050951540000011.png
DE-102011003960-A1,"Method for operating e.g. hydraulic actuatable brake assembly of motor car, involves storing clutch interference point representing parameter in electronic control units, and controlling electronic car function based on stored point ","Continental Teves AG & Co. OHG, 60488","Faouzi 64287 Attallah, Christof 65779 Maron, Heinz-Anton 65527 Schneider, Oliver 60431 Stamatoski, Karsten 63801 Klein",2010-02-11,2011-02-10,2011-08-11,,https://patents.google.com/patent/DE102011003960A1/en,https://patentimages.storage.googleapis.com/8b/c6/54/147a1f50e0c8a2/00200000.png
CN-201957487-U,Automatic sticking machine for inoculation openings of fungus bags ,黄传柳,黄传柳,2011-01-31,2011-01-31,2011-09-07,2011-09-07,https://patents.google.com/patent/CN201957487U/en,https://patentimages.storage.googleapis.com/3e/ae/ef/dcbf36aed0859e/HSA00000431114300021.png
US-7889931-B2,"Systems and methods for automated vehicle image acquisition, analysis, and reporting ","Gb Investments, Inc.","Sean E. Webb, Merritt Franklin Johnson, III, Jason D. Watson",2004-10-22,2005-10-21,2011-02-15,2011-02-15,https://patents.google.com/patent/US7889931B2/en,https://patentimages.storage.googleapis.com/50/d3/9a/f44b5da29902e1/US07889931-20110215-D00000.png
US-8078338-B2,System and method for behavior based control of an autonomous vehicle ,Irobot Corporation,"Robert Todd Pack, James Allard, David S. Barrett, Misha Filippov, Selma Svendsen",2004-10-22,2004-10-22,2011-12-13,2011-12-13,https://patents.google.com/patent/US8078338B2/en,https://patentimages.storage.googleapis.com/a8/69/ad/8a130f64abc757/US08078338-20111213-D00000.png
CN-201971091-U,Vehicle-mounted fixing device for fixing vehicle information code ,谢瑞初,谢瑞初,2011-01-15,2011-01-15,2011-09-14,2011-09-14,https://patents.google.com/patent/CN201971091U/en,https://patentimages.storage.googleapis.com/81/ee/c3/7df0a0a5c7398e/HDA0000043969480000011.png
RU-2010115537-A,AUTOMATIC GEARBOX ,"Государственное образовательное учреждение высшего профессионального образования ""Пензенский государственный университет"" (ПГУ) (RU), Государственное образовательное учреждение высшего профессионального образования ""Пензенский государственный университет"" (ПГУ)","Александр Андреевич Грабовский (RU), Александр Андреевич Грабовский, Игорь Иосифович Артемов (RU), Игорь Иосифович Артемов, Евгений Валерьевич Бородин (RU), Евгений Валерьевич Бородин",2010-04-19,2010-04-19,2011-10-27,,https://patents.google.com/patent/RU2010115537A/en,
RU-104525-U1,WAGON-RAIL LUBRICANT ,"Открытое Акционерное Общество ""Российские Железные Дороги""","Валерий Семенович Коссов, Юрий Алектинович Панин, Виктор Анатольевич Чаркин, Игорь Валентинович Сазонов, Максим Леонидович Дисветов, Алексей Валерьевич Трифонов",2010-12-08,2010-12-08,2011-05-20,2011-05-20,https://patents.google.com/patent/RU104525U1/en,
WO-2011111278-A1,"Magnet, independent wind and water power generations, ship, and bicycle with air amplification motor ","睦技研株式会社, 黒田 睦, 武知 章代, 黒田 政和, 黒田 庄二郎","公政 炭崎, 牧子 炭崎, 乃美 小林, 暁子 炭崎",2010-03-12,2010-11-25,2011-09-15,,https://patents.google.com/patent/WO2011111278A1/en,https://patentimages.storage.googleapis.com/58/83/e2/c45cef3bd339dd/JPOXMLDOC01-appb-D000001.png
DE-102010051885-A1,"Method for supporting decimeter-precise maneuvering of watercraft i.e. water sports car, in port installation, involves correcting determined position and movement of watercraft with measurement data of sensor system ","Hochschule Niederrhein, 47805","Wolf-Dieter 53125 Mell, Jürgen 47239 Büddefeld, Sascha 47799 Stebani",2009-11-20,2010-11-22,2011-07-07,,https://patents.google.com/patent/DE102010051885A1/en,https://patentimages.storage.googleapis.com/7e/42/73/4a52cc9b809f85/00160000.png
WO-2011087355-A2,Trail and monitoring system using single camera panoramic imaging ,Mimos Berhad,Hock Woon Hon,2010-01-15,2010-10-29,2011-07-21,,https://patents.google.com/patent/WO2011087355A2/en,
WO-2011087355-A3,Trail and monitoring system using single camera panoramic imaging ,Mimos Berhad,Hock Woon Hon,2010-01-15,2010-10-29,2011-10-06,,https://patents.google.com/patent/WO2011087355A3/en,
WO-2011087355-A8,Trail and monitoring system using single camera panoramic imaging ,Mimos Berhad,Hock Woon Hon,2010-01-15,2010-10-29,2011-12-08,,https://patents.google.com/patent/WO2011087355A8/en,
DE-102010049686-A1,Method for operating a test arrangement ,Avl List Gmbh,"Felix Dr.-Ing. Pfister, Christian Dr.-Ing. Schyr, Clemens Dr. Reitze",2009-10-28,2010-10-28,2011-05-05,,https://patents.google.com/patent/DE102010049686A1/en,
KR-101013011-B1,Logistics system using cassette ,(주)우신시스템,허병하,2010-10-21,2010-10-21,2011-02-10,2011-02-10,https://patents.google.com/patent/KR101013011B1/en,https://patentimages.storage.googleapis.com/ff/d8/50/bb93f037dac69f/112010068030901-pat00001.png
RU-103191-U1,MOBILE INSTALLATION FOR DIAGNOSTICS OF POWER TRANSFORMERS ,Алексей Николаевич Цицорин,Алексей Николаевич Цицорин,2010-10-19,2010-10-19,2011-03-27,2011-03-27,https://patents.google.com/patent/RU103191U1/en,
CN-201807840-U,Transition table container processing device ,中国国际海运集装箱(集团)股份有限公司,吴煦,2010-10-15,2010-10-15,2011-04-27,2011-04-27,https://patents.google.com/patent/CN201807840U/en,https://patentimages.storage.googleapis.com/7c/f7/df/92f614f3b4912d/HDA0000028549520000021.png
RU-102570-U1,DEVICE FOR FRONT WASHING A VEHICLE ,"Общество с ограниченной ответственностью (ООО) ""Компания ""Чистые технологии""","Владимир Михайлович Смолянов, Алексей Викторович Журавлёв, Дмитрий Вячеславович Новосельцев, Игорь Лазаревич Рыжов, Раиль Сабитович Хисамутдинов, Андрей Павлович Митряйкин",2010-10-15,2010-10-15,2011-03-10,2011-03-10,https://patents.google.com/patent/RU102570U1/en,
CN-201883266-U,Improved yarn passing rack ,"魏永铭, 陈金圳","魏永铭, 陈金圳",2010-09-29,2010-09-29,2011-06-29,2011-06-29,https://patents.google.com/patent/CN201883266U/en,https://patentimages.storage.googleapis.com/00/dc/2b/b012b471e38af5/HSA00000288603700011.png
KR-101072712-B1,Media integration device and locking device for automatic teller machines ,엘지엔시스(주),이승종,2010-09-16,2010-09-16,2011-10-11,2011-10-11,https://patents.google.com/patent/KR101072712B1/en,https://patentimages.storage.googleapis.com/a4/d8/60/0a7c8d32fd6467/112010060177040-pat00001.png
CN-201764043-U,Self-acting flat safety shut valve having pneumatic device ,刘子良,刘子良,2010-09-16,2010-09-16,2011-03-16,2011-03-16,https://patents.google.com/patent/CN201764043U/en,https://patentimages.storage.googleapis.com/32/9d/cf/ff30e50d873ee0/100916143151.png
CN-201718441-U,Soaked bean-noodle machine ,朱强,朱强,2010-07-30,2010-07-30,2011-01-26,2011-01-26,https://patents.google.com/patent/CN201718441U/en,https://patentimages.storage.googleapis.com/25/af/b1/b8da52004d2e48/HSA00000219635700011.png
KR-20110004214-U,Nozzle Dam Inspection Equipment of Nuclear Power Plant ,김미숙,김미숙,2009-10-22,2009-10-22,2011-04-28,,https://patents.google.com/patent/KR20110004214U/en,https://patentimages.storage.googleapis.com/d6/0c/28/8fae17b911eeef/112009064637784-UTM00001.png
CN-201774944-U,Molding quantifying device ,四川好粮新方便食品有限公司,杨建辉,2010-07-16,2010-07-16,2011-03-30,2011-03-30,https://patents.google.com/patent/CN201774944U/en,https://patentimages.storage.googleapis.com/cd/92/46/da3f8e3fbdfd61/100716095538.png
EP-2399787-A1,Autononmous motorized belt retractor ,Autoliv Development Ab,Bernard Judet,2010-06-22,2010-06-22,2011-12-28,,https://patents.google.com/patent/EP2399787A1/en,https://patentimages.storage.googleapis.com/99/f9/01/b2ce7ff36fec76/imgf0001.png
RU-103337-U1,VEHICLE TOILET CLEANING COMPLEX ,"Общество с ограниченной ответственностью ""Промышленные вакуумные системы""","Виктор Соломонович Душкин, Яков Михайлович Зарецер, Елена Владимировна Злоказова",2010-06-10,2010-06-10,2011-04-10,2011-04-10,https://patents.google.com/patent/RU103337U1/en,
CN-201704028-U,Lifting platform for loading and unloading printing coil materials ,淄博泰宝包装制品有限公司,"许学峰, 张磊",2010-06-03,2010-06-03,2011-01-12,2011-01-12,https://patents.google.com/patent/CN201704028U/en,https://patentimages.storage.googleapis.com/14/df/5f/f908b922eefbd2/HDA0000022003830000011.png
JP-2011250560-A,Charge control device of electric vehicle and charger ,"Shikoku Electric Power Co Inc, 四国電力株式会社, Shikoku Research Institute Inc, 株式会社四国総合研究所","Yasunobu Tada, 安伸 多田",2010-05-26,2010-05-26,2011-12-08,,https://patents.google.com/patent/JP2011250560A/en,
CN-102247653-A,Realization method for controlling defibrillation waveforms efficiently and flexibly ,北京瑞新康达医疗科技有限公司,"韩东畴, 高建英",2010-05-19,2010-05-19,2011-11-23,,https://patents.google.com/patent/CN102247653A/en,https://patentimages.storage.googleapis.com/c7/40/2f/cdae617dca1e99/HSA00000107773400011.png
JP-2011038860-A,Method for updating position on road and device ,"Alpine Electronics Inc, アルパイン株式会社","Koji Sewaki, 光二 瀬脇",2009-08-07,2009-08-07,2011-02-24,,https://patents.google.com/patent/JP2011038860A/en,https://patentimages.storage.googleapis.com/65/e0/0a/8db1b44eacf718/2011038860-3.png
FR-2959545-A1,DEVICE FOR COUPLING BETWEEN A SHAFT AND A PULLEY AND MOTOR BLOCK THAT CAN EQUIP A MOTOR VEHICLE AND COMPRISING THE COUPLING DEVICE ,Peugeot Citroen Automobiles Sa,"Michael Wascheul, Marc Giannoni, Lievre Armel Le, Julien Berger",2010-05-03,2010-05-03,2011-11-04,,https://patents.google.com/patent/FR2959545A1/en,
JP-2011230735-A,Hybrid automobile ,"Toyota Motor Corp, トヨタ自動車株式会社, Fujitsu Ten Ltd, 富士通テン株式会社","Shinji Kato, 真士 加藤",2010-04-30,2010-04-30,2011-11-17,,https://patents.google.com/patent/JP2011230735A/en,https://patentimages.storage.googleapis.com/dd/33/7a/358751c665a4bf/2011230735-3.png
KR-20110118986-A,Cassette of automatic teller machine ,노틸러스효성 주식회사,"차진환, 이원준",2010-04-26,2010-04-26,2011-11-02,,https://patents.google.com/patent/KR20110118986A/en,https://patentimages.storage.googleapis.com/f9/8a/85/66525924232926/pat00001.png
CN-201789040-U,Lead-acid power battery with centralized exhaust structure ,深圳市雄韬电源科技股份有限公司,"宋波, 何满, 衣守忠",2010-04-19,2010-04-19,2011-04-06,2011-04-06,https://patents.google.com/patent/CN201789040U/en,https://patentimages.storage.googleapis.com/82/71/87/dfd83efd93bd7a/HSA00000084062700011.png
RU-2430310-C1,Local air temperature control system of zone of automated operator workstations of mobile information-analytical weapon system ,"Открытое акционерное общество ""Завод им. В.А. Дегтярева""","Владимир Вячеславович Громов (RU), Владимир Вячеславович Громов, Давид Лазорович Липсман (RU), Давид Лазорович Липсман, Олег Николаевич Лопуховский (RU), Олег Николаевич Лопуховский, Сергей Михайлович Мосалёв (RU), Сергей Михайлович Мосалёв, Игорь Семенович Рыбкин (RU), Игорь Семенович Рыбкин, Денис Игоревич Синицын (RU), Денис Игоревич Синицын, Владимир Анатольевич Хитров (RU), Владимир Анатольевич Хитров",2010-04-05,2010-04-05,2011-09-27,2011-09-27,https://patents.google.com/patent/RU2430310C1/en,https://patentimages.storage.googleapis.com/57/6c/02/9785c78680d494/00000002.png
FR-2957879-A1,"Method for cleaning windscreen in motor vehicle by using windscreen wiping system, involves projecting fluid along de-icing cycle activated by controller, where cycle is defined by quantity parameter of fluid and by variation of parameter ",Valeo Systemes Dessuyage,"Johan Calluiere, Raphael Mejean",2010-03-29,2010-03-29,2011-09-30,,https://patents.google.com/patent/FR2957879A1/en,
KR-200454706-Y1,Card acceptance device ,주식회사 와이비엘,이용배,2010-03-26,2010-03-26,2011-07-20,2011-07-20,https://patents.google.com/patent/KR200454706Y1/en,https://patentimages.storage.googleapis.com/e7/a1/7e/b4b17c3cfcf594/112010019517918-utm00001.png
CN-201770045-U,Nailing-type case unpacking machine ,大连佳林设备制造有限公司,尹柏林,2010-03-19,2010-03-19,2011-03-23,2011-03-23,https://patents.google.com/patent/CN201770045U/en,https://patentimages.storage.googleapis.com/99/40/4f/553d10f14a02df/DEST_PATH_HSB00000294840100031.png
JP-4819221-B2,"Photodetection device, autonomous vehicle, method of determining position of main body, autonomous floor cleaning device, and operation method of autonomous floor cleaning device ",ダイソン・テクノロジー・リミテッド,"デイヴィッド・リンゼイ・ビセット, マイケル・デイヴィッド・アルドレッド, スティーヴン・ジョン・ワイズマン",1998-12-18,1999-12-06,2011-11-24,2011-11-24,https://patents.google.com/patent/JP4819221B2/en,https://patentimages.storage.googleapis.com/ce/98/4f/40a6a67e5274a2/0004819221-2.png
ES-2365095-A1,"Portable and integrated system for measurement of emissions of particles, gases and activity of the vehicle. (Machine-translation by Google Translate, not legally binding) ",Centro De Investigaciones Energeticas Medioaambientales Y Tecnologicas (Ciemat),"Carmen Cecilia Barrios Sanchez, Aida Dominguez Saez",2010-03-09,2010-03-09,2011-09-22,,https://patents.google.com/patent/ES2365095A1/en,
RU-2419110-C1,Device for georadar estimation of soil bearing capacity ,"Владимир Александрович Захаров, Сергей Георгиевич Коробчану, Николай Петрович Погорелов, Андрей Станиславович Решенкин, Александр Григорьевич Тихомиров, Роман Андреевич Черниченко","Владимир Александрович Захаров (RU), Владимир Александрович Захаров, Сергей Георгиевич Коробчану (RU), Сергей Георгиевич Коробчану, Николай Петрович Погорелов (RU), Николай Петрович Погорелов, Андрей Станиславович Решенкин (RU), Андрей Станиславович Решенкин, Александр Григорьевич Тихомиров (RU), Александр Григорьевич Тихомиров, Роман Андреевич Черниченко (RU), Роман Андреевич Черниченко",2010-03-09,2010-03-09,2011-05-20,2011-05-20,https://patents.google.com/patent/RU2419110C1/en,
KR-20110098543-A,Fastening member provisional assembly device and control method ,주식회사화신,"전재학, 이상우, 박재범",2010-02-26,2010-02-26,2011-09-01,,https://patents.google.com/patent/KR20110098543A/en,https://patentimages.storage.googleapis.com/9d/5b/39/212cb854dbc7b6/pat00001.png
BR-PI1000319-A2,control method for hybrid electric energy storage system ,Unicamp,"Jose Antenor Pomilio, Fellipe Saldanha Garcia, Andre Augusto Ferreira",2010-02-17,2010-02-17,2011-10-04,,https://patents.google.com/patent/BRPI1000319A2/en,
RU-2010105156-A,VACUUM TOILET VEHICLE SYSTEM ,"Общество с ограниченной ответственностью ""Промышленные вакуумные системы"" (RU), Общество с ограниченной ответственностью ""Промышленные вакуумные системы""","Виктор Соломонович Душкин (RU), Виктор Соломонович Душкин, Яков Михайлович Зарецер (RU), Яков Михайлович Зарецер, Елена Владимировна Злоказова (RU), Елена Владимировна Злоказова",2010-02-16,2010-02-16,2011-08-27,,https://patents.google.com/patent/RU2010105156A/en,
RU-2427490-C1,Train vacuum closet system ,"Общество с ограниченной ответственностью ""Промышленные вакуумные системы""","Виктор Соломонович Душкин (RU), Виктор Соломонович Душкин, Александр Васильевич Колчев (RU), Александр Васильевич Колчев, Елена Владимировна Злоказова (RU), Елена Владимировна Злоказова",2010-02-16,2010-02-16,2011-08-27,2011-08-27,https://patents.google.com/patent/RU2427490C1/en,https://patentimages.storage.googleapis.com/c1/52/ea/34776688b4b58e/00000002.png
KR-101040954-B1,Automation Service Execution System and Method ,한국과학기술연구원,"임기웅, 안상철, 권용무",2009-05-04,2009-05-04,2011-06-16,2011-06-16,https://patents.google.com/patent/KR101040954B1/en,https://patentimages.storage.googleapis.com/a2/19/81/70a0c69ace0534/112009026831115-pat00001.png
RU-2421863-C1,Self-contained electric power supply system of movable objects ,Федеральное государственное учреждение 16 Центральный научно-исследовательский испытательный институт Министерства обороны Российской Федерации имени маршала войск связи А.И. Белова,"Николай Иванович Вергелис (RU), Николай Иванович Вергелис, Сергей Николаевич Слепов (RU), Сергей Николаевич Слепов, Анатолий Тимофеевич Левин (RU), Анатолий Тимофеевич Левин, Александр Николаевич Слепов (RU), Александр Николаевич Слепов, Александр Федорович Каковский (RU), Александр Федорович Каковский, Вера Ивановна Кулагина (RU), Вера Ивановна Кулагина, Валентина Павловна Шкурко (RU), Валентина Павловна Шкурко",2010-01-18,2010-01-18,2011-06-20,2011-06-20,https://patents.google.com/patent/RU2421863C1/en,https://patentimages.storage.googleapis.com/d5/b5/5f/ff6382bfcf36ec/00000002.png
KR-20110077224-A,Oxygen cleaning device and method ,"주식회사 포스코, 재단법인 포항산업과학연구원","최진태, 유기성, 유황열, 김무림",2009-12-30,2009-12-30,2011-07-07,,https://patents.google.com/patent/KR20110077224A/en,https://patentimages.storage.googleapis.com/04/a5/95/1539452348c32c/112009081513034-PAT00001.png
KR-20110074373-A,Power saving device of automatic teller machine and its method ,에프케이엠 주식회사,"민승만, 주경용",2009-12-24,2009-12-24,2011-06-30,,https://patents.google.com/patent/KR20110074373A/en,https://patentimages.storage.googleapis.com/41/9e/a6/af56a2eb7298e8/112009080382330-PAT00001.png
DE-102009057759-A1,Method for controlling and / or regulating a starting process of a drive unit of a motor vehicle ,Volkswagen Ag,Stephan Dr.-Ing. Schaefer,2009-12-10,2009-12-10,2011-06-16,,https://patents.google.com/patent/DE102009057759A1/en,https://patentimages.storage.googleapis.com/2a/70/7e/481a931813cf41/00120000.png
RU-2009145609-A,"METHOD FOR PRODUCING O2 BY SPACE, UNDERWATER VEHICLES FROM TOE BY ORIENTATION OF ELECTRETO SPIN DENSITY IN SOLAR ENERGY INSTALLATION ","Александр Михайлович Силантьев (RU), Александр Михайлович Силантьев, Галина Борисовна Яковенко (RU), Галина Борисовна Яковенко, Олег Вячеславович Неганов (RU), Олег Вячеславович Неганов","Александр Михайлович Силантьев (RU), Александр Михайлович Силантьев, Галина Борисовна Яковенко (RU), Галина Борисовна Яковенко, Олег Вячеславович Неганов (RU), Олег Вячеславович Неганов",2009-12-08,2009-12-08,2011-06-20,,https://patents.google.com/patent/RU2009145609A/en,
KR-20110060202-A,Device for feeding the medicine of capsule filling machine ,주식회사 세종파마텍,이원우,2009-11-30,2009-11-30,2011-06-08,,https://patents.google.com/patent/KR20110060202A/en,https://patentimages.storage.googleapis.com/c1/7c/c6/c73df9c6f390ba/112009073647448-PAT00001.png
KR-101068091-B1,Spatial Filtering Method for Obstacle Avoidance in Mobile Robots ,재단법인대구경북과학기술원,"김진욱, 김윤구, 안진웅, 이동하",2009-11-30,2009-11-30,2011-09-27,2011-09-27,https://patents.google.com/patent/KR101068091B1/en,https://patentimages.storage.googleapis.com/ca/63/15/42b862105bda62/112009073976690-pat00005.png
KR-20110060710-A,Spatial Filtering Method for Obstacle Avoidance in Mobile Robots ,재단법인대구경북과학기술원,"김진욱, 김윤구, 안진웅, 이동하",2009-11-30,2009-11-30,2011-06-08,,https://patents.google.com/patent/KR20110060710A/en,https://patentimages.storage.googleapis.com/aa/22/b8/33299d5f890ef2/112009073976690-PAT00005.png
KR-20110057383-A,Autonomous mobile device between longines in the block ,현대중공업 주식회사,"김용백, 김지온, 문형순, 김점구, 지영은",2009-11-24,2009-11-24,2011-06-01,,https://patents.google.com/patent/KR20110057383A/en,https://patentimages.storage.googleapis.com/89/c5/59/e81f43eb33f8b7/112009072049241-PAT00001.png
KR-20110066239-A,Propulsion device of capsule endoscope robot ,김한식,김한식,2009-11-20,2009-11-20,2011-06-17,,https://patents.google.com/patent/KR20110066239A/en,https://patentimages.storage.googleapis.com/c6/03/43/9811721df79874/112009071229903-PAT00001.png
RU-2009137453-A,ATOMATED WIND POWER PLANT ,"Леонид Захарович Засеев (RU), Леонид Захарович Засеев","Леонид Захарович Засеев (RU), Леонид Захарович Засеев",2009-10-09,2009-10-09,2011-04-20,,https://patents.google.com/patent/RU2009137453A/en,
TW-201112185-A,High-efficiency traffic sign device and method thereof ,"Tsint, Yen-Hsin Chai","Yen-Hsin Chai, Cheng-Yuan Wu, Yi-Zhong Deng, Meng-Ham Shen, Chia-Chi Chang, Yue-Sheng Lin, Liang-Yu Chen, Len-Kai Chai",2009-09-29,2009-09-29,2011-04-01,,https://patents.google.com/patent/TW201112185A/en,
KR-20110030104-A,Module position variable device for automated training system ,훼스텍 주식회사,이건희,2009-09-17,2009-09-17,2011-03-23,,https://patents.google.com/patent/KR20110030104A/en,https://patentimages.storage.googleapis.com/d9/37/80/5e58547a639643/112009057281286-PAT00001.png
KR-20110026790-A,Clip mounted automation system for vehicle panels ,유한회사  희진,이재만,2009-09-08,2009-09-08,2011-03-16,,https://patents.google.com/patent/KR20110026790A/en,https://patentimages.storage.googleapis.com/11/dd/91/3c0e6afa168f47/112009055273072-PAT00001.png
MA-32178-B1,Multipurpose sun visor generalizes and energy sensor ,Ouadie Touzani,Ouadie Touzani,2009-09-03,2009-09-03,2011-04-01,,https://patents.google.com/patent/MA32178B1/en,
KR-20110002453-U,Gripper for the fastener assembling robot of the door trim of automob ,한일이화주식회사,박주영,2009-09-03,2009-09-03,2011-03-09,,https://patents.google.com/patent/KR20110002453U/en,https://patentimages.storage.googleapis.com/ae/d0/38/2f030788196873/112009054355386-UTM00001.png
KR-20110019956-A,Running step breaker of welding carriage ,삼성중공업 주식회사,"최승진, 이재창, 이현철, 천경현, 강병권",2009-08-21,2009-08-21,2011-03-02,,https://patents.google.com/patent/KR20110019956A/en,https://patentimages.storage.googleapis.com/06/90/d7/285be52bd199e9/112009051247316-PAT00001.png
KR-101059861-B1,Running step breaker of welding carriage ,삼성중공업 주식회사,"최승진, 이재창, 이현철, 천경현, 강병권",2009-08-21,2009-08-21,2011-08-29,2011-08-29,https://patents.google.com/patent/KR101059861B1/en,https://patentimages.storage.googleapis.com/16/f7/cd/308d465293b22d/112009051247316-pat00001.png
KR-20110001599-U,Upright handle and crank angle (driving mode) switching device for crank-type front and rear wheel drive bicycles. ,김갑경,김갑경,2009-08-10,2009-08-10,2011-02-17,,https://patents.google.com/patent/KR20110001599U/en,https://patentimages.storage.googleapis.com/2e/20/4c/f54ef4dbfae4be/112009503058105-UTM00002.png
UA-96176-C2,Self-actuated spring-screw mechanism ,Семен Никитович Галченко,Семен Никитович Галченко,2009-08-04,2009-08-04,2011-10-10,,https://patents.google.com/patent/UA96176C2/en,
DE-102009035539-A1,"Industrial truck i.e. manual and autonomous counterbalanced fork-lift trucks, has manual and autonomous control modules mounted as pre-mounted units at interface and controlling control units over interface ",Still Gmbh,Ansgar Howey,2009-07-31,2009-07-31,2011-02-03,,https://patents.google.com/patent/DE102009035539A1/en,https://patentimages.storage.googleapis.com/23/28/3f/0e9b60f2d18e9e/00130000.png
DE-102009028121-A1,Method for operating a motor vehicle transmission ,Zf Friedrichshafen Ag,Reinhard Vollmar,2009-07-30,2009-07-30,2011-02-03,,https://patents.google.com/patent/DE102009028121A1/en,https://patentimages.storage.googleapis.com/e6/e8/e4/a14a2d3583b982/00110000.png
TW-201103588-A,Automated dispenser of radiopharmaceuticals ,Atomic Energy Council,Ming-Hsin Li,2009-07-29,2009-07-29,2011-02-01,,https://patents.google.com/patent/TW201103588A/en,
CN-101942347-A,Fuel methanol for vehicles and synthesizing equipment thereof ,"李孝富, 李敬书, 李文琼, 李三郎","李孝富, 李敬书, 李文琼, 李三郎",2009-07-06,2009-07-06,2011-01-12,,https://patents.google.com/patent/CN101942347A/en,https://patentimages.storage.googleapis.com/e5/68/6a/946ca3d5db0fee/H200910158329XE0000011.png
KR-20110003157-A,Financial Automation Equipment ,노틸러스효성 주식회사,이동철,2009-07-03,2009-07-03,2011-01-11,,https://patents.google.com/patent/KR20110003157A/en,https://patentimages.storage.googleapis.com/34/0b/ae/cdafef95f948d1/112009040817698-PAT00001.png
BR-PI0901786-A2,Stamping process for upper damper support ,Francisco Pardo Gutierrez,Francisco Pardo Gutierrez,2009-05-07,2009-05-07,2011-01-25,,https://patents.google.com/patent/BRPI0901786A2/en,
KR-101092605-B1,2-component sealing material composition ,헨켈코리아 유한회사,"주후령, 윤상용",2008-12-08,2008-12-08,2011-12-13,2011-12-13,https://patents.google.com/patent/KR101092605B1/en,
KR-101023875-B1,Linear scale unit ,한화테크엠주식회사,김상곤,2008-12-02,2008-12-02,2011-03-22,2011-03-22,https://patents.google.com/patent/KR101023875B1/en,https://patentimages.storage.googleapis.com/43/94/40/481fcaede8ecb7/112008082991988-pat00001.png
EP-1961998-B1,Hydraulic circuit for an automated double clutch vehicle transmission ,GETRAG Getriebe- und Zahnradfabrik Hermann Hagenmeyer GmbH & Cie KG,Gunther Petrzik,2000-04-25,2001-04-17,2011-01-26,2011-01-26,https://patents.google.com/patent/EP1961998B1/en,https://patentimages.storage.googleapis.com/43/84/ab/3ec665adca36e8/imgf0001.png
KR-101031807-B1,Facility horticulture insect repellent ,"오창준, 대한민국(농촌진흥청장)","서태철, 엄영철, 이한철, 최경이, 백이, 오창준",2008-09-23,2008-09-23,2011-04-29,2011-04-29,https://patents.google.com/patent/KR101031807B1/en,https://patentimages.storage.googleapis.com/4c/15/c0/d84b62348fd371/112008066917089-pat00001.png
ES-2353162-T3,DISPLAY AND CONTROL UNIT FOR ELECTRONIC TOWING AND PROCEDURE SYSTEMS FOR THE CONFIGURATION OF THE DISPLAY AND CONTROL UNIT. ,Wabco Gmbh,"Axel Stender, Sven Gorczyca, Bernd Heise, Lars Constabel",2007-03-08,2008-02-13,2011-02-25,2011-02-25,https://patents.google.com/patent/ES2353162T3/en,
EP-1245432-B1,Method and device of controlling the electric power supply of an electric driven vehicle for operation in an external mode or an autonomous mode ,ALSTOM Transport SA,"Arnaud Deleu, Philippe Nogaret",2001-03-29,2002-02-19,2011-04-27,2011-04-27,https://patents.google.com/patent/EP1245432B1/en,https://patentimages.storage.googleapis.com/d8/5a/ba/19a2bc0457992c/imgf0001.png
ES-2354412-T3,CAR OF ROW AND ELEVATOR OF AUTOMATED WAREHOUSE. ,California Natural Products,"Pat R. Mitchell, William R. Tipton",2003-11-28,2004-09-03,2011-03-14,2011-03-14,https://patents.google.com/patent/ES2354412T3/en,
EP-1228919-B1,Power supply system for an electric driven vehicle ,ALSTOM Transport SA,Jean-Pierre Batisse,2001-01-24,2002-01-08,2011-04-27,2011-04-27,https://patents.google.com/patent/EP1228919B1/en,https://patentimages.storage.googleapis.com/b1/61/37/427283fb5fb98f/imgf0001.png
JP-4721568-B2,Submarine exploration method and equipment using autonomous unmanned vehicle ,三井造船株式会社,"之郎 門元, 泰憲 西田",2001-07-10,2001-07-10,2011-07-13,2011-07-13,https://patents.google.com/patent/JP4721568B2/en,https://patentimages.storage.googleapis.com/a9/13/a5/4324950ed4908e/0004721568-2.png
US-8078481-B2,Benefits administration system and methods of use and doing business ,"John Steinbarth, Patricia Steinbarth","John Steinbarth, Patricia Steinbarth",2003-12-05,2004-12-06,2011-12-13,2011-12-13,https://patents.google.com/patent/US8078481B2/en,https://patentimages.storage.googleapis.com/83/86/8d/d29e1582bed195/US08078481-20111213-D00000.png
AU-2005229702-B2,Automatic contingency generator ,Northrop Grumman Systems Corporation,"Jack Houchard, William Mark Nichols",2004-11-16,2005-10-27,2011-04-21,2011-04-21,https://patents.google.com/patent/AU2005229702B2/en,
CA-2572956-C,Methods and systems for automating inventory and dispatch procedures at a staging area ,"United Parcel Service Of America, Inc., John A. Olsen, Iii, David L. Bradley","John A. Olsen, Iii, David L. Bradley",2004-07-14,2005-03-17,2011-07-19,2011-07-19,https://patents.google.com/patent/CA2572956C/en,
EP-1691949-B1,Orbital welding device for pipeline construction ,VIETZ GmbH,"Eginhard Werner Vietz, Frank Vollertsen, Harald Kohn, Claus Thomy",2003-12-10,2004-12-10,2011-02-23,2011-02-23,https://patents.google.com/patent/EP1691949B1/en,https://patentimages.storage.googleapis.com/bb/41/80/2948fb123c05a1/imgf0001.png
AU-2005249603-B2,"Method for transporting goods, and installation for carrying out said method ","""Katt"" Transport Gmbh",Helmut Kostmann,2004-06-04,2005-06-06,2011-04-14,2011-04-14,https://patents.google.com/patent/AU2005249603B2/en,
DE-19637001-B4,sensor unit ,"Aft Atlas Fahrzeugtechnik Gmbh, Conti Temic Microelectronic Gmbh, Luk Fahrzeug-Hydraulik Gmbh & Co. Kg, Schaeffler Technologies Gmbh & Co. Kg","Burkhard Kremmling, Nguyen Van Doan, Gerhard Dr. Overdiek, Ivo Agner, Dirk Heintzen, Dethlef Axmacher, Matthias Gramann, Gerhard Dr. Hettich",1995-09-12,1996-09-12,2011-06-16,2011-06-16,https://patents.google.com/patent/DE19637001B4/en,https://patentimages.storage.googleapis.com/4f/c7/a8/a473054e7a3c26/00620000.png
CA-2380048-C,A system for relative vehicle navigation ,"Cmte Development Limited, Elliot Stanley Duff, Jonathan Michael Roberts, Peter Ian Corke, Jock Bernard Cunningham, Commonwealth Scientific And Industrial Research Organisation","Elliot Stanley Duff, Jonathan Michael Roberts, Peter Ian Corke, Jock Bernard Cunningham",1999-07-23,2000-07-24,2011-08-16,2011-08-16,https://patents.google.com/patent/CA2380048C/en,
TW-201118805-A,Integration a car license with RFID UHF electronic tags for tolls station automated charge system and methods ,Kmc Internat System Tech Co,Fan-Kai Lin,2009-11-19,2009-11-19,2011-06-01,,https://patents.google.com/patent/TW201118805A/en,
RU-2009134361-A,AUTONOMOUS PORTABLE CAR WASH ,"Роман Илдусович Айбашев (RU), Роман Илдусович Айбашев, Ян Павлович Ярош (RU), Ян Павлович Ярош","Роман Илдусович Айбашев (RU), Роман Илдусович Айбашев, Ян Павлович Ярош (RU), Ян Павлович Ярош",2009-09-14,2009-09-14,2011-03-20,,https://patents.google.com/patent/RU2009134361A/en,
AT-E507104-T1,METHOD AND DEVICE FOR CONTROLLING THE ELECTRICAL ENERGY SUPPLY OF AN ELECTRICALLY DRIVEN VEHICLE INTENDED TO OPERATE IN EXTERNAL OR AUTONOMOUS MODE ,Alstom Transport Sa,"Arnaud Deleu, Philippe Nogaret",2001-03-29,2002-02-19,2011-05-15,2011-05-15,https://patents.google.com/patent/ATE507104T1/en,
DE-60239847-D1,Method and device for controlling the electrical power supply of an electrically driven vehicle intended for operation in external or autonomous mode ,Alstom Transport Sa,"Arnaud Deleu, Philippe Nogaret",2001-03-29,2002-02-19,2011-06-09,2011-06-09,https://patents.google.com/patent/DE60239847D1/en,
EP-1509419-B1,Motor vehicle having an automated transmission ,Volvo Lastvagnar Ab,"Marcus Steen, Anders Eriksson",2002-05-16,2003-05-08,2011-01-26,2011-01-26,https://patents.google.com/patent/EP1509419B1/en,https://patentimages.storage.googleapis.com/f5/d9/ab/74059434baaf78/imgf0001.png
ES-2359236-T3,MOTOR VEHICLE WITH AUTOMATED TRANSMISSION. ,Volvo Lastvagnar Ab,"Marcus Steen, Anders Eriksson",2002-05-16,2003-05-08,2011-05-19,2011-05-19,https://patents.google.com/patent/ES2359236T3/en,
BR-PI0620903-A2,a method for disengaging control of an automated clutch on a vehicle ,Volvo Lastvagnar Ab,"Svante Karlsson, Helene Panagopoulos, Erik Lauri",2006-01-05,2006-01-05,2011-11-29,,https://patents.google.com/patent/BRPI0620903A2/en,
DE-102005013697-B4,Method for characteristic map determination for controlling a switching process for fully automatic or automated transmissions of a motor vehicle ,Iav Gmbh Ingenieurgesellschaft Auto Und Verkehr,"Michael Papendieck, Björn Steffen",2005-03-24,2005-03-24,2011-02-24,2011-02-24,https://patents.google.com/patent/DE102005013697B4/en,https://patentimages.storage.googleapis.com/0c/cc/7a/6681ad47fd8e3a/00140000.png
US-8001908-B2,Model vehicle with automated door mechanism ,Lionel L.L.C.,"Richard F. Webster, Steven R. Greening",2004-05-28,2005-05-27,2011-08-23,2011-08-23,https://patents.google.com/patent/US8001908B2/en,https://patentimages.storage.googleapis.com/31/38/a0/f74b135eb07cda/US08001908-20110823-D00000.png
US-8001905-B2,Model vehicle with automated pantograph ,Lionel L.L.C.,"Richard F. Webster, Steven R. Greening",2004-05-28,2005-05-24,2011-08-23,2011-08-23,https://patents.google.com/patent/US8001905B2/en,https://patentimages.storage.googleapis.com/e8/cd/de/9205ea4bf1179c/US08001905-20110823-D00000.png
RU-108364-U1,MOBILE MODULE OF AUTOMATED CONTROL AND ACCESS POINTS ON THE BASIS OF VEHICLE ,"Закрытое акционерное общество ""Алгонт""",Александр Сергеевич Кондрашев,2011-04-28,2011-04-28,2011-09-20,2011-09-20,https://patents.google.com/patent/RU108364U1/en,
CN-201916474-U,Automobile automated manual transmission with gear shift power interruption automatic retaining device ,长城汽车股份有限公司,"任向飞, 郭小雷",2010-11-30,2010-11-30,2011-08-03,2011-08-03,https://patents.google.com/patent/CN201916474U/en,https://patentimages.storage.googleapis.com/cc/be/7e/1487f0bf17e43d/HSA00000366207900011.png
RU-2427855-C1,"Automated system for detecting and monitoring fissile and radioactive materials conveyed by transportation vehicles, and simultaneous monitoring of said transportation vehicles ","Андрей Юрьевич Быков, Владимир Николаевич Верховцев, Александр Иванович Иванов, Владимир Альбертович Куликов, Евгений Ильич Зайцев, Сергей Федорович Перцев, Михаил Михайлович Хвастунов, Григорий Тарасович Шевченко","Андрей Юрьевич Быков (RU), Андрей Юрьевич Быков, Владимир Николаевич Верховцев (RU), Владимир Николаевич Верховцев, Александр Иванович Иванов (RU), Александр Иванович Иванов, Владимир Альбертович Куликов (RU), Владимир Альбертович Куликов, Евгений Ильич Зайцев (RU), Евгений Ильич Зайцев, Сергей Федорович Перцев (RU), Сергей Федорович Перцев, Михаил Михайлович Хвастунов (RU), Михаил Михайлович Хвастунов, Григорий Тарасович Шевченко (RU), Григорий Тарасович Шевченко",2010-05-14,2010-05-14,2011-08-27,2011-08-27,https://patents.google.com/patent/RU2427855C1/en,
JP-2011183134-A,"Autonomously lighting light (device), lighting cockade, autonomously lighting pendant, autonomous lighting chain holder, green side mirror protection light, blue vehicle number light, blue stop lamp, and opposite-color (belt, plate, windmill, balloon, or the like) signal light ","Masamitsu Onishi, 真実 大西","Masamitsu Onishi, 真実 大西",2010-03-09,2010-03-09,2011-09-22,,https://patents.google.com/patent/JP2011183134A/en,https://patentimages.storage.googleapis.com/2c/df/9f/caf5dc74de1077/2011183134-8.png
DE-102009048788-A1,"Method for improving drive comfort in vehicle, involves providing drive system with automated transmission connected with engine ",Conti Temic Microelectronic Gmbh,Armin Tonn,2009-10-08,2009-10-08,2011-04-14,,https://patents.google.com/patent/DE102009048788A1/en,https://patentimages.storage.googleapis.com/59/4b/c9/685e784d27806b/00190000.png
UA-63644-U,Automated system for distribution of empty cars with system of decision support ,Владимир Федорович Чеклов,"Владимир Федорович Чеклов, Валентина Михайловна Чеклова, Алексей Игоревич Шеховцов",2011-04-27,2011-04-27,2011-10-10,,https://patents.google.com/patent/UA63644U/en,
FR-2960157-A1,"Autonomous modeling vehicle i.e. car, for use during races on track and/or utilized as teaching support, has receiver receiving signal that determines starting/stopping of controlling of motor by processor in accordance with cartography ","Thierry Chevrot, Miollis Stephane De",Thierry Chevrot,2010-05-21,2010-05-21,2011-11-25,,https://patents.google.com/patent/FR2960157A1/en,
FR-2957026-A1,"ELECTRIC VEHICLE, IN PARTICULAR BICYCLE, AND AUTONOMOUS MODULE FOR SUCH A VEHICLE ",Rdmo,Olivier Midy,2010-03-04,2010-03-04,2011-09-09,,https://patents.google.com/patent/FR2957026A1/en,
MX-2009007901-A,Autonomous vehicle for tracking furrows or beds in agricultural activities. ,Miguel Josue De La Torre Velazquez,"Miguel Josue De La Torre Velazquez, Jesus Ruiz Gonzalez, Claudia Ruiz Gonzalez",2009-07-24,2009-07-24,2011-01-24,,https://patents.google.com/patent/MX2009007901A/en,
RO-126609-A2,LOCATION SYSTEM FOR FURNITURE AND AUTONOMOUS VEHICLES ,"Ioan Susnea, Grigore Vasiliu","Ioan Susnea, Grigore Vasiliu",2009-12-04,2009-12-04,2011-08-30,,https://patents.google.com/patent/RO126609A2/en,
UA-58471-U,Lift-truck for plane automated parking of cars ,Владимир Николаевич Татаренко,Владимир Николаевич Татаренко,2010-10-12,2010-10-12,2011-04-11,,https://patents.google.com/patent/UA58471U/en,
GR-1007387-B,Energetically-autonomous transporation vehicle using multiple green energy sources ,Αλλαμ Πετρος Σαουντ Ομπαϊντου,Αλλαμ Πετρος Σαουντ Ομπαϊντου,2010-03-15,2010-03-15,2011-09-06,,https://patents.google.com/patent/GR1007387B/en,
RU-105995-U1,AUTOMATED MODULAR COMPLEX OF THE OUTPUT CONTROL OF THE CAR TRUCK CAR ,"ООО ""Промышленная экология и безопасность""","Михаил Михайлович Мочалов, Дмитрий Владимирович Журавлёв, Александр Сергеевич Бовкун, Валерий Касеевич Хананов",2011-02-08,2011-02-08,2011-06-27,2011-06-27,https://patents.google.com/patent/RU105995U1/en,
JP-4832682-B2,Automated guided vehicle ,"東京エレクトロン株式会社, 村田機械株式会社","収司 秋山, 賢 宮埜",2001-09-18,2001-09-18,2011-12-07,2011-12-07,https://patents.google.com/patent/JP4832682B2/en,https://patentimages.storage.googleapis.com/e1/33/cc/5d696633671202/0004832682-2.png
DE-50115787-D1,Hydraulic circuit for an automated dual-clutch transmission for motor vehicles ,Getrag Getriebe Zahnrad,Gunther Petrzik,2000-04-25,2001-04-17,2011-03-10,2011-03-10,https://patents.google.com/patent/DE50115787D1/en,
AR-077437-A1,ELECTRONIC SAFETY AUTONOMOUS WORK FOR MALACATE SUPPORT OF TERRESTRIAL VEHICLE WHEEL SUPPORTS ,Daniel Diego Jose,,2010-07-22,2010-07-22,2011-08-31,,https://patents.google.com/patent/AR077437A1/en,
BR-0206655-B1,process for controlling and / or regulating an automated clutch of a vehicle. ,,"Juergen Eich, Thomas Jaeger, Bernhard Boll, Frank Bast",2001-01-24,2002-01-21,2011-02-08,,https://patents.google.com/patent/BR0206655B1/en,
JP-4703830-B2,Obstacle detection sensor for automated guided vehicles ,北陽電機株式会社,"徹也 小島, 恵一 平田, 利宏 森",2000-09-14,2000-09-14,2011-06-15,2011-06-15,https://patents.google.com/patent/JP4703830B2/en,https://patentimages.storage.googleapis.com/eb/18/cf/7ad7da3dc0b02b/0004703830-2.png
EP-1800022-B1,Automated transmission for a motor vehicle and method for operating the same ,Daimler AG,"Carsten Gitt, Detlef Schnitzer",2004-09-23,2005-06-16,2011-09-28,2011-09-28,https://patents.google.com/patent/EP1800022B1/en,https://patentimages.storage.googleapis.com/5c/90/65/7968f6b89a4ccb/imgf0001.png
FR-2953467-A1,"Autonomous mode electric vehicle i.e. electric light train, has generator for generating water vapor and operated by non-pollutant heating gas that is contained in fermentation tank or interchangeable cylinders of vehicle ",Philippe Andre Pierre Meyer,Philippe Andre Pierre Meyer,2009-12-03,2009-12-03,2011-06-10,,https://patents.google.com/patent/FR2953467A1/en,
EP-1805435-B1,Selector drive for automated transmissions of motor vehicles ,ZF Friedrichshafen AG,"Karl-Hermann Ketteler, Andreas Fuessl, Bernd Schepperle",2004-08-28,2005-07-14,2011-03-23,2011-03-23,https://patents.google.com/patent/EP1805435B1/en,https://patentimages.storage.googleapis.com/08/a3/ab/ec3340765b03c0/imgf0001.png
DE-10347713-B4,Method for controlling a switching element in an automatic transmission or automated transmission of a motor vehicle ,Zf Friedrichshafen Ag,Armin Dipl.-Ing. Gierling,2003-10-14,2003-10-14,2011-02-17,2011-02-17,https://patents.google.com/patent/DE10347713B4/en,
AT-E503140-T1,SELECTOR DRIVE FOR AUTOMATED TRANSMISSIONS OF MOTOR VEHICLES ,Zahnradfabrik Friedrichshafen,"Karl-Hermann Ketteler, Andreas Fuessl, Bernd Schepperle",2004-08-28,2005-07-14,2011-04-15,2011-04-15,https://patents.google.com/patent/ATE503140T1/en,
JP-4724334-B2,Automated guided vehicle ,"東京エレクトロン株式会社, 村田機械株式会社","収司 秋山, 貴彦 村山",2001-09-18,2001-09-18,2011-07-13,2011-07-13,https://patents.google.com/patent/JP4724334B2/en,https://patentimages.storage.googleapis.com/26/c6/bd/15375e99866893/0004724334-2.png
DE-102010001489-A1,"Method for filling hydraulic fluid e.g. lubricant into piston accumulator used in hydraulic system of automated gear box in hybrid power train of motor car, involves operating electric machine with preset minimum rotation speed ","ZF Friedrichshafen AG, 88046",Armin 88085 Gierling,2010-02-02,2010-02-02,2011-08-04,,https://patents.google.com/patent/DE102010001489A1/en,
FR-2956627-A1,"Autonomous signaling system for car, has photovoltaic cell supplying power to light source, and control circuit to deactivate source when locking remote control is activated and reactivate source after deactivation of locking of vehicle ",Peugeot Citroen Automobiles Sa,"Jean-Bernard Marchetti, Jerome David",2010-02-22,2010-02-22,2011-08-26,,https://patents.google.com/patent/FR2956627A1/en,
FR-2957125-A1,"Simple or double locking clutch for automated transmission of motor vehicle, has shouldered stems fixed on disk parallel to axles that carries rings gripping periphery of spring with inner side inserted in groove of sliding ring ",Roger Laumain,Roger Laumain,2010-03-04,2010-03-04,2011-09-09,,https://patents.google.com/patent/FR2957125A1/en,
IT-LE20090013-U1,SYSTEMS TO INCREASE THE AUTONOMY OF ELECTRIC CARS WITH ENERGY PRODUCTION DURING MOVEMENT. ,Igino Enrico Cangianelli,Igino Enrico Cangianelli,2009-10-01,2009-10-01,2011-04-02,,https://patents.google.com/patent/ITLE20090013U1/en,
FR-2953171-A1,"Autonomous storage device for use in e.g. fascia of automobile, has rotary flap increasing volume of housing towards exterior to accommodate large portion of object, where dimension of flap is larger than dimension of part of housing ",Peugeot Citroen Automobiles Sa,Matthieu Millot,2009-12-01,2009-12-01,2011-06-03,,https://patents.google.com/patent/FR2953171A1/en,
FR-2949102-B1,AUTOMATIC AND AUTONOMOUS DESOLIDARIZATION DEVICE FOR AN ELEMENT OF A VEHICLE FOLLOWING THE IMMERSION OF THE VEHICLE ,Raguet Christophe Vivien,Raguet Christophe Vivien,2009-08-14,2009-08-14,2011-10-07,2011-10-07,https://patents.google.com/patent/FR2949102B1/en,
DE-102010002367-A1,"Electric linear drive i.e. electromechanical position switching drive, for automated synchronous transmission of motor car, has stator grooves and rotor poles comprising respective divisions, so that multiple detent positions are defined ",Robert Bosch Gmbh,"Ingo Drewe, Kurt Reutlinger",2010-02-25,2010-02-25,2011-11-17,,https://patents.google.com/patent/DE102010002367A1/en,https://patentimages.storage.googleapis.com/ed/c3/11/1d69408a9b7215/00180000.png
DE-202010016315-U1,Autonomous security system for the users of vehicle simulators ,Grenzebach Maschinenbau Gmbh,,2010-12-08,2010-12-08,2011-03-03,,https://patents.google.com/patent/DE202010016315U1/en,https://patentimages.storage.googleapis.com/de/ad/fb/bab31f6d221838/00150000.png
DE-102009028452-A1,"Actuator controlling method for automated transmission system of commercial motor vehicle, involves moving selection actuator from switching lanes to pre-determined position in neutral selection lane, so that gears are engaged with actuator ",Zf Friedrichshafen Ag,"Florian Schneider, Roland Dr. Mair",2009-08-11,2009-08-11,2011-02-24,,https://patents.google.com/patent/DE102009028452A1/en,https://patentimages.storage.googleapis.com/2a/2a/06/ff5cb21946610d/00090000.png
ES-2350888-T3,SYSTEM FOR THE HANDLING OF MATERIALS AND METHOD THAT USES AUTONOMOUS MOBILE DRIVING UNITS AND TRAYS OF DISPLACABLE STOCKS. ,"Kiva Systems, Inc.",Michael C. Mountz,2003-02-03,2004-01-14,2011-01-28,2011-01-28,https://patents.google.com/patent/ES2350888T3/en,
EP-2256377-B1,Selector for an automated gearbox in a motor vehicle ,ZF Friedrichshafen AG,Kai Heinrich,2009-05-28,2010-05-19,2011-12-21,2011-12-21,https://patents.google.com/patent/EP2256377B1/en,https://patentimages.storage.googleapis.com/10/59/c9/60cc531cea8f34/imgf0001.png
JP-4629286-B2,Automated guided vehicle ,"東京エレクトロン株式会社, 村田機械株式会社","収司 秋山, 貴彦 村山",2001-09-18,2001-09-18,2011-02-09,2011-02-09,https://patents.google.com/patent/JP4629286B2/en,https://patentimages.storage.googleapis.com/0a/dc/9c/c8f8c00be11379/0004629286-2.png
JP-4829553-B2,Automated guided vehicle ,大成建設株式会社,"英博 多賀, 剛 小野",2005-07-06,2005-07-06,2011-12-07,2011-12-07,https://patents.google.com/patent/JP4829553B2/en,https://patentimages.storage.googleapis.com/a0/59/b3/775e77c3bdadbb/0004829553-2.png
EP-2277758-A2,Systems and methods for control of a vehicle. ,iRobot Corporation,"James R. Allard, David S. Barrett, Mikhail Filippov, Robert Todd Pack, Selma Svendsen",2004-10-22,2005-10-21,2011-01-26,,https://patents.google.com/patent/EP2277758A2/en,https://patentimages.storage.googleapis.com/46/45/b4/4d070c76eddcff/imgf0001.png
EP-2269884-A1,Systems and methods for control of a vehicle ,iRobot Corporation,"James R. Allard, David S. Barrett, Mikhail Filippov, Robert Todd Pack, Selma Svendsen",2004-10-22,2005-10-21,2011-01-05,,https://patents.google.com/patent/EP2269884A1/en,https://patentimages.storage.googleapis.com/10/32/cc/ea9f0d27f9c4bb/imgf0001.png
ES-2362996-T3,POWER SUPPLY SYSTEM OF AN ELECTRIC TRACTION VEHICLE. ,Alstom Transport Sa,Jean-Pierre Batisse,2001-01-24,2002-01-08,2011-07-18,2011-07-18,https://patents.google.com/patent/ES2362996T3/en,
CA-2633590-C,Individual transport control and communication system ,"Cascade Engineering, Inc., Benedikt J. Gaegauf, P. Charles Ammond","Benedikt J. Gaegauf, P. Charles Ammond",2001-10-22,2002-03-20,2011-11-15,2011-11-15,https://patents.google.com/patent/CA2633590C/en,
ES-2364486-T3,METHOD AND SYSTEM FOR AUTOMATIC MARCH WITH VEHICLE FREE WHEEL. ,Volvo Lastvagnar Ab,"Marcus Steen, Lars Karlsson, Sixten Berglund",2004-03-09,2005-02-22,2011-09-05,2011-09-05,https://patents.google.com/patent/ES2364486T3/en,
CA-2349665-C,Automated fueling system with remote service facility to operate multiple refuelling stations ,"Tokheim Corporation, Gary L. Christman, William Goggin, Tokheim Holding B.V.","Gary L. Christman, William Goggin",1998-12-22,1999-12-17,2011-02-22,2011-02-22,https://patents.google.com/patent/CA2349665C/en,
ES-2370705-T3,INDIVIDUAL TRANSPORTATION SYSTEM. ,"Cascade Engineering, Inc.","Fredrick P. Keller, Benedikt J. Gaegauf",2001-03-01,2002-02-06,2011-12-22,2011-12-22,https://patents.google.com/patent/ES2370705T3/en,
EP-1587703-B1,Gearshift procedure for vehicles with engaged clutch-dependent power take-off ,Volvo Lastvagnar Ab,"Svante Karlsson, Erik Lauri, Marcus Steen",2003-01-14,2004-01-14,2011-03-16,2011-03-16,https://patents.google.com/patent/EP1587703B1/en,https://patentimages.storage.googleapis.com/08/cd/d0/3d777f114e6fd6/imgf0001.png
US-7912615-B2,Method for gear selection during driving of a vehicle in a heavy uphill drive condition ,Volvo Lastvagnar Ab,"Anders Lindgren, Sixten Berglund, Peter Templin, Anders Eriksson",2005-12-09,2005-12-09,2011-03-22,2011-03-22,https://patents.google.com/patent/US7912615B2/en,https://patentimages.storage.googleapis.com/94/aa/8d/8e082f849b7e2e/US07912615-20110322-D00000.png
CN-101022875-B,Automated low-volume tangential flow filtration process development device ,米利波尔有限公司,"C·彼得森, B·沃尔克",2004-08-27,2005-08-23,2011-02-23,2011-02-23,https://patents.google.com/patent/CN101022875B/en,https://patentimages.storage.googleapis.com/27/33/21/4b38a2d76b92af/S05828956120070301E000011.png
JP-4759206-B2,Automatic microtome blade exchanger ,ベンタナ・メデイカル・システムズ・インコーポレーテツド,"ヘンドリク，ケンドール・ビー, マクダニール，ダリン, ホルベク，ミロスラブ, リチヤーズ，ウイリアム, リツゾ，ビンセント",2000-04-29,2001-04-27,2011-08-31,2011-08-31,https://patents.google.com/patent/JP4759206B2/en,https://patentimages.storage.googleapis.com/78/2b/01/aca3d4c915d5d9/0004759206-2.png
US-7908180-B2,Interactive vehicle auction and sale system ,Keith Goclowski,Keith Goclowski,2000-08-28,2003-11-26,2011-03-15,2011-03-15,https://patents.google.com/patent/US7908180B2/en,https://patentimages.storage.googleapis.com/85/da/df/1e7dc6c14c040d/US07908180-20110315-D00000.png
EP-0982176-B1,Power supply system for an electric driven vehicle ,ALSTOM Transport SA,Philippe Gibard,1998-08-28,1999-08-13,2011-10-12,2011-10-12,https://patents.google.com/patent/EP0982176B1/en,https://patentimages.storage.googleapis.com/ed/7a/b4/9052601f2ab7e2/imgf0001.png
CA-2571834-C,Automated banking machine multiple sheet detector apparatus and method ,"Diebold, Incorporated, Songtao Ma, Edward L. Laskowski","Songtao Ma, Edward L. Laskowski",2004-07-01,2005-06-30,2011-02-22,2011-02-22,https://patents.google.com/patent/CA2571834C/en,
EP-2298155-A2,Method and arrangement for interpreting a drivers head and eye activity ,Volvo Technology Corporation,"Trent Victor, Peter Birkendal",2002-10-15,2003-10-15,2011-03-23,,https://patents.google.com/patent/EP2298155A2/en,https://patentimages.storage.googleapis.com/b1/01/94/3890e31c0a48fe/imgf0001.png
EP-2277758-A3,Systems and methods for control of a vehicle. ,iRobot Corporation,"James R. Allard, David S. Barrett, Mikhail Filippov, Robert Todd Pack, Selma Svendsen",2004-10-22,2005-10-21,2011-02-16,,https://patents.google.com/patent/EP2277758A3/en,
DE-60239843-D1,Power supply system for an electrically driven vehicle ,Alstom Transport Sa,Jean-Pierre Batisse,2001-01-24,2002-01-08,2011-06-09,2011-06-09,https://patents.google.com/patent/DE60239843D1/en,
AT-E507103-T1,POWER SUPPLY SYSTEM FOR AN ELECTRICALLY DRIVEN VEHICLE ,Alstom Transport Sa,Jean-Pierre Batisse,2001-01-24,2002-01-08,2011-05-15,2011-05-15,https://patents.google.com/patent/ATE507103T1/en,
CA-2675562-A1,The electric motor is powered by two alternating batteries ,Normand Belanger,Normand Belanger,2009-08-13,2009-08-13,2011-02-13,,https://patents.google.com/patent/CA2675562A1/en,
KR-20110070948-A,Control mode conversion system of online electric vehicle ,"한국과학기술원, (주)언맨드솔루션","조동호, 김진규, 임창경, 최유준, 이순종, 김정하, 문희창",2009-12-19,2009-12-19,2011-06-27,,https://patents.google.com/patent/KR20110070948A/en,https://patentimages.storage.googleapis.com/ef/a2/44/d2cb2098a55578/112009078692735-PAT00001.png
KR-101056935-B1,Control method of automatic driving cleaner ,엘지전자 주식회사,왕희일,2003-12-31,2003-12-31,2011-08-12,2011-08-12,https://patents.google.com/patent/KR101056935B1/en,https://patentimages.storage.googleapis.com/8c/6c/aa/e7b732d410e448/112003051184073-pat00009.png
RU-102576-U1,TOILET SYSTEM ,"Общество с ограниченной ответственностью ""Циркон-Сервис"" (ООО ""Циркон-Сервис"")","Анатолий Владимирович Бабич, Антон Владимирович Кравчук, Александр Эдуардович Шестухин",2010-04-09,2010-04-09,2011-03-10,2011-03-10,https://patents.google.com/patent/RU102576U1/en,
RU-108746-U1,ARMS FOR EQUIPMENT OF ARMORED MACHINES ,"Открытое акционерное общество ""Зеленодольское проектно-конструкторское бюро"", Открытое акционерное общество ""ЦНИИ ""Курс""","Леонид Федорович Федосеев, Андрей Александрович Гречкин, Лев Михайлович Клячко, Сергей Ильич Мареев, Валерий Павлович Милоголов, Леонид Петрович Морозов, Кирилл Леонидович Ржепецкий, Вадим Геннадьевич Сапарин, Игорь Евгеньевич Старчеус, Виктор Федорович Сумин, Вячеслав Львович Уманский, Леонид Егорович Шарапов, Фарид Хабибуллович Хасанов, Алексей Владимирович Большаков",2011-01-24,2011-01-24,2011-09-27,2011-09-27,https://patents.google.com/patent/RU108746U1/en,
UA-64582-U,"Automated geographic information control system for collection, transport, transfer and unloading of objects ","Общество С Ограниченной Ответственностью ""Брайт Телеком""",Александр Владимирович Калюжный,2011-04-19,2011-04-19,2011-11-10,,https://patents.google.com/patent/UA64582U/en,
EP-1632696-B1,Method and device to prevent erroneous shift for an automated transmission ,Schaeffler Technologies AG & Co. KG,Andreas Maxon,2004-09-03,2005-08-09,2011-12-07,2011-12-07,https://patents.google.com/patent/EP1632696B1/en,https://patentimages.storage.googleapis.com/37/09/4b/81d1f1b9d6ee9f/imgf0001.png
DE-602005027532-D1,Electronic automated manual transmission and method of control ,Iveco Spa,"Giuseppe Sirianni, Paolo Vaglio",2004-12-15,2005-11-17,2011-06-01,,https://patents.google.com/patent/DE602005027532D1/en,
JP-2011117382-A,Engine filter regeneration control device ,"Suzuki Motor Corp, スズキ株式会社","Minoru Nakajima, 稔 中島",2009-12-04,2009-12-04,2011-06-16,,https://patents.google.com/patent/JP2011117382A/en,https://patentimages.storage.googleapis.com/05/36/c9/1ea9bcd6d92190/2011117382-3.png
DE-102010028283-A1,"Method for determining starting gears with motor car, involves determining non-braking and braking starting gears, such that assigned rolling moment of motor car widely corresponds to drag moment of dire motor ",Zf Friedrichshafen Ag,Dr. Mair Roland,2010-04-28,2010-04-28,2011-12-01,,https://patents.google.com/patent/DE102010028283A1/en,https://patentimages.storage.googleapis.com/be/00/29/55a00e429e54a4/00150000.png
JP-2011182963-A,"Vehicle system for welfare, welfare vehicle, control method for vehicle system for welfare ","Toyota Motor Corp, トヨタ自動車株式会社","Naoki Motoi, 直樹 元井, Kazuhiro Shintani, 和宏 新谷, Mitsugi Kikuchi, 貢 菊地",2010-03-09,2010-03-09,2011-09-22,,https://patents.google.com/patent/JP2011182963A/en,https://patentimages.storage.googleapis.com/a6/88/4f/33370e4df0cd50/2011182963-4.png
EP-2363306-A2,System and method for automated tow coupling ,Tal & Hadas Ltd.,Eliahu Tayar,2010-03-02,2011-03-02,2011-09-07,,https://patents.google.com/patent/EP2363306A2/en,https://patentimages.storage.googleapis.com/7c/9b/b5/2ec0832e3cd916/imgf0001.png
BR-PI0903054-A2,standalone on-board computer for land vehicles ,Sebastiao Vagner Aredes,Sebastiao Vagner Aredes,2009-08-17,2009-08-17,2011-05-10,,https://patents.google.com/patent/BRPI0903054A2/en,
ES-2359247-T3,PROCEDURE FOR THE REGULATION OF THE ROTATION SPEED OF A POWER OUTLET NOT DEPENDING ON CLUTCH. ,Volvo Lastvagnar Ab,"Marcus Steen, Sixten Berglund, Anders Eriksson",2003-09-24,2004-09-21,2011-05-19,2011-05-19,https://patents.google.com/patent/ES2359247T3/en,
EP-1422678-A3,Communication system with a vehicle ,France Telecom,"Andre Vigeolas, Christian Junker",2002-11-20,2003-11-17,2011-06-22,,https://patents.google.com/patent/EP1422678A3/en,
AT-E506558-T1,ELECTRONIC AUTOMATED TRANSMISSION AND METHOD FOR CONTROL ,Iveco Spa,"Giuseppe Sirianni, Paolo Vaglio",2004-12-15,2005-11-17,2011-05-15,2011-05-15,https://patents.google.com/patent/ATE506558T1/en,
UA-94569-C2,Method for forming train from individual cars ,Бомбардір Транспортаціон Гмбх,"Крістіан Зегіт, Манфред Янс",2004-09-07,2005-09-02,2011-05-25,,https://patents.google.com/patent/UA94569C2/en,
KR-20110072012-A,Emergency safety measures for automated manual transmission systems ,현대모비스 주식회사,김부성,2009-12-22,2009-12-22,2011-06-29,,https://patents.google.com/patent/KR20110072012A/en,https://patentimages.storage.googleapis.com/e2/84/34/f10b9567214171/112009079257890-PAT00001.png
CZ-2010415-A3,System of automated critical warning in front of traffic accident point ,"Brunclík@Milan, Skrbek@Jan","Brunclík@Milan, Skrbek@Jan",2010-05-26,2010-05-26,2011-12-07,,https://patents.google.com/patent/CZ2010415A3/en,
AT-E536504-T1,METHOD AND DEVICE FOR PREVENTING THE INTAKE OF AN UNPERMITTED GEAR IN AN AUTOMATED TRANSMISSION ,Schaeffler Technologies Gmbh,Andreas Maxon,2004-09-03,2005-08-09,2011-12-15,2011-12-15,https://patents.google.com/patent/ATE536504T1/en,
TH-5943-A3,Automatic liquid dispensing controller ,,"พันระวงษ์ นายสมเกียรติ, จันทร์บำรุง นางสาวชนิดา",,2010-10-14,2011-02-04,,https://patents.google.com/patent/TH5943A3/en,
TH-107978-A,Single-frame robots for automated parking systems ,,จรูญสิริพันธ์ นายพุทธิพงษ์,,2009-01-16,2011-05-20,,https://patents.google.com/patent/TH107978A/en,
TH-5943-C3,Automatic liquid dispensing controller ,,"พันระวงษ์ นายสมเกียรติ, จันทร์บำรุง นางสาวชนิดา",,2010-10-14,2011-02-04,,https://patents.google.com/patent/TH5943C3/en,
EP-1672251-B1,Electronic automated gearbox and method of operation ,IVECO S.p.A.,"Giuseppe Sirianni, Paolo Vaglio",2004-12-15,2005-11-17,2011-04-20,2011-04-20,https://patents.google.com/patent/EP1672251B1/en,https://patentimages.storage.googleapis.com/df/27/d6/a038b67a2e16af/imgf0001.png
ES-2365339-T3,AUTOMATIC ELECTRONIC GEARBOX AND OPERATING METHOD. ,Iveco S.P.A.,"Giuseppe Sirianni, Paolo Vaglio",2004-12-15,2005-11-17,2011-09-29,2011-09-29,https://patents.google.com/patent/ES2365339T3/en,
KR-101076324-B1,Check Recognition Device and Check Recognition Method of Automatic Financial Equipment ,노틸러스효성 주식회사,"곽재훈, 임종규",2010-10-19,2010-10-19,2011-10-26,2011-10-26,https://patents.google.com/patent/KR101076324B1/en,https://patentimages.storage.googleapis.com/fa/58/f0/4e1ab26c767530/112010067302429-pat00001.png
RU-103338-U1,VEHICLE AND HYGIENE EQUIPMENT SYSTEM ,"Общество с ограниченной ответственностью ""Промышленные вакуумные системы""","Виктор Соломонович Душкин, Яков Михайлович Зарецер, Елена Владимировна Злоказова",2010-06-10,2010-06-10,2011-04-10,2011-04-10,https://patents.google.com/patent/RU103338U1/en,
US-7933707-B2,Method for triggering the clutch moment of a clutch of an automated gear and device for implemention of the method ,Schaeffler Technologies Gmbh & Co. Kg,"Reinhard Berger, Thomas Weber",2004-04-06,2005-04-05,2011-04-26,2011-04-26,https://patents.google.com/patent/US7933707B2/en,https://patentimages.storage.googleapis.com/fb/8e/5a/564abb6a2b942e/US07933707-20110426-D00000.png
ES-2360517-T3,AUTOMATIC COUPLING AND DECOOPLATION PROCEDURE FOR A DEPENDENT FORCE SOCKET OF THE COUPLING PLACED IN THE VEHICLE GEARBOX. ,Volvo Lastvagnar Ab,"Marcus Steen, Lars Brathe, Anders Eriksson",2002-10-02,2003-09-08,2011-06-06,2011-06-06,https://patents.google.com/patent/ES2360517T3/en,
KR-101065683-B1,Pulley structure of the clothes dryer ,엘지전자 주식회사,이동근,2003-12-11,2003-12-11,2011-09-19,2011-09-19,https://patents.google.com/patent/KR101065683B1/en,https://patentimages.storage.googleapis.com/e0/2e/b0/3dc50438fb4bd6/112003047384328-pat00001.png
RU-109312-U1,ADVERTISING DEVICE FOR CAR ,Андрей Леонидович Тюканов,Андрей Леонидович Тюканов,2011-06-16,2011-06-16,2011-10-10,2011-10-10,https://patents.google.com/patent/RU109312U1/en,
RU-110355-U1,SYSTEM OF PREVENTION OF ACCESSES OF EXIT TRAFFIC LIGHTS AT STATIONS ,"Общество С Ограниченной Ответственностью ""Авп Технология""","Валерий Михайлович Абрамов, Леонид Аркадьевич Галчёнков, Борис Данилович Никифоров, Михаил Даниилович Рабинович, Андрей Борисович Чегуров",2011-06-08,2011-06-08,2011-11-20,2011-11-20,https://patents.google.com/patent/RU110355U1/en,
RU-111300-U1,COMPLEX AUTOMATED DEFECTIVE MAGNETIC ,"Общество с ограниченной ответственностью ""Информационные и инновационные технологии"" ""И2Тех""","Николай Иванович Мережин, Андрей Юрьевич Матюнин, Михаил Николаевич Максимов",2011-04-29,2011-04-29,2011-12-10,2011-12-10,https://patents.google.com/patent/RU111300U1/en,
CN-202063638-U,Electric converging device for crane ,天津起重设备有限公司,庞春芳,2011-04-20,2011-04-20,2011-12-07,2011-12-07,https://patents.google.com/patent/CN202063638U/en,https://patentimages.storage.googleapis.com/df/41/96/cf121276e29a64/HDA0000056424440000011.png
CN-202054390-U,Chain driving device ,安徽龙裕牧业设备有限公司,"阎金才, 佘德勇, 王志军",2011-04-01,2011-04-01,2011-11-30,2011-11-30,https://patents.google.com/patent/CN202054390U/en,https://patentimages.storage.googleapis.com/ad/8f/11/8ae099781a2c6c/HSA00000465575500011.png
RU-105988-U1,MOBILE MIXING-CHARGING WORKSHOP ,"Общество с ограниченной ответственностью ""Глобал Майнинг Эксплозив - Раша""","Павел Александрович Брагин, Илья Юрьевич Маслов, Елена Евгеньевна Козловская, Сергей Ярославович Иосипенко, Владимир Витальевич Большаков, Алексей Станиславович Сёмин",2011-03-10,2011-03-10,2011-06-27,2011-06-27,https://patents.google.com/patent/RU105988U1/en,
KR-101021683-B1,Tap IC separation device and its method ,주식회사 성진하이메크,구영석,2009-03-20,2009-03-20,2011-03-17,2011-03-17,https://patents.google.com/patent/KR101021683B1/en,https://patentimages.storage.googleapis.com/58/64/42/08e6cc71101e5f/112009016852803-pat00001.png
RU-2420854-C1,Single-phase autonomous inverter with pulse-duration modulation of ac current ,"Федеральное государственное образовательное учреждение высшего профессионального образования ""Кубанский государственный аграрный университет""","Олег Владимирович Григораш (RU), Олег Владимирович Григораш, Юрий Петрович Степура (RU), Юрий Петрович Степура, Антон Евгеньевич Усков (RU), Антон Евгеньевич Усков, Юрий Николаевич Тонкошкуров (RU), Юрий Николаевич Тонкошкуров, Артем Эдуардович Сулейманов (RU), Артем Эдуардович Сулейманов",2010-05-11,2010-05-11,2011-06-10,2011-06-10,https://patents.google.com/patent/RU2420854C1/en,https://patentimages.storage.googleapis.com/97/f2/3f/6f21e1971cd70b/00000002.png
RU-104534-U1,THREE-DOOR CABIN OF THE LOAD-PASSENGER CAR ,"Общество с ограниченной ответственностью ""Чайка-НН""","Евгений Фёдорович Ганин, Сергей Владимирович Шаронов, Эдуард Владимирович Дудник, Александр Александрович Шкапов",2010-12-15,2010-12-15,2011-05-20,2011-05-20,https://patents.google.com/patent/RU104534U1/en,
DE-102008009342-B4,Motor vehicle transmission with a constantly filled hydrodynamic coupling ,Voith Patent Gmbh,"Martin Becke, Oliver Hinrichs, Werner Prof. Klement, Werner Koch",2008-02-14,2008-02-14,2011-05-05,2011-05-05,https://patents.google.com/patent/DE102008009342B4/en,https://patentimages.storage.googleapis.com/c5/6d/77/87cb39b2ac2758/00160000.png
KR-101031491-B1,Noisy removal device of auto flasher ,쌍용자동차 주식회사,이은중,2008-08-27,2008-08-27,2011-04-29,2011-04-29,https://patents.google.com/patent/KR101031491B1/en,https://patentimages.storage.googleapis.com/57/4f/ee/3f06a6a7bdc81c/112008061143445-pat00004.png
RU-102574-U1,INTEGRATED HEATING SYSTEM FOR PASSENGER CAR ,"Общество с ограниченной ответственностью Научно Производственное Предприятие ""Циркон Сервис"" ООО НПП ""Циркон Сервис""","Михаил Даниилович Рабинович, Борис Григорьевич Асташев, Игорь Михайлович Саражин",2010-05-17,2010-05-17,2011-03-10,2011-03-10,https://patents.google.com/patent/RU102574U1/en,
KR-101012424-B1,Pad Attaching Device of LCD Panel Guide Panel ,동양산업(주),전복용,2010-06-14,2010-06-14,2011-02-08,2011-02-08,https://patents.google.com/patent/KR101012424B1/en,https://patentimages.storage.googleapis.com/49/dd/56/326b7983346e27/112010038041775-pat00001.png
KR-101062684-B1,Automation kickdown bracket press combination Automated mold production method and device ,전주대학교 산학협력단,"정진양, 서정덕, 김경철",2009-03-23,2009-03-23,2011-09-06,2011-09-06,https://patents.google.com/patent/KR101062684B1/en,https://patentimages.storage.googleapis.com/ec/b9/cd/dd8bb4e85438d4/112009017305481-pat00001.png
CN-101476605-B,Non-contact clutch ,泰豪科技股份有限公司,"徐剑萍, 周红薇, 杨家国",2009-02-12,2009-02-12,2011-01-05,2011-01-05,https://patents.google.com/patent/CN101476605B/en,https://patentimages.storage.googleapis.com/e8/b1/17/d39fa7a4dfe0fd/H2009101149188E00011.png
CN-201833259-U,Valve cutting device ,安庆帕沃尔气门有限公司,"姚俊, 吴奎, 金立新, 李贻明, 江金玉, 胡军",2010-09-16,2010-09-16,2011-05-18,2011-05-18,https://patents.google.com/patent/CN201833259U/en,https://patentimages.storage.googleapis.com/81/3d/7b/a694b5f71c8de1/HSA00000276230400011.png
CN-201896626-U,Protection device for vehicle through throttle of mine ,邹城市邦汉工贸有限公司,"任晓东, 王广青, 韩向兵, 申立华, 孙学峰, 郝飞, 赵银明, 彭学升, 王振",2010-11-19,2010-11-19,2011-07-13,2011-07-13,https://patents.google.com/patent/CN201896626U/en,https://patentimages.storage.googleapis.com/07/3e/72/24f5c415f831fe/HSA00000369099500011.png
KR-101029369-B1,Material sorter of automated equipment ,(주) 에스에스피,진광우,2009-01-23,2009-01-23,2011-04-13,2011-04-13,https://patents.google.com/patent/KR101029369B1/en,https://patentimages.storage.googleapis.com/65/05/e2/3176edd44ffc09/112009004616796-pat00001.png
KR-101021684-B1,Feeding device and method of tap IC continuum ,주식회사 성진하이메크,구영석,2009-03-20,2009-03-20,2011-03-17,2011-03-17,https://patents.google.com/patent/KR101021684B1/en,https://patentimages.storage.googleapis.com/f6/d2/38/a758ac09f3a2e0/112009016853095-pat00001.png
CN-201724814-U,Test-bed for gear actuator of AMT (Automated Mechanical Transmission) ,中国重汽集团大同齿轮有限公司,"葛玉珉, 原果田, 任少卿, 符东江, 张学强, 赵志远, 杨攀, 李飏, 韩伟, 曹永利",2010-07-17,2010-07-17,2011-01-26,2011-01-26,https://patents.google.com/patent/CN201724814U/en,https://patentimages.storage.googleapis.com/d7/4b/b9/7e0a1bdacf690d/HSA00000198279700011.png
RU-105336-U1,MULTI-STOREYED RESIDENTIAL BUILDING ,"Павел Владимирович Корчагин, Корчагина Марина Евгеньевна, Додонов Сергей Георгиевич, Воронин Александр Валерьевич",Павел Владимирович Корчагин,2009-08-21,2009-08-21,2011-06-10,2011-06-10,https://patents.google.com/patent/RU105336U1/en,
CN-201828576-U,Automotive rear foglight-lighting fixture ,常州市明宇交通器材有限公司,姚小明,2010-09-20,2010-09-20,2011-05-11,2011-05-11,https://patents.google.com/patent/CN201828576U/en,https://patentimages.storage.googleapis.com/d2/ee/e1/7753fa43bf4a33/HSA00000276826900011.png
RU-105252-U1,"TRACTION POWER TRAILER FOR TRACTOR, PREVIOUSLY AGRICULTURAL ","Государственное образовательное учреждение высшего профессионального образования Московский государственный технический университет ""МАМИ""",Геннадий Борисович Шипилевский,2010-12-22,2010-12-22,2011-06-10,2011-06-10,https://patents.google.com/patent/RU105252U1/en,
RU-109663-U1,BATH ,"Антон Николаевич Кривоногов, Сергей Евгеньевич Потураев","Антон Николаевич Кривоногов, Сергей Евгеньевич Потураев, Евгений Николаевич Константинов, Людмила Ивановна Потураева",2010-12-29,2010-12-29,2011-10-27,2011-10-27,https://patents.google.com/patent/RU109663U1/en,
EP-2118509-B1,Electro-mechanical coupling actuator ,ZF Friedrichshafen AG,"Andreas Acker, Frank Miehle",2007-03-10,2008-02-27,2011-11-09,2011-11-09,https://patents.google.com/patent/EP2118509B1/en,https://patentimages.storage.googleapis.com/86/ec/68/717f5debbec894/imgf0001.png
KR-101087336-B1,Drive power switching device and method ,엘지엔시스(주),이응표,2009-07-01,2009-07-01,2011-11-25,2011-11-25,https://patents.google.com/patent/KR101087336B1/en,https://patentimages.storage.googleapis.com/e0/1b/06/7f8f87a5db975f/112009040234040-pat00001.png
CN-201944312-U,Electric orifice control valve ,上海美钻设备成套有限公司,黄河,2010-12-29,2010-12-29,2011-08-24,2011-08-24,https://patents.google.com/patent/CN201944312U/en,
RU-108513-U1,AUTO MODE MOVEMENT DEVICE ,"ОАО ""Транспневматика""","Александр Владимирович Авдеев, Владимир Александрович Батенков, Владимир Михайлович Елькин, Алексей Иванович Макаров, Александр Дмитриевич Надькин, Виктор Григорьевич Охотников",2010-12-02,2010-12-02,2011-09-20,2011-09-20,https://patents.google.com/patent/RU108513U1/en,
CN-202063115-U,Movable type car washing machine ,霍金光,霍金光,2011-05-05,2011-05-05,2011-12-07,2011-12-07,https://patents.google.com/patent/CN202063115U/en,https://patentimages.storage.googleapis.com/8a/0e/02/55f59aaab0b4d1/HDA0000059487260000011.png
ES-2368140-T3,VEHICLE WITH PROTECTION AGAINST THE EFFECT OF A GROUND MINE. ,Rheinmetall Landsysteme Gmbh,"Frank Hass, Eitel Runow",2004-02-11,2004-12-10,2011-11-14,2011-11-14,https://patents.google.com/patent/ES2368140T3/en,
RU-106420-U1,AUTOMATED AUTODROME ,"Государственное образовательное учреждение высшего профессионального образования ""Поволжский государственный университет телекоммуникаций и информатики""","Борис Яковлевич Лихтциндер, Анатолий Владимирович Мастянин, Леонид Яковлевич Пейсахович",2009-02-24,2009-02-24,2011-07-10,2011-07-10,https://patents.google.com/patent/RU106420U1/en,
CN-201714661-U,Intelligent control protection device for screw pump oil production device ,梁巍,"孟臣, 梁巍",2010-07-30,2010-07-30,2011-01-19,2011-01-19,https://patents.google.com/patent/CN201714661U/en,https://patentimages.storage.googleapis.com/c9/e8/e9/eba951cae2e22f/100730230335.png
CN-101664802-B,Ladle nozzle ,王峰,王峰,2009-09-29,2009-09-29,2011-02-09,2011-02-09,https://patents.google.com/patent/CN101664802B/en,https://patentimages.storage.googleapis.com/1f/8c/5f/ea247022130c82/H200910018463XE00011.png
ES-2349548-T3,PROCEDURE AND APPLIANCE TO REDUCE THE SLIDE OF MOTOR WHEELS. ,Iveco S.P.A.,Daniele Orlando,2004-12-23,2005-11-17,2011-01-04,2011-01-04,https://patents.google.com/patent/ES2349548T3/en,
JP-4832439-B2,Method and related apparatus for creating a setpoint for a transmission of a motor vehicle power unit adapted to a turning state ,ルノー・エス・アー・エス,"フレイデイリーク ルド, ジャーン ブレゾ, ヴァンサーン ヴェルミューズ",2004-09-10,2005-09-05,2011-12-07,2011-12-07,https://patents.google.com/patent/JP4832439B2/en,https://patentimages.storage.googleapis.com/c1/22/82/aba862e168d647/0004832439-2.png
AT-E499231-T1,METHOD FOR AUTOMATIC ENGAGEMENT/DISCONNECTION OF A CLUTCH DEPENDENT PTO SHAFT ,Volvo Lastvagnar Ab,"Marcus Steen, Lars Brathe, Anders Eriksson",2002-10-02,2003-09-08,2011-03-15,2011-03-15,https://patents.google.com/patent/ATE499231T1/en,
DE-60336154-D1,METHOD FOR AUTOMATIC PRESSURE RELEASE / RELEASE OF A CLUTCH-RELATED PTO ,Volvo Lastvagnar Ab,"Marcus Steen, Lars Brathe, Anders Eriksson",2002-10-02,2003-09-08,2011-04-07,2011-04-07,https://patents.google.com/patent/DE60336154D1/en,
JP-4690642-B2,Paper placement system having a plurality of support members detachably suspended from a plurality of guide members ,オセ−テクノロジーズ  ビーブイ,"ヨーハネス  マリア  ペーテルス ロヘル, レーレントフェルト ナンドー",2002-08-26,2003-08-15,2011-06-01,2011-06-01,https://patents.google.com/patent/JP4690642B2/en,https://patentimages.storage.googleapis.com/19/6f/a0/20e59f3c48dec5/0004690642-2.png
KR-101048171-B1,Order Processing Automation System Using Speech Recognition and Its Method ,주식회사 케이티,"김원우, 정영준",2003-03-11,2003-03-11,2011-07-08,2011-07-08,https://patents.google.com/patent/KR101048171B1/en,https://patentimages.storage.googleapis.com/b0/90/95/0c9a59da57e765/112003008512328-pat00001.png
KR-101041323-B1,Banknote Push Device of Financial Automation Machine ,노틸러스효성 주식회사,"박창호, 이건창, 이경태, 정의학",2005-12-30,2005-12-30,2011-06-14,2011-06-14,https://patents.google.com/patent/KR101041323B1/en,https://patentimages.storage.googleapis.com/af/db/32/5bb6ff574b198c/112005078509873-pat00001.png
AR-079042-A1,AUTOMATIC ELECTRICAL SYSTEM FOR TRUCK CANVAS COVER AND CLEANING ,"Torres Mauricio, Ozcariz Pablo",,2010-11-16,2010-11-16,2011-12-21,,https://patents.google.com/patent/AR079042A1/en,
US-2011056352-A1,Device for the Automated Cutting of Bread into Slices ,Baudouin Van Cauwenberghe,Baudouin Van Cauwenberghe,2003-10-02,2004-10-04,2011-03-10,,https://patents.google.com/patent/US20110056352A1/en,https://patentimages.storage.googleapis.com/cd/c6/33/8d412168b48f7d/US20110056352A1-20110310-D00000.png
BR-PI0620896-A2,a method for clutch release ,Volvo Lastvagnar Ab,"Svante Karlsson, Erik Lauri",2006-01-05,2006-01-05,2011-11-29,,https://patents.google.com/patent/BRPI0620896A2/en,
EP-1549523-B1,An automatic engaging/disengaging method of a coupling-dependent power take-off ,Volvo Lastvagnar Ab,"Marcus Steen, Lars Brathe, Anders Eriksson",2002-10-02,2003-09-08,2011-02-23,2011-02-23,https://patents.google.com/patent/EP1549523B1/en,https://patentimages.storage.googleapis.com/3c/62/ed/1d1371b595d024/imgf0001.png
DE-10347714-B4,Method for controlling a switching element in an automatic transmission or automatic transmission of a motor vehicle ,Zf Friedrichshafen Ag,Armin Dipl.-Ing. Gierling,2003-10-14,2003-10-14,2011-06-09,2011-06-09,https://patents.google.com/patent/DE10347714B4/en,
DE-19815666-B4,Method for operating an actuator for the automated actuation of a friction clutch and an automated manual transmission ,Zf Sachs Ag,"Jens Dorfschmid, Thomas John, Robert Seufert",1997-05-15,1998-04-08,2011-03-17,2011-03-17,https://patents.google.com/patent/DE19815666B4/en,https://patentimages.storage.googleapis.com/a8/37/14/ca0e2de2b3eca9/00230000.png
JP-4832440-B2,"Method and apparatus for creating a setpoint for a transmission of a motor vehicle power unit, adapted for at least one situation of a slope and a load ",ルノー・エス・アー・エス,"フレイデイリーク ルド, ジャーン ブレゾ, ヴァンサーン ヴェルミューズ",2004-09-10,2005-09-05,2011-12-07,2011-12-07,https://patents.google.com/patent/JP4832440B2/en,https://patentimages.storage.googleapis.com/09/f6/0d/8ea985decf6758/0004832440-2.png
CA-2453826-C,Device for image guided automated insertion of an elongated an elongated hollow needle to a desired location in an animal body for effecting radiation therapy of cancerous tissue ,"Nucletron B.V., Jan Jacob Wouter Lagendijk, Marinus Adriaan Moerland","Jan Jacob Wouter Lagendijk, Marinus Adriaan Moerland",2003-01-27,2003-12-22,2011-02-15,2011-02-15,https://patents.google.com/patent/CA2453826C/en,
US-7877185-B2,Method for producing a control setpoint adapted to a slope and/or load situation for a motor vehicle engine-transmission unit transmission device and corresponding device ,Renault S.A.S.,"Frederic Roudeau, Jean Bretheau, Vincent Vermuse",2004-09-10,2005-09-05,2011-01-25,2011-01-25,https://patents.google.com/patent/US7877185B2/en,https://patentimages.storage.googleapis.com/64/ed/7d/0c40b118ea93c2/US07877185-20110125-D00000.png
AT-E524778-T1,INTEGRATED CIRCUIT ,Nxp Bv,Matthias Muth,2002-11-09,2003-10-30,2011-09-15,2011-09-15,https://patents.google.com/patent/ATE524778T1/en,
AT-E499174-T1,ORBITAL WELDING DEVICE FOR PIPELINE CONSTRUCTION ,Vietz Gmbh,"Eginhard Vietz, Frank Vollertsen, Harald Kohn, Claus Thomy",2003-12-10,2004-12-10,2011-03-15,2011-03-15,https://patents.google.com/patent/ATE499174T1/en,
DE-502004012234-D1,ORBITAL WELDING DEVICE FOR PIPE CONSTRUCTION ,Vietz Gmbh,"Eginhard Werner Vietz, Frank Vollertsen, Harald Kohn, Claus Thomy",2003-12-10,2004-12-10,2011-04-07,,https://patents.google.com/patent/DE502004012234D1/en,
JP-4660656-B2,Method and apparatus for controlling clutch torque of an automated transmission clutch ,シェフラー  テクノロジーズ  ゲゼルシャフト  ミット  ベシュレンクテル  ハフツング  ウント  コンパニー  コマンディートゲゼルシャフト,"ベルガー ラインハルト, ヴェーバー トーマス",2004-04-06,2005-04-06,2011-03-30,2011-03-30,https://patents.google.com/patent/JP4660656B2/en,https://patentimages.storage.googleapis.com/e3/db/67/e3fac83c41e09d/0004660656-2.png
US-8007745-B2,Anti-clogging device and method for in-gel digestion applications ,Millipore Corporation,"Phillip Clark, Chris A. Scott, Marc Emerick, William Kopaciewicz, Donald B. Rising",2002-05-24,2002-05-24,2011-08-30,2011-08-30,https://patents.google.com/patent/US8007745B2/en,https://patentimages.storage.googleapis.com/31/9b/1b/71ef8a66dfd369/US08007745-20110830-D00000.png
EP-1662184-A3,Automated manual transmission control apparatus ,"AISIN AI Co., Ltd.",Takeshige c/o AISIN AI CO LTD Miyazaki,2004-11-30,2005-11-30,2011-02-23,,https://patents.google.com/patent/EP1662184A3/en,
EP-1563404-B1,Integrated circuit ,Nxp B.V.,Matthias Philips Int. Property & Stand. GmbH MUTH,2002-11-09,2003-10-30,2011-09-14,2011-09-14,https://patents.google.com/patent/EP1563404B1/en,https://patentimages.storage.googleapis.com/87/b8/d9/5f1ee9be0abd20/imgf0001.png
US-7933717-B2,Method for elaborating navigation parameters and vertical of a place ,"Federal State Institution “Federal Agency for Legal Protection of Military, Special and Dual Use Intellectual Activity Results” under the Ministry of Justice of the Russian Federation, Vladimir Aronovich Belenkiy",Vladimir Aronovich Belenkiy,2005-02-21,2005-12-21,2011-04-26,2011-04-26,https://patents.google.com/patent/US7933717B2/en,https://patentimages.storage.googleapis.com/b2/12/a8/9bee525cb351cf/US07933717-20110426-D00000.png
CN-1842439-B,Magnet device for magnetic levitation train ,蒂森克鲁伯快速运输有限公司,"S·埃尔曼, F·勒泽",2004-03-15,2005-03-09,2011-05-18,2011-05-18,https://patents.google.com/patent/CN1842439B/en,https://patentimages.storage.googleapis.com/c3/d9/c9/256e026ca42175/S05801016320060420E000011.png
DE-19952535-B4,Automated powershift transmission and method for controlling an automated powershift transmission ,"Volkswagen AG, 38440","Ansgar Dr. 38518 Damm, Jörg 38524 Fähland, Martin 38114 Wilken, Andreas 38442 Felske, Bernd 38176 Cappelmann",1999-10-30,1999-10-30,2011-07-28,2011-07-28,https://patents.google.com/patent/DE19952535B4/en,https://patentimages.storage.googleapis.com/1a/91/5e/1d537f27f0b942/00180000.png
CN-101065283-B,Method and system for verification of a data transmission unit for control of a travelling object ,西门子瑞士有限公司,R·施米德,2004-11-25,2005-10-25,2011-01-12,2011-01-12,https://patents.google.com/patent/CN101065283B/en,https://patentimages.storage.googleapis.com/0d/09/89/30b1db6208875f/H05840460620070529E000011.png
DE-60335877-D1,MOTOR VEHICLE WITH AUTOMATIC GEARBOX ,Volvo Lastvagnar Ab,"Marcus Steen, Anders Eriksson",2002-05-16,2003-05-08,2011-03-10,2011-03-10,https://patents.google.com/patent/DE60335877D1/en,
AT-E497118-T1,MOTOR VEHICLE WITH AUTOMATIC TRANSMISSION ,Volvo Lastvagnar Ab,"Marcus Steen, Anders Eriksson",2002-05-16,2003-05-08,2011-02-15,2011-02-15,https://patents.google.com/patent/ATE497118T1/en,
AT-E501885-T1,GEAR CHANGE PROCEDURE FOR VEHICLES WITH ENGAGED CLUTCH-DEPENDENT PTO ,Volvo Lastvagnar Ab,"Svante Karlsson, Erik Lauri, Marcus Steen",2003-01-14,2004-01-14,2011-04-15,2011-04-15,https://patents.google.com/patent/ATE501885T1/en,
DE-602004031819-D1,GEAR CHANGING PROCEDURE FOR VEHICLES WITH INCLUDED COUPLING-DEPENDENT AUXILIARY POWER ,Volvo Lastvagnar Ab,"Svante Karlsson, Erik Lauri, Marcus Steen",2003-01-14,2004-01-14,2011-04-28,,https://patents.google.com/patent/DE602004031819D1/en,
ES-2349425-T3,PROCEDURE FOR CONTROLLING THE DECOOPLATION OF AN AUTOMATIC CLUTCH IN A VEHICLE. ,Volvo Lastvagnar Ab,"Erik Lauri, Svante Karlsson, Helene Panagopoulos",2006-01-05,2006-01-05,2011-01-03,2011-01-03,https://patents.google.com/patent/ES2349425T3/en,
DE-602005026592-D1,METHOD FOR DETECTING A CLUTCH CYLINDER LEAKAGE ,Volvo Lastvagnar Ab,"Svante Karlsson, Lars Karlsson, Erik Lauri",2005-12-15,2005-12-15,2011-04-07,,https://patents.google.com/patent/DE602005026592D1/en,
AT-E499533-T1,METHOD FOR DETECTING CLUTCH CYLINDER LEAKAGE ,Volvo Lastvagnar Ab,"Svante Karlsson, Lars Karlsson, Erik Lauri",2005-12-15,2005-12-15,2011-03-15,2011-03-15,https://patents.google.com/patent/ATE499533T1/en,
US-7963017-B2,"Method for tightening a screwed joint on a component in an automated manner, and suitable industrial robot system ",Daimler Ag,"Jürgen Ehleiter, Willi Klumpp, Uwe Pfister, Thomas Prager, Michael Schunko",2003-11-19,2004-10-29,2011-06-21,2011-06-21,https://patents.google.com/patent/US7963017B2/en,https://patentimages.storage.googleapis.com/d5/8a/8f/561af3864b41ad/US07963017-20110621-D00000.png
AT-E528166-T1,POWER SUPPLY SYSTEM FOR AN ELECTRICALLY DRIVEN VEHICLE ,Alstom Transport Sa,Philippe Gibard,1998-08-28,1999-08-13,2011-10-15,2011-10-15,https://patents.google.com/patent/ATE528166T1/en,
DE-602004031132-D1,METHOD FOR REGULATING THE SPEED FOR A COUPLING INDEPENDENT PTO ,Volvo Lastvagnar Ab,"Marcus Steen, Sixten Berglund, Anders Eriksson",2003-09-24,2004-09-21,2011-03-03,,https://patents.google.com/patent/DE602004031132D1/en,
AT-E495942-T1,METHOD FOR CONTROLLING THE SPEED OF A CLUTCH-INDEPENDENT PTO ,Volvo Lastvagnar Ab,"Marcus Steen, Sixten Berglund, Anders Eriksson",2003-09-24,2004-09-21,2011-02-15,2011-02-15,https://patents.google.com/patent/ATE495942T1/en,
ES-2360719-T3,METHOD FOR DETECTING LOSSES IN A CLUTCH CYLINDER. ,Volvo Lastvagnar Ab,"Svante Karlsson, Lars Karlsson, Erik Lauri",2005-12-15,2005-12-15,2011-06-08,2011-06-08,https://patents.google.com/patent/ES2360719T3/en,
EP-1971783-B1,Method for detecting clutch cylinder leakage ,Volvo Lastvagnar AB,"Svante Karlsson, Lars Karlsson, Erik Lauri",2005-12-15,2005-12-15,2011-02-23,2011-02-23,https://patents.google.com/patent/EP1971783B1/en,https://patentimages.storage.googleapis.com/aa/fc/21/fd71b89a884380/imgf0001.png
EP-1667868-B1,Method for regulating the rotational speed of a clutch-independent power take-off ,Volvo Lastvagnar Ab,"Marcus Steen, Sixten Berglund, Anders Eriksson",2003-09-24,2004-09-21,2011-01-19,2011-01-19,https://patents.google.com/patent/EP1667868B1/en,https://patentimages.storage.googleapis.com/ed/74/20/50fa304b0c701b/imgf0001.png
CA-2379113-C,Method and device for charging several electrochemical cells ,"Electricite De France- Service National, Stephane Lascaud, Eric Baudoin, Eric Bettega, Michel Barrault, Schneider Electric Industries S.A.","Stephane Lascaud, Eric Baudoin, Eric Bettega, Michel Barrault",1999-07-12,2000-06-21,2011-01-11,2011-01-11,https://patents.google.com/patent/CA2379113C/en,
EP-2385502-A1,Digitisation method of the information contained in analogue tachographs ,"Guretruck, S.L., Vicomtech, Visual Interaction Communication Technologies","Jokin Santurde López, Luis Unzueta Irurtia, Jose Javier Barandiaran Martirena",2010-05-04,2010-05-04,2011-11-09,,https://patents.google.com/patent/EP2385502A1/en,https://patentimages.storage.googleapis.com/6b/67/fa/877aade28438d5/imgf0001.png
JP-2011254105-A,"Optical transmission system, optical transmission module, and electronic device ","Omron Corp, オムロン株式会社","Akira Enami, 顕 榎並, Toshiaki Okuno, 敏明 奥野, Akihiko Sano, 彰彦 佐野, Yoshihisa Ishida, 慶久 石田, Junichiro Yamada, 潤一郎 山田, Naru Yasuda, 成留 安田, Hayami Hosokawa, 速美 細川",2011-09-05,2011-09-05,2011-12-15,,https://patents.google.com/patent/JP2011254105A/en,https://patentimages.storage.googleapis.com/9e/46/d0/cc9091286753b7/2011254105-3.png
WO-2011149380-A1,Distributed system for the control of passenger car equipment ,"Общество С Ограниченной Ответственностью ""Авп Технология""","Александр Львович ДОНСКОЙ, Яков Израильевич ШУР, Александр Николаевич ЖУКОВ",2010-05-27,2011-04-14,2011-12-01,,https://patents.google.com/patent/WO2011149380A1/en,
WO-2011113817-A1,System for monitoring vehicle traffic on a route and method of operation of such a system ,Capsys,Jean-Pierre Ancelin,2010-03-19,2011-03-15,2011-09-22,,https://patents.google.com/patent/WO2011113817A1/en,
GB-2474025-A,Reducing the sensitivity of the alert system of a mobile hydrogen storage system during refueling to reduce false alarms ,Gm Global Tech Operations Inc,"Bernhard Mueller, Thomas Weispfenning, Roland Nolte, Holger Winkelmann",2009-09-30,2009-09-30,2011-04-06,,https://patents.google.com/patent/GB2474025A/en,
JP-2011062218-A,Technique of constructing auxiliary bio-heart using frozen blood vessel ,"Jichi Medical Univ, 学校法人自治医科大学, Tokyo Women's Medical College, 学校法人東京女子医科大学, Otsuka Pharmaceut Factory Inc, 株式会社大塚製薬工場","Eiji Kobayashi, 英司 小林, Kenjiro Konno, 兼次郎 今野, Mitsuo Okano, 光夫 岡野, Tatsuya Shimizu, 達也 清水, Shuichi Sekine, 秀一 関根",2008-01-15,2008-01-15,2011-03-31,,https://patents.google.com/patent/JP2011062218A/en,
KR-20110020439-A,Financial Automation Equipment ,노틸러스효성 주식회사,"김기진, 윤현진",2009-08-24,2009-08-24,2011-03-03,,https://patents.google.com/patent/KR20110020439A/en,https://patentimages.storage.googleapis.com/ad/29/7d/4fa4fb3a596b31/112009051552843-PAT00001.png
KR-20110041592-A,Automotive Navigation System ,주식회사 파인디지털,최재오,2009-10-16,2009-10-16,2011-04-22,,https://patents.google.com/patent/KR20110041592A/en,https://patentimages.storage.googleapis.com/14/6b/80/a4d6c1375c15ee/112009063348311-PAT00001.png
KR-20110070004-A,Location recognition method and robot ,"한국전자통신연구원, 에스케이 텔레콤주식회사","정지훈, 이재영, 유상원, 유원필",2009-12-18,2009-12-18,2011-06-24,,https://patents.google.com/patent/KR20110070004A/en,https://patentimages.storage.googleapis.com/a0/e8/51/e2fc9b2402098c/112009078377049-PAT00006.png
KR-20110105442-A,Vibration touch panel of financial automation equipment and its operation method ,노틸러스효성 주식회사,"고명환, 강현국",2010-03-19,2010-03-19,2011-09-27,,https://patents.google.com/patent/KR20110105442A/en,https://patentimages.storage.googleapis.com/04/7f/4c/ec9054ffa27215/pat00001.png
KR-20110000788-U,Bicycle registration plate. ,신민석,신민석,2009-07-17,2009-07-17,2011-01-25,,https://patents.google.com/patent/KR20110000788U/en,https://patentimages.storage.googleapis.com/90/79/a0/29bb2ea633b911/112009043494692-UTM00002.png
KR-20110088630-A,Multi-forming machine ,(주)에버닉스,정태영,2010-01-29,2010-01-29,2011-08-04,,https://patents.google.com/patent/KR20110088630A/en,https://patentimages.storage.googleapis.com/c4/e9/df/366807f18e079b/pat00001.png
KR-20110093365-A,Media Separation Device of Financial Automation Equipment ,노틸러스효성 주식회사,"이원준, 차진환, 이동식, 임경빈",2010-02-12,2010-02-12,2011-08-18,,https://patents.google.com/patent/KR20110093365A/en,https://patentimages.storage.googleapis.com/d9/bc/dd/da93b28e881edb/pat00001.png
KR-20110092831-A,Media Separation Device of Financial Automation Equipment ,노틸러스효성 주식회사,"차진환, 이원준, 이동식, 임경빈",2010-02-10,2010-02-10,2011-08-18,,https://patents.google.com/patent/KR20110092831A/en,https://patentimages.storage.googleapis.com/33/31/4b/6ea5cd8634c587/pat00001.png
KR-20110001404-U,Sialti outer pin counting and automatic visual inspection device and its use ,김교월,김교월,2009-08-03,2009-08-03,2011-02-10,,https://patents.google.com/patent/KR20110001404U/en,https://patentimages.storage.googleapis.com/f9/9b/d6/adfad8077ad618/112009047383817-UTM00011.png
CN-102253250-A,Driving chip contact type probe unit for checking liquid crystal display (LCD) ,卢肯技术株式会社,安玧泰,2010-05-17,2010-05-17,2011-11-23,,https://patents.google.com/patent/CN102253250A/en,https://patentimages.storage.googleapis.com/34/1c/58/9d988a8ac9f21b/HSA00000103669400011.png
CN-102155848-A,Tunnel type sintering system for crucible ,维苏威太阳能坩埚(苏州)有限公司,"唐修亮, 丁荣勇, 姜丹锋",2010-12-14,2010-12-14,2011-08-17,,https://patents.google.com/patent/CN102155848A/en,https://patentimages.storage.googleapis.com/04/8a/47/68562bedd1c45c/HSA00000385093900011.png
KR-20110089563-A,Terminal device for issuing licenses for programs installed in automatic teller machines ,노틸러스효성 주식회사,조인성,2010-02-01,2010-02-01,2011-08-09,,https://patents.google.com/patent/KR20110089563A/en,https://patentimages.storage.googleapis.com/61/08/57/c5d30353089294/pat00001.png
GB-2474063-A,Cover for skip containers ,"Steve William Hines, Daniel Lawrence Watson","Steve William Hines, Daniel Lawrence Watson",2009-10-03,2009-10-03,2011-04-06,,https://patents.google.com/patent/GB2474063A/en,
DE-102010014098-A1,Method for operating a drive train of a motor vehicle when starting ,"Conti Temic Microelectronic Gmbh, Daimler Ag","Stephan Burger, Peter Ginal",2010-04-07,2010-04-07,2011-10-13,,https://patents.google.com/patent/DE102010014098A1/en,https://patentimages.storage.googleapis.com/93/a1/10/990623b3968d3d/00090000.png
AT-E532983-T1,ELECTROMECHANICAL CLUTCH ACTUATOR ,Zahnradfabrik Friedrichshafen,"Andreas Acker, Frank Miehle",2007-03-10,2008-02-27,2011-11-15,2011-11-15,https://patents.google.com/patent/ATE532983T1/en,
RU-101572-U8,MOBILE COMPLEX FOR RADIOACTIVE WASTE MANAGEMENT ,"Общество с ограниченной ответственностью ""Энерготрансмаш""","Артур Эдуардович Арустамов, Дмитрий Рудольфович Васендин, Сергей Юрьевич Цветков, Ольга Владимировна Черникова, Артем Александрович Гончаров, Ирина Юрьевна Соломатина, Владислав Александрович Минаков",2010-08-25,2010-08-25,2011-04-20,2011-04-20,https://patents.google.com/patent/RU101572U8/en,
JO-2590-B1,Light-Assisted Path Planning ,الجامعة الأردنية,فايق حوا محمد,2009-12-10,2009-12-10,2011-02-27,2011-02-27,https://patents.google.com/patent/JO2590B1/en,
ES-2358972-A1,"Urban furniture cleaning assembly. (Machine-translation by Google Translate, not legally binding) ","Jesus M. Martinez Ochoa, Jose M. Losa","Jesus M. Martinez Ochoa, Jose M. Losa",2008-02-21,2008-02-21,2011-05-17,,https://patents.google.com/patent/ES2358972A1/en,
CN-102252066-A,Special planetary automated mechanical transmission (AMT) ,罗元月,罗元月,2011-07-21,2011-07-21,2011-11-23,,https://patents.google.com/patent/CN102252066A/en,https://patentimages.storage.googleapis.com/1a/6b/c7/294f8656deb8e1/110721113919.png
SK-1112011-U1,Cable trolley with autonomous drive and method ,"Štefan Ilčík, Miloslav Štollmann","Štefan Ilčík, Miloslav Štollmann",2011-06-28,2011-06-28,2011-10-04,,https://patents.google.com/patent/SK1112011U1/en,
DE-102011103773-A1,Method for controlling an automated friction clutch ,Schaeffler Technologies Gmbh & Co. Kg,"Ulrich Neuberth, Michael Reuschel",2010-06-29,2011-06-09,2011-12-29,,https://patents.google.com/patent/DE102011103773A1/en,
CR-20110315-U,AUTONOMOUS POWER GENERATOR ,Saenz Vindas Johan,Saenz Vindas Johan,2011-06-07,2011-06-07,2011-07-29,,https://patents.google.com/patent/CR20110315U/en,
UA-65520-U,Infrared gas sensor ,"Микола Макарович Когут, Владимир Валентинович Севастьянов, Николай Николаевич Шаран","Микола Макарович Когут, Владимир Валентинович Севастьянов, Николай Николаевич Шаран",2011-05-10,2011-05-10,2011-12-12,,https://patents.google.com/patent/UA65520U/en,
UA-64966-U,Rendering multimedia and navigational and information service system ,Сергей Николаевич Яшник,Сергей Николаевич Яшник,2011-04-18,2011-04-18,2011-11-25,,https://patents.google.com/patent/UA64966U/en,
UA-64434-U,Autonomous emergency lighting system of road tunnel ,"Таврический Государственный Агротехнологический Университет, Малая Академия Учащейся Молодежи","Виктор Яковлевич Жарков, Владислав Олегович Селеткин, Михаил Викторович Михайлик",2011-04-04,2011-04-04,2011-11-10,,https://patents.google.com/patent/UA64434U/en,
UA-60926-U,Method of preparing and launching missile with suspended tanks from a floating missile complex ,"Александр Викторович Дегтярев, Евгений Дмитриевич Ерис, Александр Павлович Кушнарев, Николай Гаврилович Литвин, Андрей Александрович Мокин, Александр Васильевич Мокин","Александр Викторович Дегтярев, Евгений Дмитриевич Ерис, Александр Павлович Кушнарев, Николай Гаврилович Литвин, Андрей Александрович Мокин, Александр Васильевич Мокин",2011-03-09,2011-03-09,2011-06-25,,https://patents.google.com/patent/UA60926U/en,
RO-123307-B1,Electrical apparatus with an autonomous energy source for sampling powders from industrial spaces prone to forming an explosive atmosphere ,Institutul Naţional Pentru Securitate Minieră Şi Protecţie Antiexplozivă - Insemex Petroşani,"Spiridon Simion, Ladislau Kovacs, Dragoş Vasilescu, Tiberiu Csaszar",2003-04-08,2003-04-08,2011-06-30,,https://patents.google.com/patent/RO123307B1/en,
BG-1468-U1,A mobile advertising facility ,Димитър ГОСПОДИНОВ,Димитър ГОСПОДИНОВ,2010-12-23,2010-12-23,2011-07-29,,https://patents.google.com/patent/BG1468U1/en,
BR-PI0903785-A2,regenerative vacuum cleaner and cleaning vehicle ,Wilson Molina Ribas,Wilson Molina Ribas,2009-06-05,2009-06-05,2011-03-01,,https://patents.google.com/patent/BRPI0903785A2/en,
CN-102042187-A,KGDPI electricity generating device ,赵万香,赵万香,2009-10-21,2009-10-21,2011-05-04,,https://patents.google.com/patent/CN102042187A/en,https://patentimages.storage.googleapis.com/e9/2e/01/d9788d827a14c1/H2009102328700E0000011.png
RO-126228-A2,Installation used for storing compressed air in vessels for double-effect pneumatic engines and for other works in industry ,Alexandru Roşu,Alexandru Roşu,2007-11-16,2007-11-16,2011-04-29,,https://patents.google.com/patent/RO126228A2/en,
BR-PI0904341-A2,front deflector ,Francisco Carlos Pedrotti,Francisco Carlos Pedrotti,2009-10-30,2009-10-30,2011-06-28,,https://patents.google.com/patent/BRPI0904341A2/en,
RO-126858-A2,GRAVITATIVE AUTOMATIC GENERATOR FOR MECHANICAL MACHINERY ,"Constantin Cotigă, Anghel Constantin Cotigă, Gheorghe Cristea","Constantin Cotigă, Anghel Constantin Cotigă, Gheorghe Cristea",2010-05-12,2010-05-12,2011-11-30,,https://patents.google.com/patent/RO126858A2/en,
BR-MU8902974-U2,"power management module for trip computer, trackers, locators and alarms ","Edno Gentilho Jr, Franca Daniel Correa Jr, Almeida Danilo Estevao De","Edno Gentilho Jr, Franca Daniel Correa Jr, Almeida Danilo Estevao De",2009-11-17,2009-11-17,2011-07-12,,https://patents.google.com/patent/BRMU8902974U2/en,
FR-2957708-A1,VEHICLE TRAFFIC MONITORING SYSTEM ON A COURSE AND METHOD FOR OPERATING SUCH A SYSTEM ,Capsys,Jean-Pierre Ancelin,2010-03-19,2010-03-19,2011-09-23,,https://patents.google.com/patent/FR2957708A1/en,
BR-PI0901490-A2,root picker equipment ,"Marcos Redmann, Valdemar Redmann","Valdemar Redmann, Marcos Redmann",2009-05-15,2009-05-15,2011-01-18,,https://patents.google.com/patent/BRPI0901490A2/en,
BR-MU8902958-U2,"automated motorcycle, quad and jet ski trailer ",Claudio Ribeiro Do Nascimento,Claudio Ribeiro Do Nascimento,2009-06-08,2009-06-08,2011-02-01,,https://patents.google.com/patent/BRMU8902958U2/en,
BR-PI0903980-A2,vehicle lift platform ,Sammetal Metalurgica Ltda,Reis Adilson Candido Dos,2009-10-08,2009-10-08,2011-06-07,,https://patents.google.com/patent/BRPI0903980A2/en,
BR-PI0905512-A2,electrokinetic motorcycle ,Santos Reginaldo Abdon Dos,Santos Reginaldo Abdon Dos,2009-12-21,2009-12-21,2011-08-23,,https://patents.google.com/patent/BRPI0905512A2/en,
PT-10602-U,EXTERNAL CONDUCT FOR THE USE OF AERODYNAMIC PRESSURE IN ELECTRIC VEHICLES ,Allwinmob Lda,Alvaro Manuel Pimenta Vaquer De Pinho,2010-07-21,2010-07-21,2011-07-25,,https://patents.google.com/patent/PT10602U/en,
RO-126556-A2,SERVOIRING AUTONOMY DEVICE ,Inoe 2000 - Institutul De Cercetări Pentru Hidraulică Şi Pneumatică,Niculae Ioniţă,2008-02-26,2008-02-26,2011-08-30,,https://patents.google.com/patent/RO126556A2/en,
FR-2960006-A1,"Method for replacing e.g. ballast such as rail, involves performing clearing operation of ballast by ballast clearing vehicle that evacuates dirt extracted from dirt transport wagons circulating on side track along work track ",Delcourt Ferroviaire Dfc,Guy Delcourt,2010-05-17,2010-05-17,2011-11-18,,https://patents.google.com/patent/FR2960006A1/en,
ES-1075292-U,"Device for detection and extinction of forest fires. (Machine-translation by Google Translate, not legally binding) ",Raúl EXPOSITO BARROSO,Raúl EXPOSITO BARROSO,2010-04-21,2010-04-21,2011-09-13,,https://patents.google.com/patent/ES1075292U/en,
BR-PI0903448-A2,biometric control for motor vehicles ,"Araujo Rubem Artur Rodrigues De, Araujo Luiz Fernando Rodrigues De","Araujo Rubem Artur Rodrigues De, Araujo Luiz Fernando Rodrigues De",2009-08-17,2009-08-17,2011-05-10,,https://patents.google.com/patent/BRPI0903448A2/en,
BG-66135-B1,Centrifugal-flow gas turbine engine ,Петър РИЗОВ,Петър РИЗОВ,2007-03-30,2007-03-30,2011-06-30,,https://patents.google.com/patent/BG66135B1/en,
RU-2010111882-A,SPRAY-TRIGGER WITH BATTERY (MULTIFUNCTIONAL) ,"Андрей Львович Морозов (RU), Андрей Львович Морозов","Андрей Львович Морозов (RU), Андрей Львович Морозов",2010-03-30,2010-03-30,2011-10-10,,https://patents.google.com/patent/RU2010111882A/en,
RU-2009135479-A,METHOD FOR CAR HEATING ,"Александр Иванович Кисель (RU), Александр Иванович Кисель","Александр Иванович Кисель (RU), Александр Иванович Кисель",2009-09-23,2009-09-23,2011-03-27,,https://patents.google.com/patent/RU2009135479A/en,
RU-2010125300-A,METHOD FOR IDENTIFICATION OF TEST ORDER NUMBER ON AUTOMATED ROAD ,"Государственное образовательное учреждение высшего профессионального образования ""Поволжский государственный университет телекомму, Государственное образовательное учреждение высшего профессионального образования ""Поволжский государственный университет телекоммуникаций и информатики"" (ГОУ ВПО ПГУТИ)","Борис Яковлевич Лихтциндер (RU), Борис Яковлевич Лихтциндер, Валерий Валерьевич Вязмитинов (RU), Валерий Валерьевич Вязмитинов",2010-06-18,2010-06-18,2011-12-27,,https://patents.google.com/patent/RU2010125300A/en,
EP-2147841-A3,Method for controlling an automated drive ,ZF Friedrichshafen AG,"Wilhelm Moser, Rachid Mansour",2008-07-24,2009-06-23,2011-10-05,,https://patents.google.com/patent/EP2147841A3/en,
UA-59221-U,Movable device for hammer speedup with control of velocity ,Национальный Авиационный Университет,"Вячеслав Валентинович Астанин, Анна Алексеевна Щегель",2010-10-07,2010-10-07,2011-05-10,,https://patents.google.com/patent/UA59221U/en,
RU-2010123532-A,VEHICLE TOILET CLEANING COMPLEX ,"Общество с ограниченной ответственностью ""Промышленные вакуумные системы"" (RU), Общество с ограниченной ответственностью ""Промышленные вакуумные системы""","Виктор Соломонович Душкин (RU), Виктор Соломонович Душкин, Яков Михайлович Зерецер (RU), Яков Михайлович Зерецер, Елена Владимировна Злоказова (RU), Елена Владимировна Злоказова",2010-06-10,2010-06-10,2011-12-20,,https://patents.google.com/patent/RU2010123532A/en,
CO-6290097-A1,MOBILE DISTILLER FOR THE EXTRACTION OF ESSENTIAL OILS BY THE METHODS OF HYDRODESTILATION AND WATER-VAPOR ,Cenivam,"Collazos Edwin Fernando Galindo, Elena Stashenko, Arocha Omar Armando Gelvez, Morales Jairo Rene Martinez",2009-12-03,2009-12-03,2011-06-20,,https://patents.google.com/patent/CO6290097A1/en,
RU-2010113239-A,METHOD FOR MANAGING A TOWING OF DRIVING WHEELS OF A VEHICLE ,"Государственное научное учреждение ""Объединенный институт машиностроения Национальной академии наук Беларуси"" (BY), Государственное Научное Учреждение ""Объединенный Институт Машиностроения Национальной Академии Наук Беларуси""","Михаил Степанович Высоцкий (BY), Михаил Степанович Высоцкий, Дмитрий Александрович Дубовик (BY), Дмитрий Александрович Дубовик, Михаил Михайлович Белоус (BY), Михаил Михайлович Белоус, Иван Васильевич Бурдыкин (BY), Иван Васильевич Бурдыкин, Михаил Абрамович Чернин (BY), Михаил Абрамович Чернин",2010-04-05,2010-04-05,2011-10-10,,https://patents.google.com/patent/RU2010113239A/en,
GR-20090100348-A,System for the management of a fleet of electrically-operated passenger vehicles via magnetic cards ,Γεωργιος Χασαπης,Γεωργιος Χασαπης,2009-06-22,2009-06-22,2011-01-19,,https://patents.google.com/patent/GR20090100348A/en,
RU-2009131972-A,PACKAGING FOR CARGO IN THE BODY OF THE VEHICLE ,"Денис Евгеньевич Латышев (RU), Денис Евгеньевич Латышев","Денис Евгеньевич Латышев (RU), Денис Евгеньевич Латышев",2009-08-24,2009-08-24,2011-02-27,,https://patents.google.com/patent/RU2009131972A/en,
UA-56121-U,Autonomous main unit ,"Государственное Предприятие ""Конструкторское Бюро ""Южное"" Им. М.К.Янгеля""","Анатолий Михайлович Кулигин, Галина Никитична Шаповалова, Людмила Валерьевна Багмут",2007-08-06,2007-08-06,2011-01-10,,https://patents.google.com/patent/UA56121U/en,
PT-10602-T,OBTAINING ELECTRICAL ENERGY FOR LOADING BATTERIES OF AUTOMOBILE VEHICLES THROUGH AERODYNAMIC PRESSURE BY SEMI-OUTER TUNNEL ,Allwinmob Lda,Alvaro Manuel Pimenta Vaquer De Pinho,2010-07-21,2010-07-21,2011-01-21,,https://patents.google.com/patent/PT10602T/en,
RU-2010108391-A,MULTI-TIRE MECHANIZED PARKING PLACE ,"Александр Иванович Шарапов (RU), Александр Иванович Шарапов","Александр Иванович Шарапов (RU), Александр Иванович Шарапов",2010-03-10,2010-03-10,2011-09-20,,https://patents.google.com/patent/RU2010108391A/en,
TH-107977-A,Car lift robot of automatic parking system ,,จรูญสิริพันธ์ นายพุทธิพงษ์,,2009-01-16,2011-05-20,,https://patents.google.com/patent/TH107977A/en,
GR-1007365-B,System for the management of a fleet of electrically-operated passenger vehicles via magnetic cards ,Γεωργιος Χασαπης,Γεωργιος Χασαπης,2009-06-22,2009-06-22,2011-08-02,,https://patents.google.com/patent/GR1007365B/en,
UA-93534-C2,Devices for dilution of viscous products ,"Леонид Петрович Котляренко, Валерий Николаевич Никулин, Руслан Александрович Михайлов, Егор Игоревич Осаулко","Леонид Петрович Котляренко, Валерий Николаевич Никулин, Руслан Александрович Михайлов, Егор Игоревич Осаулко",2008-07-17,2008-07-17,2011-02-25,,https://patents.google.com/patent/UA93534C2/en,
UA-60714-U,Power supply system of electric lighting of car ,Днепропетровский Национальный Университет Железнодорожного Транспорта Имени Академика В.Лазаряна,"Александр Николаевич Пшинько, Сергей Витальевич Мямлин, Юрий Викторович Кебал, Владимир Александрович Рябоконь",2010-12-13,2010-12-13,2011-06-25,,https://patents.google.com/patent/UA60714U/en,
UA-61045-U,Electric- driven welder ,Национальный Университет Кораблестроения Имени Адмирала Макарова,"Геннадий Викторович Павлов, Андрей Валерьевич Обрубов, Михаил Владимирович Покровский, Елена Владимировна Никитина, Тимофей Владимирович Щербинин",2010-11-23,2010-11-23,2011-07-11,,https://patents.google.com/patent/UA61045U/en,
RU-2009143767-A,AUTOMATED MANAGEMENT SYSTEM IN MOTOR TRANSPORT ,"Александр Иванович Пяткин (RU), Александр Иванович Пяткин","Александр Иванович Пяткин (RU), Александр Иванович Пяткин",2009-11-27,2009-11-27,2011-06-10,,https://patents.google.com/patent/RU2009143767A/en,
RU-2009137683-A,MOBILE GAS WELDING POST ,"Макаров Петр Павлович (RU), Макаров Петр Павлович",,2009-10-12,2009-10-12,2011-04-20,,https://patents.google.com/patent/RU2009137683A/en,
UA-62618-U,Device for automated control of wagon retarder ,Владимир Михайлович Снитовский,"Владимир Семенович Бойко, Сергей Анатольевич Матвиенков, Владимир Михайлович Снитовский",2010-12-28,2010-12-28,2011-09-12,,https://patents.google.com/patent/UA62618U/en,
AR-078941-A1,TENSION EQUIPMENT FOR ANCHORAGE OF MASS AND TOWER TOWERS ,Torrico Carlos Alberto,,2010-11-08,2010-11-08,2011-12-14,,https://patents.google.com/patent/AR078941A1/en,
GR-1007373-B,Method for the development of voluntaristic computational architecture ,Θεοφανης Ελευθεριου Ραπτης,Θεοφανης Ελευθεριου Ραπτης,2010-09-09,2010-09-09,2011-08-16,,https://patents.google.com/patent/GR1007373B/en,
RU-2010115749-A,"MOTRIS ELECTRIC ON THE RAILWAY, TRACK 1520 MM ","Владимир Гарольдович Рейнгардт (RU), Владимир Гарольдович Рейнгардт, Юрий Фёдорович Темников (RU), Юрий Фёдорович Темников","Владимир Гарольдович Рейнгардт (RU), Владимир Гарольдович Рейнгардт, Юрий Фёдорович Темников (RU), Юрий Фёдорович Темников",2010-04-20,2010-04-20,2011-10-27,,https://patents.google.com/patent/RU2010115749A/en,
